mode: set
github.com/MarkWestbroek/Bitemporal_2026/bitemporal_go_API_v05/routes/addroutes.go:14.36,71.2 17 1
github.com/MarkWestbroek/Bitemporal_2026/bitemporal_go_API_v05/routes/addroutes_helper.go:11.48,13.43 2 1
github.com/MarkWestbroek/Bitemporal_2026/bitemporal_go_API_v05/routes/addroutes_helper.go:13.43,15.3 1 1
github.com/MarkWestbroek/Bitemporal_2026/bitemporal_go_API_v05/routes/addroutes_helper.go:16.2,18.37 2 1
github.com/MarkWestbroek/Bitemporal_2026/bitemporal_go_API_v05/routes/addroutes_helper.go:18.37,20.57 2 1
github.com/MarkWestbroek/Bitemporal_2026/bitemporal_go_API_v05/routes/addroutes_helper.go:20.57,21.12 1 0
github.com/MarkWestbroek/Bitemporal_2026/bitemporal_go_API_v05/routes/addroutes_helper.go:24.3,27.67 4 1
github.com/MarkWestbroek/Bitemporal_2026/bitemporal_go_API_v05/routes/addroutes_helper.go:31.52,33.43 2 1
github.com/MarkWestbroek/Bitemporal_2026/bitemporal_go_API_v05/routes/addroutes_helper.go:33.43,35.3 1 1
github.com/MarkWestbroek/Bitemporal_2026/bitemporal_go_API_v05/routes/addroutes_helper.go:36.2,38.37 2 1
github.com/MarkWestbroek/Bitemporal_2026/bitemporal_go_API_v05/routes/addroutes_helper.go:38.37,40.126 2 1
github.com/MarkWestbroek/Bitemporal_2026/bitemporal_go_API_v05/routes/addroutes_helper.go:40.126,41.12 1 1
github.com/MarkWestbroek/Bitemporal_2026/bitemporal_go_API_v05/routes/addroutes_helper.go:44.3,47.71 4 1
github.com/MarkWestbroek/Bitemporal_2026/bitemporal_go_API_v05/main.go:27.13,34.52 6 0
github.com/MarkWestbroek/Bitemporal_2026/bitemporal_go_API_v05/main.go:34.52,36.3 1 0
github.com/MarkWestbroek/Bitemporal_2026/bitemporal_go_API_v05/main.go:39.2,40.16 2 0
github.com/MarkWestbroek/Bitemporal_2026/bitemporal_go_API_v05/main.go:40.16,43.3 2 0
github.com/MarkWestbroek/Bitemporal_2026/bitemporal_go_API_v05/main.go:44.2,49.16 4 0
github.com/MarkWestbroek/Bitemporal_2026/bitemporal_go_API_v05/main.go:49.16,52.3 2 0
github.com/MarkWestbroek/Bitemporal_2026/bitemporal_go_API_v05/main.go:53.2,56.25 2 0
github.com/MarkWestbroek/Bitemporal_2026/bitemporal_go_API_v05/main.go:56.25,60.3 1 0
github.com/MarkWestbroek/Bitemporal_2026/bitemporal_go_API_v05/main.go:63.2,64.16 2 0
github.com/MarkWestbroek/Bitemporal_2026/bitemporal_go_API_v05/main.go:64.16,67.3 2 0
github.com/MarkWestbroek/Bitemporal_2026/bitemporal_go_API_v05/main.go:69.2,77.14 4 0
github.com/MarkWestbroek/Bitemporal_2026/bitemporal_go_API_v05/main.go:81.28,83.16 2 0
github.com/MarkWestbroek/Bitemporal_2026/bitemporal_go_API_v05/main.go:83.16,85.3 1 0
github.com/MarkWestbroek/Bitemporal_2026/bitemporal_go_API_v05/main.go:88.33,90.2 1 0
github.com/MarkWestbroek/Bitemporal_2026/bitemporal_go_API_v05/main.go:92.31,95.2 2 0
github.com/MarkWestbroek/Bitemporal_2026/bitemporal_go_API_v05/main.go:97.37,98.42 1 1
github.com/MarkWestbroek/Bitemporal_2026/bitemporal_go_API_v05/main.go:98.42,100.3 1 1
github.com/MarkWestbroek/Bitemporal_2026/bitemporal_go_API_v05/main.go:102.2,102.49 1 1
github.com/MarkWestbroek/Bitemporal_2026/bitemporal_go_API_v05/main.go:106.30,119.46 9 1
github.com/MarkWestbroek/Bitemporal_2026/bitemporal_go_API_v05/main.go:119.46,121.3 1 1
github.com/MarkWestbroek/Bitemporal_2026/bitemporal_go_API_v05/main.go:124.2,135.15 7 1
github.com/MarkWestbroek/Bitemporal_2026/bitemporal_go_API_v05/main.go:138.43,141.15 2 0
github.com/MarkWestbroek/Bitemporal_2026/bitemporal_go_API_v05/main.go:141.15,144.3 1 0
github.com/MarkWestbroek/Bitemporal_2026/bitemporal_go_API_v05/main.go:146.2,146.35 1 0
github.com/MarkWestbroek/Bitemporal_2026/bitemporal_go_API_v05/main.go:146.35,148.17 2 0
github.com/MarkWestbroek/Bitemporal_2026/bitemporal_go_API_v05/main.go:148.17,150.4 1 0
github.com/MarkWestbroek/Bitemporal_2026/bitemporal_go_API_v05/main.go:153.2,155.16 3 0
github.com/MarkWestbroek/Bitemporal_2026/bitemporal_go_API_v05/main.go:158.41,161.2 2 0
github.com/MarkWestbroek/Bitemporal_2026/bitemporal_go_API_v05/main.go:163.48,165.16 2 0
github.com/MarkWestbroek/Bitemporal_2026/bitemporal_go_API_v05/main.go:165.16,167.3 1 0
github.com/MarkWestbroek/Bitemporal_2026/bitemporal_go_API_v05/main.go:169.2,170.20 2 0
github.com/MarkWestbroek/Bitemporal_2026/bitemporal_go_API_v05/main.go:170.20,172.17 2 0
github.com/MarkWestbroek/Bitemporal_2026/bitemporal_go_API_v05/main.go:172.17,174.4 1 0
github.com/MarkWestbroek/Bitemporal_2026/bitemporal_go_API_v05/main.go:177.2,187.16 6 0
github.com/MarkWestbroek/Bitemporal_2026/bitemporal_go_API_v05/main.go:187.16,189.3 1 0
github.com/MarkWestbroek/Bitemporal_2026/bitemporal_go_API_v05/main.go:191.2,191.12 1 0
github.com/MarkWestbroek/Bitemporal_2026/bitemporal_go_API_v05/main.go:191.12,194.3 2 0
github.com/MarkWestbroek/Bitemporal_2026/bitemporal_go_API_v05/main.go:196.2,197.16 2 0
github.com/MarkWestbroek/Bitemporal_2026/bitemporal_go_API_v05/main.go:197.16,203.3 1 0
github.com/MarkWestbroek/Bitemporal_2026/bitemporal_go_API_v05/main.go:205.2,206.12 2 0
github.com/MarkWestbroek/Bitemporal_2026/bitemporal_go_API_v05/main.go:209.61,211.16 2 0
github.com/MarkWestbroek/Bitemporal_2026/bitemporal_go_API_v05/main.go:211.16,213.3 1 0
github.com/MarkWestbroek/Bitemporal_2026/bitemporal_go_API_v05/main.go:215.2,216.43 2 0
github.com/MarkWestbroek/Bitemporal_2026/bitemporal_go_API_v05/main.go:216.43,218.3 1 0
github.com/MarkWestbroek/Bitemporal_2026/bitemporal_go_API_v05/main.go:220.2,220.26 1 0
github.com/MarkWestbroek/Bitemporal_2026/bitemporal_go_API_v05/main.go:223.74,225.16 2 0
github.com/MarkWestbroek/Bitemporal_2026/bitemporal_go_API_v05/main.go:225.16,227.3 1 0
github.com/MarkWestbroek/Bitemporal_2026/bitemporal_go_API_v05/main.go:229.2,230.29 2 0
github.com/MarkWestbroek/Bitemporal_2026/bitemporal_go_API_v05/main.go:233.42,235.2 1 0
github.com/MarkWestbroek/Bitemporal_2026/bitemporal_go_API_v05/model/REST request models.go:51.64,52.30 1 0
github.com/MarkWestbroek/Bitemporal_2026/bitemporal_go_API_v05/model/REST request models.go:52.30,54.3 1 0
github.com/MarkWestbroek/Bitemporal_2026/bitemporal_go_API_v05/model/REST request models.go:56.2,57.51 2 0
github.com/MarkWestbroek/Bitemporal_2026/bitemporal_go_API_v05/model/REST request models.go:57.51,59.9 2 0
github.com/MarkWestbroek/Bitemporal_2026/bitemporal_go_API_v05/model/REST request models.go:59.9,61.4 1 0
github.com/MarkWestbroek/Bitemporal_2026/bitemporal_go_API_v05/model/REST request models.go:64.2,64.20 1 0
github.com/MarkWestbroek/Bitemporal_2026/bitemporal_go_API_v05/model/REST request models.go:64.20,66.3 1 0
github.com/MarkWestbroek/Bitemporal_2026/bitemporal_go_API_v05/model/REST request models.go:68.2,68.76 1 0
github.com/MarkWestbroek/Bitemporal_2026/bitemporal_go_API_v05/model/REST request models.go:71.68,72.28 1 0
github.com/MarkWestbroek/Bitemporal_2026/bitemporal_go_API_v05/model/REST request models.go:72.28,74.3 1 0
github.com/MarkWestbroek/Bitemporal_2026/bitemporal_go_API_v05/model/REST request models.go:76.2,77.51 2 0
github.com/MarkWestbroek/Bitemporal_2026/bitemporal_go_API_v05/model/REST request models.go:77.51,79.3 1 0
github.com/MarkWestbroek/Bitemporal_2026/bitemporal_go_API_v05/model/REST request models.go:81.2,81.19 1 0
github.com/MarkWestbroek/Bitemporal_2026/bitemporal_go_API_v05/model/REST request models.go:81.19,83.3 1 0
github.com/MarkWestbroek/Bitemporal_2026/bitemporal_go_API_v05/model/REST request models.go:85.2,85.37 1 0
github.com/MarkWestbroek/Bitemporal_2026/bitemporal_go_API_v05/model/REST request models.go:85.37,87.10 2 0
github.com/MarkWestbroek/Bitemporal_2026/bitemporal_go_API_v05/model/REST request models.go:87.10,89.4 1 0
github.com/MarkWestbroek/Bitemporal_2026/bitemporal_go_API_v05/model/REST request models.go:91.3,92.64 2 0
github.com/MarkWestbroek/Bitemporal_2026/bitemporal_go_API_v05/model/REST request models.go:92.64,94.4 1 0
github.com/MarkWestbroek/Bitemporal_2026/bitemporal_go_API_v05/model/REST request models.go:96.3,100.25 4 0
github.com/MarkWestbroek/Bitemporal_2026/bitemporal_go_API_v05/model/REST request models.go:100.25,102.4 1 0
github.com/MarkWestbroek/Bitemporal_2026/bitemporal_go_API_v05/model/REST request models.go:105.2,105.12 1 0
github.com/MarkWestbroek/Bitemporal_2026/bitemporal_go_API_v05/model/REST request models.go:108.65,109.44 1 0
github.com/MarkWestbroek/Bitemporal_2026/bitemporal_go_API_v05/model/REST request models.go:109.44,111.3 1 0
github.com/MarkWestbroek/Bitemporal_2026/bitemporal_go_API_v05/model/REST request models.go:113.2,113.43 1 0
github.com/MarkWestbroek/Bitemporal_2026/bitemporal_go_API_v05/model/REST request models.go:114.15,115.39 1 0
github.com/MarkWestbroek/Bitemporal_2026/bitemporal_go_API_v05/model/REST request models.go:116.12,117.39 1 0
github.com/MarkWestbroek/Bitemporal_2026/bitemporal_go_API_v05/model/REST request models.go:118.12,119.39 1 0
github.com/MarkWestbroek/Bitemporal_2026/bitemporal_go_API_v05/model/REST request models.go:120.16,121.45 1 0
github.com/MarkWestbroek/Bitemporal_2026/bitemporal_go_API_v05/model/REST request models.go:122.10,123.90 1 0
github.com/MarkWestbroek/Bitemporal_2026/bitemporal_go_API_v05/model/REST request models.go:127.65,128.44 1 0
github.com/MarkWestbroek/Bitemporal_2026/bitemporal_go_API_v05/model/REST request models.go:128.44,130.3 1 0
github.com/MarkWestbroek/Bitemporal_2026/bitemporal_go_API_v05/model/REST request models.go:132.2,132.43 1 0
github.com/MarkWestbroek/Bitemporal_2026/bitemporal_go_API_v05/model/REST request models.go:133.15,134.39 1 0
github.com/MarkWestbroek/Bitemporal_2026/bitemporal_go_API_v05/model/REST request models.go:135.12,136.39 1 0
github.com/MarkWestbroek/Bitemporal_2026/bitemporal_go_API_v05/model/REST request models.go:137.12,138.39 1 0
github.com/MarkWestbroek/Bitemporal_2026/bitemporal_go_API_v05/model/REST request models.go:139.10,140.90 1 0
github.com/MarkWestbroek/Bitemporal_2026/bitemporal_go_API_v05/model/date.go:17.56,19.2 1 1
github.com/MarkWestbroek/Bitemporal_2026/bitemporal_go_API_v05/model/date.go:21.31,22.21 1 1
github.com/MarkWestbroek/Bitemporal_2026/bitemporal_go_API_v05/model/date.go:22.21,24.3 1 0
github.com/MarkWestbroek/Bitemporal_2026/bitemporal_go_API_v05/model/date.go:25.2,25.34 1 1
github.com/MarkWestbroek/Bitemporal_2026/bitemporal_go_API_v05/model/date.go:28.45,29.21 1 1
github.com/MarkWestbroek/Bitemporal_2026/bitemporal_go_API_v05/model/date.go:29.21,31.3 1 0
github.com/MarkWestbroek/Bitemporal_2026/bitemporal_go_API_v05/model/date.go:32.2,32.48 1 1
github.com/MarkWestbroek/Bitemporal_2026/bitemporal_go_API_v05/model/date.go:35.49,36.28 1 1
github.com/MarkWestbroek/Bitemporal_2026/bitemporal_go_API_v05/model/date.go:36.28,37.15 1 0
github.com/MarkWestbroek/Bitemporal_2026/bitemporal_go_API_v05/model/date.go:37.15,39.4 1 0
github.com/MarkWestbroek/Bitemporal_2026/bitemporal_go_API_v05/model/date.go:40.3,40.13 1 0
github.com/MarkWestbroek/Bitemporal_2026/bitemporal_go_API_v05/model/date.go:43.2,44.53 2 1
github.com/MarkWestbroek/Bitemporal_2026/bitemporal_go_API_v05/model/date.go:44.53,46.3 1 0
github.com/MarkWestbroek/Bitemporal_2026/bitemporal_go_API_v05/model/date.go:48.2,49.16 2 1
github.com/MarkWestbroek/Bitemporal_2026/bitemporal_go_API_v05/model/date.go:49.16,51.3 1 0
github.com/MarkWestbroek/Bitemporal_2026/bitemporal_go_API_v05/model/date.go:53.2,54.12 2 1
github.com/MarkWestbroek/Bitemporal_2026/bitemporal_go_API_v05/model/date.go:57.45,58.21 1 0
github.com/MarkWestbroek/Bitemporal_2026/bitemporal_go_API_v05/model/date.go:58.21,60.3 1 0
github.com/MarkWestbroek/Bitemporal_2026/bitemporal_go_API_v05/model/date.go:61.2,61.39 1 0
github.com/MarkWestbroek/Bitemporal_2026/bitemporal_go_API_v05/model/date.go:64.36,65.16 1 0
github.com/MarkWestbroek/Bitemporal_2026/bitemporal_go_API_v05/model/date.go:65.16,68.3 2 0
github.com/MarkWestbroek/Bitemporal_2026/bitemporal_go_API_v05/model/date.go:70.2,70.29 1 0
github.com/MarkWestbroek/Bitemporal_2026/bitemporal_go_API_v05/model/date.go:71.17,73.13 2 0
github.com/MarkWestbroek/Bitemporal_2026/bitemporal_go_API_v05/model/date.go:74.14,76.17 2 0
github.com/MarkWestbroek/Bitemporal_2026/bitemporal_go_API_v05/model/date.go:76.17,78.4 1 0
github.com/MarkWestbroek/Bitemporal_2026/bitemporal_go_API_v05/model/date.go:79.3,80.13 2 0
github.com/MarkWestbroek/Bitemporal_2026/bitemporal_go_API_v05/model/date.go:81.14,83.17 2 0
github.com/MarkWestbroek/Bitemporal_2026/bitemporal_go_API_v05/model/date.go:83.17,85.4 1 0
github.com/MarkWestbroek/Bitemporal_2026/bitemporal_go_API_v05/model/date.go:86.3,87.13 2 0
github.com/MarkWestbroek/Bitemporal_2026/bitemporal_go_API_v05/model/date.go:88.10,89.50 1 0
github.com/MarkWestbroek/Bitemporal_2026/bitemporal_go_API_v05/model/debug_flags.go:8.30,11.2 2 0
github.com/MarkWestbroek/Bitemporal_2026/bitemporal_go_API_v05/model/equal.go:5.39,7.2 1 1
github.com/MarkWestbroek/Bitemporal_2026/bitemporal_go_API_v05/model/full_models.go:18.37,18.52 1 0
github.com/MarkWestbroek/Bitemporal_2026/bitemporal_go_API_v05/model/full_models.go:19.37,19.64 1 0
github.com/MarkWestbroek/Bitemporal_2026/bitemporal_go_API_v05/model/full_models.go:20.37,20.49 1 0
github.com/MarkWestbroek/Bitemporal_2026/bitemporal_go_API_v05/model/full_models.go:21.37,21.52 1 0
github.com/MarkWestbroek/Bitemporal_2026/bitemporal_go_API_v05/model/full_models.go:22.37,22.64 1 0
github.com/MarkWestbroek/Bitemporal_2026/bitemporal_go_API_v05/model/full_models.go:23.37,23.49 1 0
github.com/MarkWestbroek/Bitemporal_2026/bitemporal_go_API_v05/model/full_models.go:26.84,29.22 2 0
github.com/MarkWestbroek/Bitemporal_2026/bitemporal_go_API_v05/model/full_models.go:29.22,30.24 1 0
github.com/MarkWestbroek/Bitemporal_2026/bitemporal_go_API_v05/model/full_models.go:30.24,32.4 1 0
github.com/MarkWestbroek/Bitemporal_2026/bitemporal_go_API_v05/model/full_models.go:33.3,33.96 1 0
github.com/MarkWestbroek/Bitemporal_2026/bitemporal_go_API_v05/model/full_models.go:36.2,36.22 1 0
github.com/MarkWestbroek/Bitemporal_2026/bitemporal_go_API_v05/model/full_models.go:36.22,37.24 1 0
github.com/MarkWestbroek/Bitemporal_2026/bitemporal_go_API_v05/model/full_models.go:37.24,39.4 1 0
github.com/MarkWestbroek/Bitemporal_2026/bitemporal_go_API_v05/model/full_models.go:40.3,40.96 1 0
github.com/MarkWestbroek/Bitemporal_2026/bitemporal_go_API_v05/model/full_models.go:43.2,43.22 1 0
github.com/MarkWestbroek/Bitemporal_2026/bitemporal_go_API_v05/model/full_models.go:43.22,44.24 1 0
github.com/MarkWestbroek/Bitemporal_2026/bitemporal_go_API_v05/model/full_models.go:44.24,46.4 1 0
github.com/MarkWestbroek/Bitemporal_2026/bitemporal_go_API_v05/model/full_models.go:47.3,47.96 1 0
github.com/MarkWestbroek/Bitemporal_2026/bitemporal_go_API_v05/model/full_models.go:50.2,50.26 1 0
github.com/MarkWestbroek/Bitemporal_2026/bitemporal_go_API_v05/model/full_models.go:50.26,51.28 1 0
github.com/MarkWestbroek/Bitemporal_2026/bitemporal_go_API_v05/model/full_models.go:51.28,53.4 1 0
github.com/MarkWestbroek/Bitemporal_2026/bitemporal_go_API_v05/model/full_models.go:54.3,54.104 1 0
github.com/MarkWestbroek/Bitemporal_2026/bitemporal_go_API_v05/model/full_models.go:57.2,57.15 1 0
github.com/MarkWestbroek/Bitemporal_2026/bitemporal_go_API_v05/model/full_models.go:61.84,64.22 2 0
github.com/MarkWestbroek/Bitemporal_2026/bitemporal_go_API_v05/model/full_models.go:64.22,65.24 1 0
github.com/MarkWestbroek/Bitemporal_2026/bitemporal_go_API_v05/model/full_models.go:65.24,67.4 1 0
github.com/MarkWestbroek/Bitemporal_2026/bitemporal_go_API_v05/model/full_models.go:68.3,68.96 1 0
github.com/MarkWestbroek/Bitemporal_2026/bitemporal_go_API_v05/model/full_models.go:71.2,71.22 1 0
github.com/MarkWestbroek/Bitemporal_2026/bitemporal_go_API_v05/model/full_models.go:71.22,72.24 1 0
github.com/MarkWestbroek/Bitemporal_2026/bitemporal_go_API_v05/model/full_models.go:72.24,74.4 1 0
github.com/MarkWestbroek/Bitemporal_2026/bitemporal_go_API_v05/model/full_models.go:75.3,75.96 1 0
github.com/MarkWestbroek/Bitemporal_2026/bitemporal_go_API_v05/model/full_models.go:78.2,78.15 1 0
github.com/MarkWestbroek/Bitemporal_2026/bitemporal_go_API_v05/model/metaregistry.go:15.38,15.58 1 0
github.com/MarkWestbroek/Bitemporal_2026/bitemporal_go_API_v05/model/metaregistry.go:16.28,16.50 1 0
github.com/MarkWestbroek/Bitemporal_2026/bitemporal_go_API_v05/model/metaregistry.go:20.40,20.61 1 0
github.com/MarkWestbroek/Bitemporal_2026/bitemporal_go_API_v05/model/metaregistry.go:21.30,21.53 1 0
github.com/MarkWestbroek/Bitemporal_2026/bitemporal_go_API_v05/model/metaregistry.go:46.38,46.58 1 0
github.com/MarkWestbroek/Bitemporal_2026/bitemporal_go_API_v05/model/metaregistry.go:47.28,47.50 1 0
github.com/MarkWestbroek/Bitemporal_2026/bitemporal_go_API_v05/model/metaregistry.go:51.40,51.61 1 0
github.com/MarkWestbroek/Bitemporal_2026/bitemporal_go_API_v05/model/metaregistry.go:52.30,52.53 1 0
github.com/MarkWestbroek/Bitemporal_2026/bitemporal_go_API_v05/model/metaregistry.go:75.34,75.55 1 0
github.com/MarkWestbroek/Bitemporal_2026/bitemporal_go_API_v05/model/metaregistry.go:79.40,79.61 1 0
github.com/MarkWestbroek/Bitemporal_2026/bitemporal_go_API_v05/model/metaregistry.go:80.30,80.53 1 0
github.com/MarkWestbroek/Bitemporal_2026/bitemporal_go_API_v05/model/metaregistry.go:99.34,99.51 1 0
github.com/MarkWestbroek/Bitemporal_2026/bitemporal_go_API_v05/model/metaregistry.go:103.40,103.57 1 0
github.com/MarkWestbroek/Bitemporal_2026/bitemporal_go_API_v05/model/metaregistry.go:104.30,104.49 1 0
github.com/MarkWestbroek/Bitemporal_2026/bitemporal_go_API_v05/model/metaregistry.go:123.34,123.51 1 0
github.com/MarkWestbroek/Bitemporal_2026/bitemporal_go_API_v05/model/metaregistry.go:127.40,127.57 1 0
github.com/MarkWestbroek/Bitemporal_2026/bitemporal_go_API_v05/model/metaregistry.go:128.30,128.49 1 0
github.com/MarkWestbroek/Bitemporal_2026/bitemporal_go_API_v05/model/metaregistry.go:147.34,147.51 1 0
github.com/MarkWestbroek/Bitemporal_2026/bitemporal_go_API_v05/model/metaregistry.go:151.40,151.57 1 0
github.com/MarkWestbroek/Bitemporal_2026/bitemporal_go_API_v05/model/metaregistry.go:152.30,152.49 1 0
github.com/MarkWestbroek/Bitemporal_2026/bitemporal_go_API_v05/model/metaregistry.go:171.34,171.51 1 0
github.com/MarkWestbroek/Bitemporal_2026/bitemporal_go_API_v05/model/metaregistry.go:175.40,175.57 1 0
github.com/MarkWestbroek/Bitemporal_2026/bitemporal_go_API_v05/model/metaregistry.go:176.30,176.49 1 0
github.com/MarkWestbroek/Bitemporal_2026/bitemporal_go_API_v05/model/metaregistry.go:195.34,195.51 1 0
github.com/MarkWestbroek/Bitemporal_2026/bitemporal_go_API_v05/model/metaregistry.go:199.40,199.57 1 0
github.com/MarkWestbroek/Bitemporal_2026/bitemporal_go_API_v05/model/metaregistry.go:200.30,200.49 1 0
github.com/MarkWestbroek/Bitemporal_2026/bitemporal_go_API_v05/model/metaregistry_plumbing.go:108.73,111.2 2 0
github.com/MarkWestbroek/Bitemporal_2026/bitemporal_go_API_v05/model/metaregistry_plumbing.go:114.66,116.9 2 0
github.com/MarkWestbroek/Bitemporal_2026/bitemporal_go_API_v05/model/metaregistry_plumbing.go:116.9,117.37 1 0
github.com/MarkWestbroek/Bitemporal_2026/bitemporal_go_API_v05/model/metaregistry_plumbing.go:119.2,119.13 1 0
github.com/MarkWestbroek/Bitemporal_2026/bitemporal_go_API_v05/model/metaregistry_plumbing.go:123.75,124.25 1 0
github.com/MarkWestbroek/Bitemporal_2026/bitemporal_go_API_v05/model/metaregistry_plumbing.go:124.25,125.32 1 0
github.com/MarkWestbroek/Bitemporal_2026/bitemporal_go_API_v05/model/metaregistry_plumbing.go:125.32,127.4 1 0
github.com/MarkWestbroek/Bitemporal_2026/bitemporal_go_API_v05/model/metaregistry_plumbing.go:129.2,129.26 1 0
github.com/MarkWestbroek/Bitemporal_2026/bitemporal_go_API_v05/model/metaregistry_plumbing.go:133.110,134.31 1 1
github.com/MarkWestbroek/Bitemporal_2026/bitemporal_go_API_v05/model/metaregistry_plumbing.go:134.31,135.46 1 1
github.com/MarkWestbroek/Bitemporal_2026/bitemporal_go_API_v05/model/metaregistry_plumbing.go:135.46,136.12 1 1
github.com/MarkWestbroek/Bitemporal_2026/bitemporal_go_API_v05/model/metaregistry_plumbing.go:139.3,139.65 1 1
github.com/MarkWestbroek/Bitemporal_2026/bitemporal_go_API_v05/model/metaregistry_plumbing.go:139.65,140.37 1 1
github.com/MarkWestbroek/Bitemporal_2026/bitemporal_go_API_v05/model/metaregistry_plumbing.go:140.37,145.5 1 1
github.com/MarkWestbroek/Bitemporal_2026/bitemporal_go_API_v05/model/metaregistry_plumbing.go:149.2,149.42 1 1
github.com/MarkWestbroek/Bitemporal_2026/bitemporal_go_API_v05/model/metaregistry_plumbing.go:153.44,154.48 1 0
github.com/MarkWestbroek/Bitemporal_2026/bitemporal_go_API_v05/model/metaregistry_plumbing.go:154.48,156.3 1 0
github.com/MarkWestbroek/Bitemporal_2026/bitemporal_go_API_v05/model/metaregistry_plumbing.go:158.2,159.55 2 0
github.com/MarkWestbroek/Bitemporal_2026/bitemporal_go_API_v05/model/metaregistry_plumbing.go:159.55,161.3 1 0
github.com/MarkWestbroek/Bitemporal_2026/bitemporal_go_API_v05/model/metaregistry_plumbing.go:163.2,163.14 1 0
github.com/MarkWestbroek/Bitemporal_2026/bitemporal_go_API_v05/model/model_plumbing.go:98.35,100.2 1 0
github.com/MarkWestbroek/Bitemporal_2026/bitemporal_go_API_v05/model/model_plumbing.go:102.34,104.2 1 0
github.com/MarkWestbroek/Bitemporal_2026/bitemporal_go_API_v05/model/model_plumbing.go:106.42,108.2 1 0
github.com/MarkWestbroek/Bitemporal_2026/bitemporal_go_API_v05/model/model_plumbing.go:168.45,170.2 1 0
github.com/MarkWestbroek/Bitemporal_2026/bitemporal_go_API_v05/model/model_plumbing.go:172.43,174.2 1 0
github.com/MarkWestbroek/Bitemporal_2026/bitemporal_go_API_v05/model/model_plumbing.go:176.48,178.2 1 0
github.com/MarkWestbroek/Bitemporal_2026/bitemporal_go_API_v05/model/model_plumbing.go:182.58,192.51 3 0
github.com/MarkWestbroek/Bitemporal_2026/bitemporal_go_API_v05/model/model_plumbing.go:192.51,194.3 1 0
github.com/MarkWestbroek/Bitemporal_2026/bitemporal_go_API_v05/model/model_plumbing.go:196.2,198.83 2 0
github.com/MarkWestbroek/Bitemporal_2026/bitemporal_go_API_v05/model/model_plumbing.go:198.83,200.3 1 0
github.com/MarkWestbroek/Bitemporal_2026/bitemporal_go_API_v05/model/model_plumbing.go:201.2,201.89 1 0
github.com/MarkWestbroek/Bitemporal_2026/bitemporal_go_API_v05/model/model_plumbing.go:201.89,203.3 1 0
github.com/MarkWestbroek/Bitemporal_2026/bitemporal_go_API_v05/model/model_plumbing.go:205.2,205.12 1 0
github.com/MarkWestbroek/Bitemporal_2026/bitemporal_go_API_v05/model/model_plumbing.go:209.36,209.53 1 0
github.com/MarkWestbroek/Bitemporal_2026/bitemporal_go_API_v05/model/model_plumbing.go:210.36,210.53 1 0
github.com/MarkWestbroek/Bitemporal_2026/bitemporal_go_API_v05/model/models.go:11.38,11.53 1 0
github.com/MarkWestbroek/Bitemporal_2026/bitemporal_go_API_v05/model/models.go:12.38,12.65 1 0
github.com/MarkWestbroek/Bitemporal_2026/bitemporal_go_API_v05/model/models.go:13.38,13.50 1 0
github.com/MarkWestbroek/Bitemporal_2026/bitemporal_go_API_v05/model/models.go:15.38,15.53 1 0
github.com/MarkWestbroek/Bitemporal_2026/bitemporal_go_API_v05/model/models.go:16.38,16.65 1 0
github.com/MarkWestbroek/Bitemporal_2026/bitemporal_go_API_v05/model/models.go:17.38,17.50 1 0
github.com/MarkWestbroek/Bitemporal_2026/bitemporal_go_API_v05/model/models.go:20.38,20.57 1 0
github.com/MarkWestbroek/Bitemporal_2026/bitemporal_go_API_v05/model/models.go:21.38,21.64 1 0
github.com/MarkWestbroek/Bitemporal_2026/bitemporal_go_API_v05/model/models.go:22.38,22.54 1 0
github.com/MarkWestbroek/Bitemporal_2026/bitemporal_go_API_v05/model/models.go:25.35,25.55 1 0
github.com/MarkWestbroek/Bitemporal_2026/bitemporal_go_API_v05/model/models.go:26.35,26.69 1 0
github.com/MarkWestbroek/Bitemporal_2026/bitemporal_go_API_v05/model/models.go:27.35,27.52 1 0
github.com/MarkWestbroek/Bitemporal_2026/bitemporal_go_API_v05/model/models.go:29.35,29.55 1 0
github.com/MarkWestbroek/Bitemporal_2026/bitemporal_go_API_v05/model/models.go:30.35,30.69 1 0
github.com/MarkWestbroek/Bitemporal_2026/bitemporal_go_API_v05/model/models.go:31.35,31.52 1 0
github.com/MarkWestbroek/Bitemporal_2026/bitemporal_go_API_v05/model/models.go:33.35,33.55 1 0
github.com/MarkWestbroek/Bitemporal_2026/bitemporal_go_API_v05/model/models.go:34.35,34.69 1 0
github.com/MarkWestbroek/Bitemporal_2026/bitemporal_go_API_v05/model/models.go:35.35,35.52 1 0
github.com/MarkWestbroek/Bitemporal_2026/bitemporal_go_API_v05/model/models.go:37.35,37.55 1 0
github.com/MarkWestbroek/Bitemporal_2026/bitemporal_go_API_v05/model/models.go:38.35,38.69 1 0
github.com/MarkWestbroek/Bitemporal_2026/bitemporal_go_API_v05/model/models.go:39.35,39.52 1 0
github.com/MarkWestbroek/Bitemporal_2026/bitemporal_go_API_v05/model/models.go:41.35,41.55 1 0
github.com/MarkWestbroek/Bitemporal_2026/bitemporal_go_API_v05/model/models.go:42.35,42.69 1 0
github.com/MarkWestbroek/Bitemporal_2026/bitemporal_go_API_v05/model/models.go:43.35,43.52 1 0
github.com/MarkWestbroek/Bitemporal_2026/bitemporal_go_API_v05/model/models.go:155.43,155.62 1 0
github.com/MarkWestbroek/Bitemporal_2026/bitemporal_go_API_v05/model/models.go:156.43,156.59 1 0
github.com/MarkWestbroek/Bitemporal_2026/bitemporal_go_API_v05/model/models.go:157.43,157.62 1 0
github.com/MarkWestbroek/Bitemporal_2026/bitemporal_go_API_v05/model/models.go:158.43,158.59 1 0
github.com/MarkWestbroek/Bitemporal_2026/bitemporal_go_API_v05/model/models.go:160.43,160.62 1 0
github.com/MarkWestbroek/Bitemporal_2026/bitemporal_go_API_v05/model/models.go:161.43,161.59 1 0
github.com/MarkWestbroek/Bitemporal_2026/bitemporal_go_API_v05/model/models.go:162.43,162.62 1 0
github.com/MarkWestbroek/Bitemporal_2026/bitemporal_go_API_v05/model/models.go:163.43,163.59 1 0
github.com/MarkWestbroek/Bitemporal_2026/bitemporal_go_API_v05/model/models.go:165.43,165.62 1 0
github.com/MarkWestbroek/Bitemporal_2026/bitemporal_go_API_v05/model/models.go:166.43,166.59 1 0
github.com/MarkWestbroek/Bitemporal_2026/bitemporal_go_API_v05/model/models.go:167.43,167.62 1 0
github.com/MarkWestbroek/Bitemporal_2026/bitemporal_go_API_v05/model/models.go:168.43,168.59 1 0
github.com/MarkWestbroek/Bitemporal_2026/bitemporal_go_API_v05/model/models.go:170.40,170.60 1 0
github.com/MarkWestbroek/Bitemporal_2026/bitemporal_go_API_v05/model/models.go:171.40,171.57 1 0
github.com/MarkWestbroek/Bitemporal_2026/bitemporal_go_API_v05/model/models.go:172.40,172.60 1 0
github.com/MarkWestbroek/Bitemporal_2026/bitemporal_go_API_v05/model/models.go:173.40,173.57 1 0
github.com/MarkWestbroek/Bitemporal_2026/bitemporal_go_API_v05/model/models.go:175.40,175.60 1 0
github.com/MarkWestbroek/Bitemporal_2026/bitemporal_go_API_v05/model/models.go:176.40,176.57 1 0
github.com/MarkWestbroek/Bitemporal_2026/bitemporal_go_API_v05/model/models.go:177.40,177.60 1 0
github.com/MarkWestbroek/Bitemporal_2026/bitemporal_go_API_v05/model/models.go:178.40,178.57 1 0
github.com/MarkWestbroek/Bitemporal_2026/bitemporal_go_API_v05/model/models.go:180.40,180.60 1 0
github.com/MarkWestbroek/Bitemporal_2026/bitemporal_go_API_v05/model/models.go:181.40,181.57 1 0
github.com/MarkWestbroek/Bitemporal_2026/bitemporal_go_API_v05/model/models.go:182.40,182.60 1 0
github.com/MarkWestbroek/Bitemporal_2026/bitemporal_go_API_v05/model/models.go:183.40,183.57 1 0
github.com/MarkWestbroek/Bitemporal_2026/bitemporal_go_API_v05/model/models.go:185.40,185.60 1 0
github.com/MarkWestbroek/Bitemporal_2026/bitemporal_go_API_v05/model/models.go:186.40,186.57 1 0
github.com/MarkWestbroek/Bitemporal_2026/bitemporal_go_API_v05/model/models.go:187.40,187.60 1 0
github.com/MarkWestbroek/Bitemporal_2026/bitemporal_go_API_v05/model/models.go:188.40,188.57 1 0
github.com/MarkWestbroek/Bitemporal_2026/bitemporal_go_API_v05/model/models.go:190.40,190.60 1 0
github.com/MarkWestbroek/Bitemporal_2026/bitemporal_go_API_v05/model/models.go:191.40,191.57 1 0
github.com/MarkWestbroek/Bitemporal_2026/bitemporal_go_API_v05/model/models.go:192.40,192.60 1 0
github.com/MarkWestbroek/Bitemporal_2026/bitemporal_go_API_v05/model/models.go:193.40,193.57 1 0
github.com/MarkWestbroek/Bitemporal_2026/bitemporal_go_API_v05/model/models.go:195.42,195.61 1 0
github.com/MarkWestbroek/Bitemporal_2026/bitemporal_go_API_v05/model/models.go:196.42,196.58 1 0
github.com/MarkWestbroek/Bitemporal_2026/bitemporal_go_API_v05/model/models.go:197.42,197.61 1 0
github.com/MarkWestbroek/Bitemporal_2026/bitemporal_go_API_v05/model/models.go:198.42,198.58 1 0
github.com/MarkWestbroek/Bitemporal_2026/bitemporal_go_API_v05/model/models.go:200.42,200.61 1 0
github.com/MarkWestbroek/Bitemporal_2026/bitemporal_go_API_v05/model/models.go:201.42,201.58 1 0
github.com/MarkWestbroek/Bitemporal_2026/bitemporal_go_API_v05/model/models.go:202.42,202.61 1 0
github.com/MarkWestbroek/Bitemporal_2026/bitemporal_go_API_v05/model/models.go:203.42,203.58 1 0
github.com/MarkWestbroek/Bitemporal_2026/bitemporal_go_API_v05/model/models.go:206.44,206.72 1 0
github.com/MarkWestbroek/Bitemporal_2026/bitemporal_go_API_v05/model/models.go:207.44,207.69 1 0
github.com/MarkWestbroek/Bitemporal_2026/bitemporal_go_API_v05/model/models.go:208.44,208.68 1 0
github.com/MarkWestbroek/Bitemporal_2026/bitemporal_go_API_v05/model/models.go:209.44,209.65 1 0
github.com/MarkWestbroek/Bitemporal_2026/bitemporal_go_API_v05/model/models.go:211.44,211.72 1 0
github.com/MarkWestbroek/Bitemporal_2026/bitemporal_go_API_v05/model/models.go:212.44,212.69 1 0
github.com/MarkWestbroek/Bitemporal_2026/bitemporal_go_API_v05/model/models.go:213.44,213.68 1 0
github.com/MarkWestbroek/Bitemporal_2026/bitemporal_go_API_v05/model/models.go:214.44,214.65 1 0
github.com/MarkWestbroek/Bitemporal_2026/bitemporal_go_API_v05/model/models.go:216.44,216.72 1 0
github.com/MarkWestbroek/Bitemporal_2026/bitemporal_go_API_v05/model/models.go:217.44,217.69 1 0
github.com/MarkWestbroek/Bitemporal_2026/bitemporal_go_API_v05/model/models.go:218.44,218.68 1 0
github.com/MarkWestbroek/Bitemporal_2026/bitemporal_go_API_v05/model/models.go:219.44,219.65 1 0
github.com/MarkWestbroek/Bitemporal_2026/bitemporal_go_API_v05/model/models.go:224.34,224.69 1 0
github.com/MarkWestbroek/Bitemporal_2026/bitemporal_go_API_v05/model/models.go:225.34,225.69 1 0
github.com/MarkWestbroek/Bitemporal_2026/bitemporal_go_API_v05/model/models.go:226.34,226.69 1 0
github.com/MarkWestbroek/Bitemporal_2026/bitemporal_go_API_v05/model/models.go:227.34,227.70 1 0
github.com/MarkWestbroek/Bitemporal_2026/bitemporal_go_API_v05/model/models.go:228.34,228.70 1 0
github.com/MarkWestbroek/Bitemporal_2026/bitemporal_go_API_v05/model/models.go:229.34,229.70 1 0
github.com/MarkWestbroek/Bitemporal_2026/bitemporal_go_API_v05/model/models.go:230.34,230.70 1 0
github.com/MarkWestbroek/Bitemporal_2026/bitemporal_go_API_v05/model/models.go:231.34,231.70 1 0
github.com/MarkWestbroek/Bitemporal_2026/bitemporal_go_API_v05/model/models.go:232.34,232.69 1 0
github.com/MarkWestbroek/Bitemporal_2026/bitemporal_go_API_v05/model/models.go:233.34,233.69 1 0
github.com/MarkWestbroek/Bitemporal_2026/bitemporal_go_API_v05/model/nested.go:35.42,45.16 4 0
github.com/MarkWestbroek/Bitemporal_2026/bitemporal_go_API_v05/model/nested.go:45.16,47.3 1 0
github.com/MarkWestbroek/Bitemporal_2026/bitemporal_go_API_v05/model/nested.go:49.2,49.19 1 0
github.com/MarkWestbroek/Bitemporal_2026/bitemporal_go_API_v05/model/representatie_string.go:12.54,13.16 1 0
github.com/MarkWestbroek/Bitemporal_2026/bitemporal_go_API_v05/model/representatie_string.go:13.16,15.3 1 0
github.com/MarkWestbroek/Bitemporal_2026/bitemporal_go_API_v05/model/representatie_string.go:17.2,20.25 4 0
github.com/MarkWestbroek/Bitemporal_2026/bitemporal_go_API_v05/model/representatie_string.go:23.119,26.22 2 0
github.com/MarkWestbroek/Bitemporal_2026/bitemporal_go_API_v05/model/representatie_string.go:26.22,29.3 2 0
github.com/MarkWestbroek/Bitemporal_2026/bitemporal_go_API_v05/model/representatie_string.go:31.2,31.75 1 0
github.com/MarkWestbroek/Bitemporal_2026/bitemporal_go_API_v05/model/representatie_string.go:31.75,32.20 1 0
github.com/MarkWestbroek/Bitemporal_2026/bitemporal_go_API_v05/model/representatie_string.go:32.20,35.4 2 0
github.com/MarkWestbroek/Bitemporal_2026/bitemporal_go_API_v05/model/representatie_string.go:37.3,37.38 1 0
github.com/MarkWestbroek/Bitemporal_2026/bitemporal_go_API_v05/model/representatie_string.go:37.38,39.16 2 0
github.com/MarkWestbroek/Bitemporal_2026/bitemporal_go_API_v05/model/representatie_string.go:39.16,40.21 1 0
github.com/MarkWestbroek/Bitemporal_2026/bitemporal_go_API_v05/model/representatie_string.go:40.21,43.6 2 0
github.com/MarkWestbroek/Bitemporal_2026/bitemporal_go_API_v05/model/representatie_string.go:44.5,44.24 1 0
github.com/MarkWestbroek/Bitemporal_2026/bitemporal_go_API_v05/model/representatie_string.go:48.3,48.23 1 0
github.com/MarkWestbroek/Bitemporal_2026/bitemporal_go_API_v05/model/representatie_string.go:51.2,51.26 1 0
github.com/MarkWestbroek/Bitemporal_2026/bitemporal_go_API_v05/model/representatie_string.go:51.26,52.55 1 0
github.com/MarkWestbroek/Bitemporal_2026/bitemporal_go_API_v05/model/representatie_string.go:52.55,54.4 1 0
github.com/MarkWestbroek/Bitemporal_2026/bitemporal_go_API_v05/model/representatie_string.go:57.2,57.49 1 0
github.com/MarkWestbroek/Bitemporal_2026/bitemporal_go_API_v05/model/representatie_string.go:57.49,61.3 3 0
github.com/MarkWestbroek/Bitemporal_2026/bitemporal_go_API_v05/model/representatie_string.go:63.2,63.30 1 0
github.com/MarkWestbroek/Bitemporal_2026/bitemporal_go_API_v05/model/representatie_string.go:63.30,67.3 3 0
github.com/MarkWestbroek/Bitemporal_2026/bitemporal_go_API_v05/model/representatie_string.go:69.2,69.22 1 0
github.com/MarkWestbroek/Bitemporal_2026/bitemporal_go_API_v05/model/representatie_string.go:70.22,72.41 2 0
github.com/MarkWestbroek/Bitemporal_2026/bitemporal_go_API_v05/model/representatie_string.go:72.41,76.31 3 0
github.com/MarkWestbroek/Bitemporal_2026/bitemporal_go_API_v05/model/representatie_string.go:76.31,77.13 1 0
github.com/MarkWestbroek/Bitemporal_2026/bitemporal_go_API_v05/model/representatie_string.go:80.4,80.73 1 0
github.com/MarkWestbroek/Bitemporal_2026/bitemporal_go_API_v05/model/representatie_string.go:80.73,81.13 1 0
github.com/MarkWestbroek/Bitemporal_2026/bitemporal_go_API_v05/model/representatie_string.go:84.4,84.38 1 0
github.com/MarkWestbroek/Bitemporal_2026/bitemporal_go_API_v05/model/representatie_string.go:84.38,85.13 1 0
github.com/MarkWestbroek/Bitemporal_2026/bitemporal_go_API_v05/model/representatie_string.go:88.4,88.73 1 0
github.com/MarkWestbroek/Bitemporal_2026/bitemporal_go_API_v05/model/representatie_string.go:90.36,91.36 1 0
github.com/MarkWestbroek/Bitemporal_2026/bitemporal_go_API_v05/model/representatie_string.go:91.36,94.4 2 0
github.com/MarkWestbroek/Bitemporal_2026/bitemporal_go_API_v05/model/representatie_string.go:95.10,96.27 1 0
github.com/MarkWestbroek/Bitemporal_2026/bitemporal_go_API_v05/model/representatie_string.go:96.27,98.4 1 0
github.com/MarkWestbroek/Bitemporal_2026/bitemporal_go_API_v05/model/representatie_string.go:102.51,104.81 2 0
github.com/MarkWestbroek/Bitemporal_2026/bitemporal_go_API_v05/model/representatie_string.go:104.81,105.23 1 0
github.com/MarkWestbroek/Bitemporal_2026/bitemporal_go_API_v05/model/representatie_string.go:105.23,107.4 1 0
github.com/MarkWestbroek/Bitemporal_2026/bitemporal_go_API_v05/model/representatie_string.go:108.3,108.29 1 0
github.com/MarkWestbroek/Bitemporal_2026/bitemporal_go_API_v05/model/representatie_string.go:111.2,111.26 1 0
github.com/MarkWestbroek/Bitemporal_2026/bitemporal_go_API_v05/handlers/admin_handler.go:13.33,15.2 1 0
github.com/MarkWestbroek/Bitemporal_2026/bitemporal_go_API_v05/handlers/admin_handler.go:17.42,19.20 2 0
github.com/MarkWestbroek/Bitemporal_2026/bitemporal_go_API_v05/handlers/admin_handler.go:19.20,21.3 1 0
github.com/MarkWestbroek/Bitemporal_2026/bitemporal_go_API_v05/handlers/admin_handler.go:22.2,22.17 1 0
github.com/MarkWestbroek/Bitemporal_2026/bitemporal_go_API_v05/handlers/admin_handler.go:25.33,28.28 2 0
github.com/MarkWestbroek/Bitemporal_2026/bitemporal_go_API_v05/handlers/admin_handler.go:28.28,31.3 2 0
github.com/MarkWestbroek/Bitemporal_2026/bitemporal_go_API_v05/handlers/admin_handler.go:33.2,33.46 1 0
github.com/MarkWestbroek/Bitemporal_2026/bitemporal_go_API_v05/handlers/admin_handler.go:33.46,36.3 2 0
github.com/MarkWestbroek/Bitemporal_2026/bitemporal_go_API_v05/handlers/admin_handler.go:38.2,38.15 1 0
github.com/MarkWestbroek/Bitemporal_2026/bitemporal_go_API_v05/handlers/admin_handler.go:38.15,41.3 2 0
github.com/MarkWestbroek/Bitemporal_2026/bitemporal_go_API_v05/handlers/admin_handler.go:43.2,44.16 2 0
github.com/MarkWestbroek/Bitemporal_2026/bitemporal_go_API_v05/handlers/admin_handler.go:44.16,47.3 2 0
github.com/MarkWestbroek/Bitemporal_2026/bitemporal_go_API_v05/handlers/admin_handler.go:49.2,49.72 1 0
github.com/MarkWestbroek/Bitemporal_2026/bitemporal_go_API_v05/handlers/admin_handler.go:53.35,54.15 1 0
github.com/MarkWestbroek/Bitemporal_2026/bitemporal_go_API_v05/handlers/admin_handler.go:54.15,57.3 2 0
github.com/MarkWestbroek/Bitemporal_2026/bitemporal_go_API_v05/handlers/admin_handler.go:59.2,60.16 2 0
github.com/MarkWestbroek/Bitemporal_2026/bitemporal_go_API_v05/handlers/admin_handler.go:60.16,63.3 2 0
github.com/MarkWestbroek/Bitemporal_2026/bitemporal_go_API_v05/handlers/admin_handler.go:65.2,65.98 1 0
github.com/MarkWestbroek/Bitemporal_2026/bitemporal_go_API_v05/handlers/core_handlers.go:31.78,32.30 1 0
github.com/MarkWestbroek/Bitemporal_2026/bitemporal_go_API_v05/handlers/core_handlers.go:32.30,34.54 2 0
github.com/MarkWestbroek/Bitemporal_2026/bitemporal_go_API_v05/handlers/core_handlers.go:34.54,37.4 2 0
github.com/MarkWestbroek/Bitemporal_2026/bitemporal_go_API_v05/handlers/core_handlers.go:55.3,56.17 2 0
github.com/MarkWestbroek/Bitemporal_2026/bitemporal_go_API_v05/handlers/core_handlers.go:56.17,59.4 2 0
github.com/MarkWestbroek/Bitemporal_2026/bitemporal_go_API_v05/handlers/core_handlers.go:61.3,61.73 1 0
github.com/MarkWestbroek/Bitemporal_2026/bitemporal_go_API_v05/handlers/core_handlers.go:66.72,67.30 1 0
github.com/MarkWestbroek/Bitemporal_2026/bitemporal_go_API_v05/handlers/core_handlers.go:67.30,77.36 4 0
github.com/MarkWestbroek/Bitemporal_2026/bitemporal_go_API_v05/handlers/core_handlers.go:77.36,79.28 2 0
github.com/MarkWestbroek/Bitemporal_2026/bitemporal_go_API_v05/handlers/core_handlers.go:79.28,82.5 2 0
github.com/MarkWestbroek/Bitemporal_2026/bitemporal_go_API_v05/handlers/core_handlers.go:83.4,83.12 1 0
github.com/MarkWestbroek/Bitemporal_2026/bitemporal_go_API_v05/handlers/core_handlers.go:86.3,86.36 1 0
github.com/MarkWestbroek/Bitemporal_2026/bitemporal_go_API_v05/handlers/core_handlers.go:86.36,88.28 2 0
github.com/MarkWestbroek/Bitemporal_2026/bitemporal_go_API_v05/handlers/core_handlers.go:88.28,91.5 2 0
github.com/MarkWestbroek/Bitemporal_2026/bitemporal_go_API_v05/handlers/core_handlers.go:92.4,92.19 1 0
github.com/MarkWestbroek/Bitemporal_2026/bitemporal_go_API_v05/handlers/core_handlers.go:92.19,94.5 1 0
github.com/MarkWestbroek/Bitemporal_2026/bitemporal_go_API_v05/handlers/core_handlers.go:94.10,96.5 1 0
github.com/MarkWestbroek/Bitemporal_2026/bitemporal_go_API_v05/handlers/core_handlers.go:99.3,108.17 4 0
github.com/MarkWestbroek/Bitemporal_2026/bitemporal_go_API_v05/handlers/core_handlers.go:108.17,111.4 2 0
github.com/MarkWestbroek/Bitemporal_2026/bitemporal_go_API_v05/handlers/core_handlers.go:113.3,120.5 2 0
github.com/MarkWestbroek/Bitemporal_2026/bitemporal_go_API_v05/handlers/core_handlers.go:125.78,126.30 1 0
github.com/MarkWestbroek/Bitemporal_2026/bitemporal_go_API_v05/handlers/core_handlers.go:126.30,128.21 2 0
github.com/MarkWestbroek/Bitemporal_2026/bitemporal_go_API_v05/handlers/core_handlers.go:128.21,131.4 2 0
github.com/MarkWestbroek/Bitemporal_2026/bitemporal_go_API_v05/handlers/core_handlers.go:133.3,135.17 3 0
github.com/MarkWestbroek/Bitemporal_2026/bitemporal_go_API_v05/handlers/core_handlers.go:135.17,138.4 2 0
github.com/MarkWestbroek/Bitemporal_2026/bitemporal_go_API_v05/handlers/core_handlers.go:140.3,140.31 1 0
github.com/MarkWestbroek/Bitemporal_2026/bitemporal_go_API_v05/handlers/core_handlers.go:140.31,143.4 2 0
github.com/MarkWestbroek/Bitemporal_2026/bitemporal_go_API_v05/handlers/core_handlers.go:145.3,145.32 1 0
github.com/MarkWestbroek/Bitemporal_2026/bitemporal_go_API_v05/handlers/core_handlers.go:150.72,151.30 1 0
github.com/MarkWestbroek/Bitemporal_2026/bitemporal_go_API_v05/handlers/core_handlers.go:151.30,158.28 2 0
github.com/MarkWestbroek/Bitemporal_2026/bitemporal_go_API_v05/handlers/core_handlers.go:158.28,161.4 2 0
github.com/MarkWestbroek/Bitemporal_2026/bitemporal_go_API_v05/handlers/core_handlers.go:162.3,162.33 1 0
github.com/MarkWestbroek/Bitemporal_2026/bitemporal_go_API_v05/handlers/core_handlers.go:162.33,165.4 2 0
github.com/MarkWestbroek/Bitemporal_2026/bitemporal_go_API_v05/handlers/core_handlers.go:167.3,170.36 3 0
github.com/MarkWestbroek/Bitemporal_2026/bitemporal_go_API_v05/handlers/core_handlers.go:170.36,172.28 2 0
github.com/MarkWestbroek/Bitemporal_2026/bitemporal_go_API_v05/handlers/core_handlers.go:172.28,175.5 2 0
github.com/MarkWestbroek/Bitemporal_2026/bitemporal_go_API_v05/handlers/core_handlers.go:176.4,176.12 1 0
github.com/MarkWestbroek/Bitemporal_2026/bitemporal_go_API_v05/handlers/core_handlers.go:179.3,179.36 1 0
github.com/MarkWestbroek/Bitemporal_2026/bitemporal_go_API_v05/handlers/core_handlers.go:179.36,181.28 2 0
github.com/MarkWestbroek/Bitemporal_2026/bitemporal_go_API_v05/handlers/core_handlers.go:181.28,184.5 2 0
github.com/MarkWestbroek/Bitemporal_2026/bitemporal_go_API_v05/handlers/core_handlers.go:185.4,185.19 1 0
github.com/MarkWestbroek/Bitemporal_2026/bitemporal_go_API_v05/handlers/core_handlers.go:185.19,187.5 1 0
github.com/MarkWestbroek/Bitemporal_2026/bitemporal_go_API_v05/handlers/core_handlers.go:187.10,189.5 1 0
github.com/MarkWestbroek/Bitemporal_2026/bitemporal_go_API_v05/handlers/core_handlers.go:192.3,200.17 4 0
github.com/MarkWestbroek/Bitemporal_2026/bitemporal_go_API_v05/handlers/core_handlers.go:200.17,203.4 2 0
github.com/MarkWestbroek/Bitemporal_2026/bitemporal_go_API_v05/handlers/core_handlers.go:205.3,206.17 2 0
github.com/MarkWestbroek/Bitemporal_2026/bitemporal_go_API_v05/handlers/core_handlers.go:206.17,209.4 2 0
github.com/MarkWestbroek/Bitemporal_2026/bitemporal_go_API_v05/handlers/core_handlers.go:210.3,217.5 2 0
github.com/MarkWestbroek/Bitemporal_2026/bitemporal_go_API_v05/handlers/core_handlers.go:222.70,223.30 1 0
github.com/MarkWestbroek/Bitemporal_2026/bitemporal_go_API_v05/handlers/core_handlers.go:223.30,224.28 1 0
github.com/MarkWestbroek/Bitemporal_2026/bitemporal_go_API_v05/handlers/core_handlers.go:224.28,227.4 2 0
github.com/MarkWestbroek/Bitemporal_2026/bitemporal_go_API_v05/handlers/core_handlers.go:228.3,228.25 1 0
github.com/MarkWestbroek/Bitemporal_2026/bitemporal_go_API_v05/handlers/core_handlers.go:228.25,231.4 2 0
github.com/MarkWestbroek/Bitemporal_2026/bitemporal_go_API_v05/handlers/core_handlers.go:233.3,234.21 2 0
github.com/MarkWestbroek/Bitemporal_2026/bitemporal_go_API_v05/handlers/core_handlers.go:234.21,237.4 2 0
github.com/MarkWestbroek/Bitemporal_2026/bitemporal_go_API_v05/handlers/core_handlers.go:239.3,244.17 3 0
github.com/MarkWestbroek/Bitemporal_2026/bitemporal_go_API_v05/handlers/core_handlers.go:244.17,247.4 2 0
github.com/MarkWestbroek/Bitemporal_2026/bitemporal_go_API_v05/handlers/core_handlers.go:249.3,249.31 1 0
github.com/MarkWestbroek/Bitemporal_2026/bitemporal_go_API_v05/handlers/core_handlers.go:249.31,252.4 2 0
github.com/MarkWestbroek/Bitemporal_2026/bitemporal_go_API_v05/handlers/core_handlers.go:254.3,254.32 1 0
github.com/MarkWestbroek/Bitemporal_2026/bitemporal_go_API_v05/handlers/core_handlers.go:259.70,260.30 1 0
github.com/MarkWestbroek/Bitemporal_2026/bitemporal_go_API_v05/handlers/core_handlers.go:260.30,261.28 1 0
github.com/MarkWestbroek/Bitemporal_2026/bitemporal_go_API_v05/handlers/core_handlers.go:261.28,264.4 2 0
github.com/MarkWestbroek/Bitemporal_2026/bitemporal_go_API_v05/handlers/core_handlers.go:266.3,267.53 2 0
github.com/MarkWestbroek/Bitemporal_2026/bitemporal_go_API_v05/handlers/core_handlers.go:267.53,270.4 2 0
github.com/MarkWestbroek/Bitemporal_2026/bitemporal_go_API_v05/handlers/core_handlers.go:272.3,273.17 2 0
github.com/MarkWestbroek/Bitemporal_2026/bitemporal_go_API_v05/handlers/core_handlers.go:273.17,276.4 2 0
github.com/MarkWestbroek/Bitemporal_2026/bitemporal_go_API_v05/handlers/core_handlers.go:278.3,278.75 1 0
github.com/MarkWestbroek/Bitemporal_2026/bitemporal_go_API_v05/handlers/debug_flags.go:8.30,11.2 2 1
github.com/MarkWestbroek/Bitemporal_2026/bitemporal_go_API_v05/handlers/debug_utils.go:14.45,15.25 1 1
github.com/MarkWestbroek/Bitemporal_2026/bitemporal_go_API_v05/handlers/debug_utils.go:15.25,17.3 1 1
github.com/MarkWestbroek/Bitemporal_2026/bitemporal_go_API_v05/handlers/debug_utils.go:20.2,21.16 2 0
github.com/MarkWestbroek/Bitemporal_2026/bitemporal_go_API_v05/handlers/debug_utils.go:21.16,24.3 2 0
github.com/MarkWestbroek/Bitemporal_2026/bitemporal_go_API_v05/handlers/debug_utils.go:27.2,32.16 4 0
github.com/MarkWestbroek/Bitemporal_2026/bitemporal_go_API_v05/handlers/debug_utils.go:32.16,35.3 2 0
github.com/MarkWestbroek/Bitemporal_2026/bitemporal_go_API_v05/handlers/debug_utils.go:38.2,40.32 3 0
github.com/MarkWestbroek/Bitemporal_2026/bitemporal_go_API_v05/handlers/docs_handler.go:26.34,31.36 4 0
github.com/MarkWestbroek/Bitemporal_2026/bitemporal_go_API_v05/handlers/docs_handler.go:31.36,36.3 1 0
github.com/MarkWestbroek/Bitemporal_2026/bitemporal_go_API_v05/handlers/docs_handler.go:38.2,43.17 2 0
github.com/MarkWestbroek/Bitemporal_2026/bitemporal_go_API_v05/handlers/docs_handler.go:43.17,46.3 2 0
github.com/MarkWestbroek/Bitemporal_2026/bitemporal_go_API_v05/handlers/docs_handler.go:49.33,52.41 3 0
github.com/MarkWestbroek/Bitemporal_2026/bitemporal_go_API_v05/handlers/docs_handler.go:52.41,55.3 2 0
github.com/MarkWestbroek/Bitemporal_2026/bitemporal_go_API_v05/handlers/docs_handler.go:56.2,56.80 1 0
github.com/MarkWestbroek/Bitemporal_2026/bitemporal_go_API_v05/handlers/docs_handler.go:56.80,59.3 2 0
github.com/MarkWestbroek/Bitemporal_2026/bitemporal_go_API_v05/handlers/docs_handler.go:60.2,60.51 1 0
github.com/MarkWestbroek/Bitemporal_2026/bitemporal_go_API_v05/handlers/docs_handler.go:60.51,63.3 2 0
github.com/MarkWestbroek/Bitemporal_2026/bitemporal_go_API_v05/handlers/docs_handler.go:65.2,70.16 5 0
github.com/MarkWestbroek/Bitemporal_2026/bitemporal_go_API_v05/handlers/docs_handler.go:70.16,73.3 2 0
github.com/MarkWestbroek/Bitemporal_2026/bitemporal_go_API_v05/handlers/docs_handler.go:74.2,75.16 2 0
github.com/MarkWestbroek/Bitemporal_2026/bitemporal_go_API_v05/handlers/docs_handler.go:75.16,78.3 2 0
github.com/MarkWestbroek/Bitemporal_2026/bitemporal_go_API_v05/handlers/docs_handler.go:79.2,79.89 1 0
github.com/MarkWestbroek/Bitemporal_2026/bitemporal_go_API_v05/handlers/docs_handler.go:79.89,82.3 2 0
github.com/MarkWestbroek/Bitemporal_2026/bitemporal_go_API_v05/handlers/docs_handler.go:84.2,85.16 2 0
github.com/MarkWestbroek/Bitemporal_2026/bitemporal_go_API_v05/handlers/docs_handler.go:85.16,86.25 1 0
github.com/MarkWestbroek/Bitemporal_2026/bitemporal_go_API_v05/handlers/docs_handler.go:86.25,89.4 2 0
github.com/MarkWestbroek/Bitemporal_2026/bitemporal_go_API_v05/handlers/docs_handler.go:90.3,91.9 2 0
github.com/MarkWestbroek/Bitemporal_2026/bitemporal_go_API_v05/handlers/docs_handler.go:94.2,107.55 3 0
github.com/MarkWestbroek/Bitemporal_2026/bitemporal_go_API_v05/handlers/docs_handler.go:107.55,110.3 2 0
github.com/MarkWestbroek/Bitemporal_2026/bitemporal_go_API_v05/handlers/docs_handler.go:112.2,117.17 2 0
github.com/MarkWestbroek/Bitemporal_2026/bitemporal_go_API_v05/handlers/docs_handler.go:117.17,120.3 2 0
github.com/MarkWestbroek/Bitemporal_2026/bitemporal_go_API_v05/handlers/docs_handler.go:123.31,124.25 1 0
github.com/MarkWestbroek/Bitemporal_2026/bitemporal_go_API_v05/handlers/docs_handler.go:124.25,126.17 2 0
github.com/MarkWestbroek/Bitemporal_2026/bitemporal_go_API_v05/handlers/docs_handler.go:126.17,129.4 2 0
github.com/MarkWestbroek/Bitemporal_2026/bitemporal_go_API_v05/handlers/docs_handler.go:130.3,130.37 1 0
github.com/MarkWestbroek/Bitemporal_2026/bitemporal_go_API_v05/handlers/docs_handler.go:132.2,132.21 1 0
github.com/MarkWestbroek/Bitemporal_2026/bitemporal_go_API_v05/handlers/docs_handler.go:135.43,137.16 2 0
github.com/MarkWestbroek/Bitemporal_2026/bitemporal_go_API_v05/handlers/docs_handler.go:137.16,139.3 1 0
github.com/MarkWestbroek/Bitemporal_2026/bitemporal_go_API_v05/handlers/docs_handler.go:141.2,141.6 1 0
github.com/MarkWestbroek/Bitemporal_2026/bitemporal_go_API_v05/handlers/docs_handler.go:141.6,143.64 2 0
github.com/MarkWestbroek/Bitemporal_2026/bitemporal_go_API_v05/handlers/docs_handler.go:143.64,145.4 1 0
github.com/MarkWestbroek/Bitemporal_2026/bitemporal_go_API_v05/handlers/docs_handler.go:147.3,148.24 2 0
github.com/MarkWestbroek/Bitemporal_2026/bitemporal_go_API_v05/handlers/docs_handler.go:148.24,150.4 1 0
github.com/MarkWestbroek/Bitemporal_2026/bitemporal_go_API_v05/handlers/docs_handler.go:151.3,151.19 1 0
github.com/MarkWestbroek/Bitemporal_2026/bitemporal_go_API_v05/handlers/docs_handler.go:155.49,157.82 2 0
github.com/MarkWestbroek/Bitemporal_2026/bitemporal_go_API_v05/handlers/docs_handler.go:157.82,158.17 1 0
github.com/MarkWestbroek/Bitemporal_2026/bitemporal_go_API_v05/handlers/docs_handler.go:158.17,160.4 1 0
github.com/MarkWestbroek/Bitemporal_2026/bitemporal_go_API_v05/handlers/docs_handler.go:162.3,162.16 1 0
github.com/MarkWestbroek/Bitemporal_2026/bitemporal_go_API_v05/handlers/docs_handler.go:162.16,164.16 2 0
github.com/MarkWestbroek/Bitemporal_2026/bitemporal_go_API_v05/handlers/docs_handler.go:165.62,166.28 1 0
github.com/MarkWestbroek/Bitemporal_2026/bitemporal_go_API_v05/handlers/docs_handler.go:168.4,168.14 1 0
github.com/MarkWestbroek/Bitemporal_2026/bitemporal_go_API_v05/handlers/docs_handler.go:171.3,171.55 1 0
github.com/MarkWestbroek/Bitemporal_2026/bitemporal_go_API_v05/handlers/docs_handler.go:171.55,173.4 1 0
github.com/MarkWestbroek/Bitemporal_2026/bitemporal_go_API_v05/handlers/docs_handler.go:175.3,176.17 2 0
github.com/MarkWestbroek/Bitemporal_2026/bitemporal_go_API_v05/handlers/docs_handler.go:176.17,178.4 1 0
github.com/MarkWestbroek/Bitemporal_2026/bitemporal_go_API_v05/handlers/docs_handler.go:179.3,180.13 2 0
github.com/MarkWestbroek/Bitemporal_2026/bitemporal_go_API_v05/handlers/docs_handler.go:183.2,184.22 2 0
github.com/MarkWestbroek/Bitemporal_2026/bitemporal_go_API_v05/handlers/full_handlers.go:28.82,31.29 2 1
github.com/MarkWestbroek/Bitemporal_2026/bitemporal_go_API_v05/handlers/full_handlers.go:31.29,33.39 2 1
github.com/MarkWestbroek/Bitemporal_2026/bitemporal_go_API_v05/handlers/full_handlers.go:33.39,37.27 3 1
github.com/MarkWestbroek/Bitemporal_2026/bitemporal_go_API_v05/handlers/full_handlers.go:37.27,41.5 3 1
github.com/MarkWestbroek/Bitemporal_2026/bitemporal_go_API_v05/handlers/full_handlers.go:44.2,44.70 1 0
github.com/MarkWestbroek/Bitemporal_2026/bitemporal_go_API_v05/handlers/full_handlers.go:48.104,52.32 2 1
github.com/MarkWestbroek/Bitemporal_2026/bitemporal_go_API_v05/handlers/full_handlers.go:52.32,54.3 1 0
github.com/MarkWestbroek/Bitemporal_2026/bitemporal_go_API_v05/handlers/full_handlers.go:56.2,59.39 2 1
github.com/MarkWestbroek/Bitemporal_2026/bitemporal_go_API_v05/handlers/full_handlers.go:59.39,63.51 2 1
github.com/MarkWestbroek/Bitemporal_2026/bitemporal_go_API_v05/handlers/full_handlers.go:63.51,67.33 3 1
github.com/MarkWestbroek/Bitemporal_2026/bitemporal_go_API_v05/handlers/full_handlers.go:67.33,69.28 2 1
github.com/MarkWestbroek/Bitemporal_2026/bitemporal_go_API_v05/handlers/full_handlers.go:69.28,70.31 1 1
github.com/MarkWestbroek/Bitemporal_2026/bitemporal_go_API_v05/handlers/full_handlers.go:71.26,72.47 1 0
github.com/MarkWestbroek/Bitemporal_2026/bitemporal_go_API_v05/handlers/full_handlers.go:72.47,75.8 2 0
github.com/MarkWestbroek/Bitemporal_2026/bitemporal_go_API_v05/handlers/full_handlers.go:76.7,76.99 1 0
github.com/MarkWestbroek/Bitemporal_2026/bitemporal_go_API_v05/handlers/full_handlers.go:77.82,79.89 2 1
github.com/MarkWestbroek/Bitemporal_2026/bitemporal_go_API_v05/handlers/full_handlers.go:79.89,81.8 1 0
github.com/MarkWestbroek/Bitemporal_2026/bitemporal_go_API_v05/handlers/full_handlers.go:82.7,83.17 2 1
github.com/MarkWestbroek/Bitemporal_2026/bitemporal_go_API_v05/handlers/full_handlers.go:84.14,85.105 1 0
github.com/MarkWestbroek/Bitemporal_2026/bitemporal_go_API_v05/handlers/full_handlers.go:92.3,92.54 1 1
github.com/MarkWestbroek/Bitemporal_2026/bitemporal_go_API_v05/handlers/full_handlers.go:92.54,95.31 3 1
github.com/MarkWestbroek/Bitemporal_2026/bitemporal_go_API_v05/handlers/full_handlers.go:95.31,97.28 2 0
github.com/MarkWestbroek/Bitemporal_2026/bitemporal_go_API_v05/handlers/full_handlers.go:97.28,98.31 1 0
github.com/MarkWestbroek/Bitemporal_2026/bitemporal_go_API_v05/handlers/full_handlers.go:99.26,100.47 1 0
github.com/MarkWestbroek/Bitemporal_2026/bitemporal_go_API_v05/handlers/full_handlers.go:100.47,103.8 2 0
github.com/MarkWestbroek/Bitemporal_2026/bitemporal_go_API_v05/handlers/full_handlers.go:104.7,104.99 1 0
github.com/MarkWestbroek/Bitemporal_2026/bitemporal_go_API_v05/handlers/full_handlers.go:105.82,107.89 2 0
github.com/MarkWestbroek/Bitemporal_2026/bitemporal_go_API_v05/handlers/full_handlers.go:107.89,109.8 1 0
github.com/MarkWestbroek/Bitemporal_2026/bitemporal_go_API_v05/handlers/full_handlers.go:110.7,111.17 2 0
github.com/MarkWestbroek/Bitemporal_2026/bitemporal_go_API_v05/handlers/full_handlers.go:112.14,113.105 1 0
github.com/MarkWestbroek/Bitemporal_2026/bitemporal_go_API_v05/handlers/full_handlers.go:120.2,120.76 1 0
github.com/MarkWestbroek/Bitemporal_2026/bitemporal_go_API_v05/handlers/full_handlers.go:133.74,135.27 2 1
github.com/MarkWestbroek/Bitemporal_2026/bitemporal_go_API_v05/handlers/full_handlers.go:135.27,137.17 2 1
github.com/MarkWestbroek/Bitemporal_2026/bitemporal_go_API_v05/handlers/full_handlers.go:137.17,139.4 1 1
github.com/MarkWestbroek/Bitemporal_2026/bitemporal_go_API_v05/handlers/full_handlers.go:140.3,140.25 1 1
github.com/MarkWestbroek/Bitemporal_2026/bitemporal_go_API_v05/handlers/full_handlers.go:140.25,142.4 1 0
github.com/MarkWestbroek/Bitemporal_2026/bitemporal_go_API_v05/handlers/full_handlers.go:144.3,144.28 1 1
github.com/MarkWestbroek/Bitemporal_2026/bitemporal_go_API_v05/handlers/full_handlers.go:147.2,148.16 2 1
github.com/MarkWestbroek/Bitemporal_2026/bitemporal_go_API_v05/handlers/full_handlers.go:148.16,150.3 1 1
github.com/MarkWestbroek/Bitemporal_2026/bitemporal_go_API_v05/handlers/full_handlers.go:151.2,152.16 2 1
github.com/MarkWestbroek/Bitemporal_2026/bitemporal_go_API_v05/handlers/full_handlers.go:152.16,154.3 1 0
github.com/MarkWestbroek/Bitemporal_2026/bitemporal_go_API_v05/handlers/full_handlers.go:156.2,157.24 2 1
github.com/MarkWestbroek/Bitemporal_2026/bitemporal_go_API_v05/handlers/full_handlers.go:157.24,159.3 1 0
github.com/MarkWestbroek/Bitemporal_2026/bitemporal_go_API_v05/handlers/full_handlers.go:161.2,161.27 1 1
github.com/MarkWestbroek/Bitemporal_2026/bitemporal_go_API_v05/handlers/full_handlers.go:164.36,169.2 1 1
github.com/MarkWestbroek/Bitemporal_2026/bitemporal_go_API_v05/handlers/full_handlers.go:176.93,179.32 3 1
github.com/MarkWestbroek/Bitemporal_2026/bitemporal_go_API_v05/handlers/full_handlers.go:179.32,181.3 1 1
github.com/MarkWestbroek/Bitemporal_2026/bitemporal_go_API_v05/handlers/full_handlers.go:183.2,184.17 2 1
github.com/MarkWestbroek/Bitemporal_2026/bitemporal_go_API_v05/handlers/full_handlers.go:184.17,186.17 2 1
github.com/MarkWestbroek/Bitemporal_2026/bitemporal_go_API_v05/handlers/full_handlers.go:186.17,188.4 1 1
github.com/MarkWestbroek/Bitemporal_2026/bitemporal_go_API_v05/handlers/full_handlers.go:189.3,191.25 3 1
github.com/MarkWestbroek/Bitemporal_2026/bitemporal_go_API_v05/handlers/full_handlers.go:191.25,193.4 1 0
github.com/MarkWestbroek/Bitemporal_2026/bitemporal_go_API_v05/handlers/full_handlers.go:196.2,197.17 2 1
github.com/MarkWestbroek/Bitemporal_2026/bitemporal_go_API_v05/handlers/full_handlers.go:197.17,199.17 2 1
github.com/MarkWestbroek/Bitemporal_2026/bitemporal_go_API_v05/handlers/full_handlers.go:199.17,201.4 1 0
github.com/MarkWestbroek/Bitemporal_2026/bitemporal_go_API_v05/handlers/full_handlers.go:202.3,204.25 3 1
github.com/MarkWestbroek/Bitemporal_2026/bitemporal_go_API_v05/handlers/full_handlers.go:204.25,206.4 1 0
github.com/MarkWestbroek/Bitemporal_2026/bitemporal_go_API_v05/handlers/full_handlers.go:209.2,209.45 1 1
github.com/MarkWestbroek/Bitemporal_2026/bitemporal_go_API_v05/handlers/full_handlers.go:209.45,211.3 1 1
github.com/MarkWestbroek/Bitemporal_2026/bitemporal_go_API_v05/handlers/full_handlers.go:213.2,213.20 1 1
github.com/MarkWestbroek/Bitemporal_2026/bitemporal_go_API_v05/handlers/full_handlers.go:216.95,218.25 2 1
github.com/MarkWestbroek/Bitemporal_2026/bitemporal_go_API_v05/handlers/full_handlers.go:218.25,220.3 1 1
github.com/MarkWestbroek/Bitemporal_2026/bitemporal_go_API_v05/handlers/full_handlers.go:222.2,225.32 3 1
github.com/MarkWestbroek/Bitemporal_2026/bitemporal_go_API_v05/handlers/full_handlers.go:225.32,226.48 1 1
github.com/MarkWestbroek/Bitemporal_2026/bitemporal_go_API_v05/handlers/full_handlers.go:226.48,228.19 2 1
github.com/MarkWestbroek/Bitemporal_2026/bitemporal_go_API_v05/handlers/full_handlers.go:228.19,229.13 1 0
github.com/MarkWestbroek/Bitemporal_2026/bitemporal_go_API_v05/handlers/full_handlers.go:232.4,233.17 2 1
github.com/MarkWestbroek/Bitemporal_2026/bitemporal_go_API_v05/handlers/full_handlers.go:234.50,235.41 1 1
github.com/MarkWestbroek/Bitemporal_2026/bitemporal_go_API_v05/handlers/full_handlers.go:236.48,237.39 1 1
github.com/MarkWestbroek/Bitemporal_2026/bitemporal_go_API_v05/handlers/full_handlers.go:238.53,239.44 1 1
github.com/MarkWestbroek/Bitemporal_2026/bitemporal_go_API_v05/handlers/full_handlers.go:240.12,241.72 1 1
github.com/MarkWestbroek/Bitemporal_2026/bitemporal_go_API_v05/handlers/full_handlers.go:244.4,244.16 1 1
github.com/MarkWestbroek/Bitemporal_2026/bitemporal_go_API_v05/handlers/full_handlers.go:244.16,247.5 2 1
github.com/MarkWestbroek/Bitemporal_2026/bitemporal_go_API_v05/handlers/full_handlers.go:251.2,251.21 1 1
github.com/MarkWestbroek/Bitemporal_2026/bitemporal_go_API_v05/handlers/full_handlers.go:251.21,253.3 1 0
github.com/MarkWestbroek/Bitemporal_2026/bitemporal_go_API_v05/handlers/full_handlers.go:255.2,255.19 1 1
github.com/MarkWestbroek/Bitemporal_2026/bitemporal_go_API_v05/handlers/full_handlers.go:258.48,260.2 1 1
github.com/MarkWestbroek/Bitemporal_2026/bitemporal_go_API_v05/handlers/full_handlers.go:262.34,263.23 1 1
github.com/MarkWestbroek/Bitemporal_2026/bitemporal_go_API_v05/handlers/full_handlers.go:264.22,266.27 2 1
github.com/MarkWestbroek/Bitemporal_2026/bitemporal_go_API_v05/handlers/full_handlers.go:266.27,268.4 1 1
github.com/MarkWestbroek/Bitemporal_2026/bitemporal_go_API_v05/handlers/full_handlers.go:269.3,269.11 1 1
github.com/MarkWestbroek/Bitemporal_2026/bitemporal_go_API_v05/handlers/full_handlers.go:270.13,271.27 1 1
github.com/MarkWestbroek/Bitemporal_2026/bitemporal_go_API_v05/handlers/full_handlers.go:271.27,273.4 1 1
github.com/MarkWestbroek/Bitemporal_2026/bitemporal_go_API_v05/handlers/full_handlers.go:274.3,274.11 1 1
github.com/MarkWestbroek/Bitemporal_2026/bitemporal_go_API_v05/handlers/full_handlers.go:275.10,276.11 1 1
github.com/MarkWestbroek/Bitemporal_2026/bitemporal_go_API_v05/handlers/full_handlers.go:280.62,282.16 2 1
github.com/MarkWestbroek/Bitemporal_2026/bitemporal_go_API_v05/handlers/full_handlers.go:282.16,284.3 1 0
github.com/MarkWestbroek/Bitemporal_2026/bitemporal_go_API_v05/handlers/full_handlers.go:286.2,287.52 2 1
github.com/MarkWestbroek/Bitemporal_2026/bitemporal_go_API_v05/handlers/full_handlers.go:287.52,289.3 1 0
github.com/MarkWestbroek/Bitemporal_2026/bitemporal_go_API_v05/handlers/full_handlers.go:291.2,291.39 1 1
github.com/MarkWestbroek/Bitemporal_2026/bitemporal_go_API_v05/handlers/full_handlers.go:294.51,296.16 2 1
github.com/MarkWestbroek/Bitemporal_2026/bitemporal_go_API_v05/handlers/full_handlers.go:296.16,298.3 1 0
github.com/MarkWestbroek/Bitemporal_2026/bitemporal_go_API_v05/handlers/full_handlers.go:299.2,300.51 2 1
github.com/MarkWestbroek/Bitemporal_2026/bitemporal_go_API_v05/handlers/full_handlers.go:300.51,302.3 1 0
github.com/MarkWestbroek/Bitemporal_2026/bitemporal_go_API_v05/handlers/full_handlers.go:303.2,303.20 1 1
github.com/MarkWestbroek/Bitemporal_2026/bitemporal_go_API_v05/handlers/full_handlers.go:306.74,308.74 2 1
github.com/MarkWestbroek/Bitemporal_2026/bitemporal_go_API_v05/handlers/full_handlers.go:308.74,310.3 1 0
github.com/MarkWestbroek/Bitemporal_2026/bitemporal_go_API_v05/handlers/full_handlers.go:312.2,312.27 1 1
github.com/MarkWestbroek/Bitemporal_2026/bitemporal_go_API_v05/handlers/full_handlers.go:315.69,316.42 1 1
github.com/MarkWestbroek/Bitemporal_2026/bitemporal_go_API_v05/handlers/full_handlers.go:316.42,317.33 1 1
github.com/MarkWestbroek/Bitemporal_2026/bitemporal_go_API_v05/handlers/full_handlers.go:317.33,319.4 1 1
github.com/MarkWestbroek/Bitemporal_2026/bitemporal_go_API_v05/handlers/full_handlers.go:321.3,321.26 1 1
github.com/MarkWestbroek/Bitemporal_2026/bitemporal_go_API_v05/handlers/full_handlers.go:321.26,323.26 2 1
github.com/MarkWestbroek/Bitemporal_2026/bitemporal_go_API_v05/handlers/full_handlers.go:323.26,324.42 1 1
github.com/MarkWestbroek/Bitemporal_2026/bitemporal_go_API_v05/handlers/full_handlers.go:324.42,326.6 1 1
github.com/MarkWestbroek/Bitemporal_2026/bitemporal_go_API_v05/handlers/full_handlers.go:327.5,327.40 1 1
github.com/MarkWestbroek/Bitemporal_2026/bitemporal_go_API_v05/handlers/full_handlers.go:327.40,329.6 1 1
github.com/MarkWestbroek/Bitemporal_2026/bitemporal_go_API_v05/handlers/full_handlers.go:333.3,333.28 1 1
github.com/MarkWestbroek/Bitemporal_2026/bitemporal_go_API_v05/handlers/full_handlers.go:333.28,335.21 2 1
github.com/MarkWestbroek/Bitemporal_2026/bitemporal_go_API_v05/handlers/full_handlers.go:335.21,336.37 1 1
github.com/MarkWestbroek/Bitemporal_2026/bitemporal_go_API_v05/handlers/full_handlers.go:336.37,338.6 1 1
github.com/MarkWestbroek/Bitemporal_2026/bitemporal_go_API_v05/handlers/full_handlers.go:339.5,339.35 1 1
github.com/MarkWestbroek/Bitemporal_2026/bitemporal_go_API_v05/handlers/full_handlers.go:339.35,341.6 1 0
github.com/MarkWestbroek/Bitemporal_2026/bitemporal_go_API_v05/handlers/full_handlers.go:346.2,346.32 1 1
github.com/MarkWestbroek/Bitemporal_2026/bitemporal_go_API_v05/handlers/full_handlers.go:356.78,358.9 2 1
github.com/MarkWestbroek/Bitemporal_2026/bitemporal_go_API_v05/handlers/full_handlers.go:358.9,360.3 1 1
github.com/MarkWestbroek/Bitemporal_2026/bitemporal_go_API_v05/handlers/full_handlers.go:362.2,362.48 1 1
github.com/MarkWestbroek/Bitemporal_2026/bitemporal_go_API_v05/handlers/full_handlers.go:362.48,364.3 1 0
github.com/MarkWestbroek/Bitemporal_2026/bitemporal_go_API_v05/handlers/full_handlers.go:366.2,366.45 1 1
github.com/MarkWestbroek/Bitemporal_2026/bitemporal_go_API_v05/handlers/full_handlers.go:366.45,373.3 1 1
github.com/MarkWestbroek/Bitemporal_2026/bitemporal_go_API_v05/handlers/full_handlers.go:375.2,376.9 2 1
github.com/MarkWestbroek/Bitemporal_2026/bitemporal_go_API_v05/handlers/full_handlers.go:376.9,378.3 1 0
github.com/MarkWestbroek/Bitemporal_2026/bitemporal_go_API_v05/handlers/full_handlers.go:379.2,379.32 1 1
github.com/MarkWestbroek/Bitemporal_2026/bitemporal_go_API_v05/handlers/full_handlers.go:379.32,381.3 1 0
github.com/MarkWestbroek/Bitemporal_2026/bitemporal_go_API_v05/handlers/full_handlers.go:383.2,388.8 1 1
github.com/MarkWestbroek/Bitemporal_2026/bitemporal_go_API_v05/handlers/full_handlers.go:391.121,394.16 3 1
github.com/MarkWestbroek/Bitemporal_2026/bitemporal_go_API_v05/handlers/full_handlers.go:394.16,395.25 1 1
github.com/MarkWestbroek/Bitemporal_2026/bitemporal_go_API_v05/handlers/full_handlers.go:395.25,397.4 1 0
github.com/MarkWestbroek/Bitemporal_2026/bitemporal_go_API_v05/handlers/full_handlers.go:398.3,399.57 1 1
github.com/MarkWestbroek/Bitemporal_2026/bitemporal_go_API_v05/handlers/full_handlers.go:402.2,413.134 1 1
github.com/MarkWestbroek/Bitemporal_2026/bitemporal_go_API_v05/handlers/full_handlers.go:428.36,441.16 3 1
github.com/MarkWestbroek/Bitemporal_2026/bitemporal_go_API_v05/handlers/full_handlers.go:441.16,442.27 1 0
github.com/MarkWestbroek/Bitemporal_2026/bitemporal_go_API_v05/handlers/full_handlers.go:442.27,444.4 1 0
github.com/MarkWestbroek/Bitemporal_2026/bitemporal_go_API_v05/handlers/full_handlers.go:445.3,445.18 1 0
github.com/MarkWestbroek/Bitemporal_2026/bitemporal_go_API_v05/handlers/full_handlers.go:448.2,448.17 1 1
github.com/MarkWestbroek/Bitemporal_2026/bitemporal_go_API_v05/handlers/full_handlers.go:459.9,468.16 2 1
github.com/MarkWestbroek/Bitemporal_2026/bitemporal_go_API_v05/handlers/full_handlers.go:468.16,470.3 1 0
github.com/MarkWestbroek/Bitemporal_2026/bitemporal_go_API_v05/handlers/full_handlers.go:472.2,475.22 3 1
github.com/MarkWestbroek/Bitemporal_2026/bitemporal_go_API_v05/handlers/full_handlers.go:475.22,477.3 1 0
github.com/MarkWestbroek/Bitemporal_2026/bitemporal_go_API_v05/handlers/full_handlers.go:479.2,480.34 2 1
github.com/MarkWestbroek/Bitemporal_2026/bitemporal_go_API_v05/handlers/full_handlers.go:481.34,482.30 1 1
github.com/MarkWestbroek/Bitemporal_2026/bitemporal_go_API_v05/handlers/full_handlers.go:483.34,484.30 1 0
github.com/MarkWestbroek/Bitemporal_2026/bitemporal_go_API_v05/handlers/full_handlers.go:487.2,487.12 1 1
github.com/MarkWestbroek/Bitemporal_2026/bitemporal_go_API_v05/handlers/full_handlers.go:492.69,494.58 2 0
github.com/MarkWestbroek/Bitemporal_2026/bitemporal_go_API_v05/handlers/full_handlers.go:494.58,496.3 1 0
github.com/MarkWestbroek/Bitemporal_2026/bitemporal_go_API_v05/handlers/full_handlers.go:498.2,500.9 3 0
github.com/MarkWestbroek/Bitemporal_2026/bitemporal_go_API_v05/handlers/full_handlers.go:500.9,502.3 1 0
github.com/MarkWestbroek/Bitemporal_2026/bitemporal_go_API_v05/handlers/full_handlers.go:503.2,503.45 1 0
github.com/MarkWestbroek/Bitemporal_2026/bitemporal_go_API_v05/handlers/full_handlers.go:503.45,505.3 1 0
github.com/MarkWestbroek/Bitemporal_2026/bitemporal_go_API_v05/handlers/full_handlers.go:507.2,507.18 1 0
github.com/MarkWestbroek/Bitemporal_2026/bitemporal_go_API_v05/handlers/full_handlers.go:513.103,515.58 2 0
github.com/MarkWestbroek/Bitemporal_2026/bitemporal_go_API_v05/handlers/full_handlers.go:515.58,517.3 1 0
github.com/MarkWestbroek/Bitemporal_2026/bitemporal_go_API_v05/handlers/full_handlers.go:519.2,520.40 2 0
github.com/MarkWestbroek/Bitemporal_2026/bitemporal_go_API_v05/handlers/full_handlers.go:520.40,522.3 1 0
github.com/MarkWestbroek/Bitemporal_2026/bitemporal_go_API_v05/handlers/full_handlers.go:524.2,524.40 1 0
github.com/MarkWestbroek/Bitemporal_2026/bitemporal_go_API_v05/handlers/full_handlers.go:524.40,526.91 2 0
github.com/MarkWestbroek/Bitemporal_2026/bitemporal_go_API_v05/handlers/full_handlers.go:526.91,528.4 1 0
github.com/MarkWestbroek/Bitemporal_2026/bitemporal_go_API_v05/handlers/full_handlers.go:531.2,531.12 1 0
github.com/MarkWestbroek/Bitemporal_2026/bitemporal_go_API_v05/handlers/full_handlers.go:540.102,542.16 2 0
github.com/MarkWestbroek/Bitemporal_2026/bitemporal_go_API_v05/handlers/full_handlers.go:542.16,544.3 1 0
github.com/MarkWestbroek/Bitemporal_2026/bitemporal_go_API_v05/handlers/full_handlers.go:546.2,547.9 2 0
github.com/MarkWestbroek/Bitemporal_2026/bitemporal_go_API_v05/handlers/full_handlers.go:547.9,549.3 1 0
github.com/MarkWestbroek/Bitemporal_2026/bitemporal_go_API_v05/handlers/full_handlers.go:551.2,552.9 2 0
github.com/MarkWestbroek/Bitemporal_2026/bitemporal_go_API_v05/handlers/full_handlers.go:552.9,554.3 1 0
github.com/MarkWestbroek/Bitemporal_2026/bitemporal_go_API_v05/handlers/full_handlers.go:556.2,557.134 2 0
github.com/MarkWestbroek/Bitemporal_2026/bitemporal_go_API_v05/handlers/full_handlers.go:557.134,559.3 1 0
github.com/MarkWestbroek/Bitemporal_2026/bitemporal_go_API_v05/handlers/full_handlers.go:561.2,562.9 2 0
github.com/MarkWestbroek/Bitemporal_2026/bitemporal_go_API_v05/handlers/full_handlers.go:562.9,564.3 1 0
github.com/MarkWestbroek/Bitemporal_2026/bitemporal_go_API_v05/handlers/full_handlers.go:566.2,566.72 1 0
github.com/MarkWestbroek/Bitemporal_2026/bitemporal_go_API_v05/handlers/full_handlers.go:566.72,567.32 1 0
github.com/MarkWestbroek/Bitemporal_2026/bitemporal_go_API_v05/handlers/full_handlers.go:567.32,568.12 1 0
github.com/MarkWestbroek/Bitemporal_2026/bitemporal_go_API_v05/handlers/full_handlers.go:571.3,572.152 2 0
github.com/MarkWestbroek/Bitemporal_2026/bitemporal_go_API_v05/handlers/full_handlers.go:572.152,574.4 1 0
github.com/MarkWestbroek/Bitemporal_2026/bitemporal_go_API_v05/handlers/full_handlers.go:577.2,577.12 1 0
github.com/MarkWestbroek/Bitemporal_2026/bitemporal_go_API_v05/handlers/full_handlers.go:580.86,584.44 3 1
github.com/MarkWestbroek/Bitemporal_2026/bitemporal_go_API_v05/handlers/full_handlers.go:584.44,585.65 1 1
github.com/MarkWestbroek/Bitemporal_2026/bitemporal_go_API_v05/handlers/full_handlers.go:585.65,586.12 1 0
github.com/MarkWestbroek/Bitemporal_2026/bitemporal_go_API_v05/handlers/full_handlers.go:588.3,589.10 2 1
github.com/MarkWestbroek/Bitemporal_2026/bitemporal_go_API_v05/handlers/full_handlers.go:589.10,590.12 1 0
github.com/MarkWestbroek/Bitemporal_2026/bitemporal_go_API_v05/handlers/full_handlers.go:592.3,593.18 2 1
github.com/MarkWestbroek/Bitemporal_2026/bitemporal_go_API_v05/handlers/full_handlers.go:593.18,596.4 2 1
github.com/MarkWestbroek/Bitemporal_2026/bitemporal_go_API_v05/handlers/full_handlers.go:599.2,599.14 1 1
github.com/MarkWestbroek/Bitemporal_2026/bitemporal_go_API_v05/handlers/full_handlers.go:604.65,605.30 1 1
github.com/MarkWestbroek/Bitemporal_2026/bitemporal_go_API_v05/handlers/full_handlers.go:605.30,615.36 4 1
github.com/MarkWestbroek/Bitemporal_2026/bitemporal_go_API_v05/handlers/full_handlers.go:615.36,617.28 2 1
github.com/MarkWestbroek/Bitemporal_2026/bitemporal_go_API_v05/handlers/full_handlers.go:617.28,620.5 2 1
github.com/MarkWestbroek/Bitemporal_2026/bitemporal_go_API_v05/handlers/full_handlers.go:621.4,621.12 1 1
github.com/MarkWestbroek/Bitemporal_2026/bitemporal_go_API_v05/handlers/full_handlers.go:624.3,624.36 1 1
github.com/MarkWestbroek/Bitemporal_2026/bitemporal_go_API_v05/handlers/full_handlers.go:624.36,626.28 2 1
github.com/MarkWestbroek/Bitemporal_2026/bitemporal_go_API_v05/handlers/full_handlers.go:626.28,629.5 2 1
github.com/MarkWestbroek/Bitemporal_2026/bitemporal_go_API_v05/handlers/full_handlers.go:630.4,630.19 1 1
github.com/MarkWestbroek/Bitemporal_2026/bitemporal_go_API_v05/handlers/full_handlers.go:630.19,632.5 1 1
github.com/MarkWestbroek/Bitemporal_2026/bitemporal_go_API_v05/handlers/full_handlers.go:632.10,634.5 1 1
github.com/MarkWestbroek/Bitemporal_2026/bitemporal_go_API_v05/handlers/full_handlers.go:637.3,640.17 3 1
github.com/MarkWestbroek/Bitemporal_2026/bitemporal_go_API_v05/handlers/full_handlers.go:640.17,643.4 2 1
github.com/MarkWestbroek/Bitemporal_2026/bitemporal_go_API_v05/handlers/full_handlers.go:644.3,645.17 2 1
github.com/MarkWestbroek/Bitemporal_2026/bitemporal_go_API_v05/handlers/full_handlers.go:645.17,648.4 2 1
github.com/MarkWestbroek/Bitemporal_2026/bitemporal_go_API_v05/handlers/full_handlers.go:649.3,650.17 2 1
github.com/MarkWestbroek/Bitemporal_2026/bitemporal_go_API_v05/handlers/full_handlers.go:650.17,653.4 2 1
github.com/MarkWestbroek/Bitemporal_2026/bitemporal_go_API_v05/handlers/full_handlers.go:655.3,657.26 3 1
github.com/MarkWestbroek/Bitemporal_2026/bitemporal_go_API_v05/handlers/full_handlers.go:657.26,659.4 1 1
github.com/MarkWestbroek/Bitemporal_2026/bitemporal_go_API_v05/handlers/full_handlers.go:660.3,660.29 1 1
github.com/MarkWestbroek/Bitemporal_2026/bitemporal_go_API_v05/handlers/full_handlers.go:660.29,661.17 1 0
github.com/MarkWestbroek/Bitemporal_2026/bitemporal_go_API_v05/handlers/full_handlers.go:661.17,663.5 1 0
github.com/MarkWestbroek/Bitemporal_2026/bitemporal_go_API_v05/handlers/full_handlers.go:664.4,664.17 1 0
github.com/MarkWestbroek/Bitemporal_2026/bitemporal_go_API_v05/handlers/full_handlers.go:664.17,666.5 1 0
github.com/MarkWestbroek/Bitemporal_2026/bitemporal_go_API_v05/handlers/full_handlers.go:667.4,667.91 1 0
github.com/MarkWestbroek/Bitemporal_2026/bitemporal_go_API_v05/handlers/full_handlers.go:667.91,668.18 1 0
github.com/MarkWestbroek/Bitemporal_2026/bitemporal_go_API_v05/handlers/full_handlers.go:668.18,670.6 1 0
github.com/MarkWestbroek/Bitemporal_2026/bitemporal_go_API_v05/handlers/full_handlers.go:671.5,671.18 1 0
github.com/MarkWestbroek/Bitemporal_2026/bitemporal_go_API_v05/handlers/full_handlers.go:671.18,673.6 1 0
github.com/MarkWestbroek/Bitemporal_2026/bitemporal_go_API_v05/handlers/full_handlers.go:674.5,674.20 1 0
github.com/MarkWestbroek/Bitemporal_2026/bitemporal_go_API_v05/handlers/full_handlers.go:676.9,676.33 1 1
github.com/MarkWestbroek/Bitemporal_2026/bitemporal_go_API_v05/handlers/full_handlers.go:676.33,678.91 2 1
github.com/MarkWestbroek/Bitemporal_2026/bitemporal_go_API_v05/handlers/full_handlers.go:678.91,680.5 1 1
github.com/MarkWestbroek/Bitemporal_2026/bitemporal_go_API_v05/handlers/full_handlers.go:681.9,683.4 1 1
github.com/MarkWestbroek/Bitemporal_2026/bitemporal_go_API_v05/handlers/full_handlers.go:685.3,689.17 2 1
github.com/MarkWestbroek/Bitemporal_2026/bitemporal_go_API_v05/handlers/full_handlers.go:689.17,692.4 2 1
github.com/MarkWestbroek/Bitemporal_2026/bitemporal_go_API_v05/handlers/full_handlers.go:694.3,696.36 3 1
github.com/MarkWestbroek/Bitemporal_2026/bitemporal_go_API_v05/handlers/full_handlers.go:696.36,698.18 2 1
github.com/MarkWestbroek/Bitemporal_2026/bitemporal_go_API_v05/handlers/full_handlers.go:698.18,701.5 2 0
github.com/MarkWestbroek/Bitemporal_2026/bitemporal_go_API_v05/handlers/full_handlers.go:702.4,703.63 2 1
github.com/MarkWestbroek/Bitemporal_2026/bitemporal_go_API_v05/handlers/full_handlers.go:706.3,711.5 1 1
github.com/MarkWestbroek/Bitemporal_2026/bitemporal_go_API_v05/handlers/full_handlers.go:716.68,717.30 1 1
github.com/MarkWestbroek/Bitemporal_2026/bitemporal_go_API_v05/handlers/full_handlers.go:717.30,719.20 2 1
github.com/MarkWestbroek/Bitemporal_2026/bitemporal_go_API_v05/handlers/full_handlers.go:719.20,722.4 2 1
github.com/MarkWestbroek/Bitemporal_2026/bitemporal_go_API_v05/handlers/full_handlers.go:724.3,724.50 1 1
github.com/MarkWestbroek/Bitemporal_2026/bitemporal_go_API_v05/handlers/full_handlers.go:724.50,727.4 2 1
github.com/MarkWestbroek/Bitemporal_2026/bitemporal_go_API_v05/handlers/full_handlers.go:729.3,735.17 3 1
github.com/MarkWestbroek/Bitemporal_2026/bitemporal_go_API_v05/handlers/full_handlers.go:735.17,736.28 1 1
github.com/MarkWestbroek/Bitemporal_2026/bitemporal_go_API_v05/handlers/full_handlers.go:736.28,739.5 2 1
github.com/MarkWestbroek/Bitemporal_2026/bitemporal_go_API_v05/handlers/full_handlers.go:740.4,741.10 2 1
github.com/MarkWestbroek/Bitemporal_2026/bitemporal_go_API_v05/handlers/full_handlers.go:744.3,745.17 2 1
github.com/MarkWestbroek/Bitemporal_2026/bitemporal_go_API_v05/handlers/full_handlers.go:745.17,748.4 2 0
github.com/MarkWestbroek/Bitemporal_2026/bitemporal_go_API_v05/handlers/full_handlers.go:749.3,751.32 2 1
github.com/MarkWestbroek/Bitemporal_2026/bitemporal_go_API_v05/handlers/full_handlers.go:756.76,757.30 1 1
github.com/MarkWestbroek/Bitemporal_2026/bitemporal_go_API_v05/handlers/full_handlers.go:757.30,764.26 2 1
github.com/MarkWestbroek/Bitemporal_2026/bitemporal_go_API_v05/handlers/full_handlers.go:764.26,767.4 2 0
github.com/MarkWestbroek/Bitemporal_2026/bitemporal_go_API_v05/handlers/full_handlers.go:768.3,768.31 1 1
github.com/MarkWestbroek/Bitemporal_2026/bitemporal_go_API_v05/handlers/full_handlers.go:768.31,771.4 2 0
github.com/MarkWestbroek/Bitemporal_2026/bitemporal_go_API_v05/handlers/full_handlers.go:773.3,776.36 3 1
github.com/MarkWestbroek/Bitemporal_2026/bitemporal_go_API_v05/handlers/full_handlers.go:776.36,778.28 2 1
github.com/MarkWestbroek/Bitemporal_2026/bitemporal_go_API_v05/handlers/full_handlers.go:778.28,781.5 2 0
github.com/MarkWestbroek/Bitemporal_2026/bitemporal_go_API_v05/handlers/full_handlers.go:782.4,782.12 1 1
github.com/MarkWestbroek/Bitemporal_2026/bitemporal_go_API_v05/handlers/full_handlers.go:785.3,785.36 1 1
github.com/MarkWestbroek/Bitemporal_2026/bitemporal_go_API_v05/handlers/full_handlers.go:785.36,787.28 2 1
github.com/MarkWestbroek/Bitemporal_2026/bitemporal_go_API_v05/handlers/full_handlers.go:787.28,790.5 2 0
github.com/MarkWestbroek/Bitemporal_2026/bitemporal_go_API_v05/handlers/full_handlers.go:791.4,791.19 1 1
github.com/MarkWestbroek/Bitemporal_2026/bitemporal_go_API_v05/handlers/full_handlers.go:791.19,793.5 1 0
github.com/MarkWestbroek/Bitemporal_2026/bitemporal_go_API_v05/handlers/full_handlers.go:793.10,795.5 1 1
github.com/MarkWestbroek/Bitemporal_2026/bitemporal_go_API_v05/handlers/full_handlers.go:798.3,803.17 5 1
github.com/MarkWestbroek/Bitemporal_2026/bitemporal_go_API_v05/handlers/full_handlers.go:803.17,806.4 2 0
github.com/MarkWestbroek/Bitemporal_2026/bitemporal_go_API_v05/handlers/full_handlers.go:807.3,807.26 1 1
github.com/MarkWestbroek/Bitemporal_2026/bitemporal_go_API_v05/handlers/full_handlers.go:807.26,809.4 1 0
github.com/MarkWestbroek/Bitemporal_2026/bitemporal_go_API_v05/handlers/full_handlers.go:811.3,811.59 1 1
github.com/MarkWestbroek/Bitemporal_2026/bitemporal_go_API_v05/handlers/full_handlers.go:811.59,814.27 3 0
github.com/MarkWestbroek/Bitemporal_2026/bitemporal_go_API_v05/handlers/full_handlers.go:814.27,815.90 1 0
github.com/MarkWestbroek/Bitemporal_2026/bitemporal_go_API_v05/handlers/full_handlers.go:815.90,817.6 1 0
github.com/MarkWestbroek/Bitemporal_2026/bitemporal_go_API_v05/handlers/full_handlers.go:818.10,820.5 1 0
github.com/MarkWestbroek/Bitemporal_2026/bitemporal_go_API_v05/handlers/full_handlers.go:823.3,827.17 2 1
github.com/MarkWestbroek/Bitemporal_2026/bitemporal_go_API_v05/handlers/full_handlers.go:827.17,830.4 2 0
github.com/MarkWestbroek/Bitemporal_2026/bitemporal_go_API_v05/handlers/full_handlers.go:832.3,832.26 1 1
github.com/MarkWestbroek/Bitemporal_2026/bitemporal_go_API_v05/handlers/full_handlers.go:832.26,833.91 1 0
github.com/MarkWestbroek/Bitemporal_2026/bitemporal_go_API_v05/handlers/full_handlers.go:833.91,836.5 2 0
github.com/MarkWestbroek/Bitemporal_2026/bitemporal_go_API_v05/handlers/full_handlers.go:839.3,840.17 2 1
github.com/MarkWestbroek/Bitemporal_2026/bitemporal_go_API_v05/handlers/full_handlers.go:840.17,843.4 2 0
github.com/MarkWestbroek/Bitemporal_2026/bitemporal_go_API_v05/handlers/full_handlers.go:844.3,847.31 3 1
github.com/MarkWestbroek/Bitemporal_2026/bitemporal_go_API_v05/handlers/full_handlers.go:847.31,849.18 2 1
github.com/MarkWestbroek/Bitemporal_2026/bitemporal_go_API_v05/handlers/full_handlers.go:849.18,852.5 2 0
github.com/MarkWestbroek/Bitemporal_2026/bitemporal_go_API_v05/handlers/full_handlers.go:855.3,860.5 1 1
github.com/MarkWestbroek/Bitemporal_2026/bitemporal_go_API_v05/handlers/full_handlers.go:865.74,866.30 1 1
github.com/MarkWestbroek/Bitemporal_2026/bitemporal_go_API_v05/handlers/full_handlers.go:866.30,867.26 1 1
github.com/MarkWestbroek/Bitemporal_2026/bitemporal_go_API_v05/handlers/full_handlers.go:867.26,870.4 2 0
github.com/MarkWestbroek/Bitemporal_2026/bitemporal_go_API_v05/handlers/full_handlers.go:871.3,871.25 1 1
github.com/MarkWestbroek/Bitemporal_2026/bitemporal_go_API_v05/handlers/full_handlers.go:871.25,874.4 2 0
github.com/MarkWestbroek/Bitemporal_2026/bitemporal_go_API_v05/handlers/full_handlers.go:876.3,877.21 2 1
github.com/MarkWestbroek/Bitemporal_2026/bitemporal_go_API_v05/handlers/full_handlers.go:877.21,880.4 2 0
github.com/MarkWestbroek/Bitemporal_2026/bitemporal_go_API_v05/handlers/full_handlers.go:882.3,884.10 3 1
github.com/MarkWestbroek/Bitemporal_2026/bitemporal_go_API_v05/handlers/full_handlers.go:884.10,887.4 2 0
github.com/MarkWestbroek/Bitemporal_2026/bitemporal_go_API_v05/handlers/full_handlers.go:889.3,892.17 3 1
github.com/MarkWestbroek/Bitemporal_2026/bitemporal_go_API_v05/handlers/full_handlers.go:892.17,895.4 2 0
github.com/MarkWestbroek/Bitemporal_2026/bitemporal_go_API_v05/handlers/full_handlers.go:896.3,896.26 1 1
github.com/MarkWestbroek/Bitemporal_2026/bitemporal_go_API_v05/handlers/full_handlers.go:896.26,898.4 1 0
github.com/MarkWestbroek/Bitemporal_2026/bitemporal_go_API_v05/handlers/full_handlers.go:900.3,900.59 1 1
github.com/MarkWestbroek/Bitemporal_2026/bitemporal_go_API_v05/handlers/full_handlers.go:900.59,903.27 3 0
github.com/MarkWestbroek/Bitemporal_2026/bitemporal_go_API_v05/handlers/full_handlers.go:903.27,904.90 1 0
github.com/MarkWestbroek/Bitemporal_2026/bitemporal_go_API_v05/handlers/full_handlers.go:904.90,906.6 1 0
github.com/MarkWestbroek/Bitemporal_2026/bitemporal_go_API_v05/handlers/full_handlers.go:907.10,909.5 1 0
github.com/MarkWestbroek/Bitemporal_2026/bitemporal_go_API_v05/handlers/full_handlers.go:912.3,915.17 2 1
github.com/MarkWestbroek/Bitemporal_2026/bitemporal_go_API_v05/handlers/full_handlers.go:915.17,918.4 2 0
github.com/MarkWestbroek/Bitemporal_2026/bitemporal_go_API_v05/handlers/full_handlers.go:920.3,920.26 1 1
github.com/MarkWestbroek/Bitemporal_2026/bitemporal_go_API_v05/handlers/full_handlers.go:920.26,921.90 1 0
github.com/MarkWestbroek/Bitemporal_2026/bitemporal_go_API_v05/handlers/full_handlers.go:921.90,924.5 2 0
github.com/MarkWestbroek/Bitemporal_2026/bitemporal_go_API_v05/handlers/full_handlers.go:927.3,927.30 1 1
github.com/MarkWestbroek/Bitemporal_2026/bitemporal_go_API_v05/handlers/full_handlers.go:927.30,930.4 2 0
github.com/MarkWestbroek/Bitemporal_2026/bitemporal_go_API_v05/handlers/full_handlers.go:932.3,933.31 2 1
github.com/MarkWestbroek/Bitemporal_2026/bitemporal_go_API_v05/handlers/full_handlers.go:933.31,935.18 2 1
github.com/MarkWestbroek/Bitemporal_2026/bitemporal_go_API_v05/handlers/full_handlers.go:935.18,938.5 2 0
github.com/MarkWestbroek/Bitemporal_2026/bitemporal_go_API_v05/handlers/full_handlers.go:941.3,941.40 1 1
github.com/MarkWestbroek/Bitemporal_2026/bitemporal_go_API_v05/handlers/full_handlers.go:946.74,947.30 1 1
github.com/MarkWestbroek/Bitemporal_2026/bitemporal_go_API_v05/handlers/full_handlers.go:947.30,948.26 1 1
github.com/MarkWestbroek/Bitemporal_2026/bitemporal_go_API_v05/handlers/full_handlers.go:948.26,951.4 2 0
github.com/MarkWestbroek/Bitemporal_2026/bitemporal_go_API_v05/handlers/full_handlers.go:953.3,955.10 3 1
github.com/MarkWestbroek/Bitemporal_2026/bitemporal_go_API_v05/handlers/full_handlers.go:955.10,958.4 2 0
github.com/MarkWestbroek/Bitemporal_2026/bitemporal_go_API_v05/handlers/full_handlers.go:960.3,960.50 1 1
github.com/MarkWestbroek/Bitemporal_2026/bitemporal_go_API_v05/handlers/full_handlers.go:960.50,963.4 2 0
github.com/MarkWestbroek/Bitemporal_2026/bitemporal_go_API_v05/handlers/full_handlers.go:965.3,968.17 3 1
github.com/MarkWestbroek/Bitemporal_2026/bitemporal_go_API_v05/handlers/full_handlers.go:968.17,971.4 2 0
github.com/MarkWestbroek/Bitemporal_2026/bitemporal_go_API_v05/handlers/full_handlers.go:973.3,973.51 1 1
github.com/MarkWestbroek/Bitemporal_2026/bitemporal_go_API_v05/handlers/full_handlers.go:973.51,975.64 2 1
github.com/MarkWestbroek/Bitemporal_2026/bitemporal_go_API_v05/handlers/full_handlers.go:975.64,978.5 2 0
github.com/MarkWestbroek/Bitemporal_2026/bitemporal_go_API_v05/handlers/full_handlers.go:979.4,983.60 4 1
github.com/MarkWestbroek/Bitemporal_2026/bitemporal_go_API_v05/handlers/full_handlers.go:983.60,986.15 3 1
github.com/MarkWestbroek/Bitemporal_2026/bitemporal_go_API_v05/handlers/full_handlers.go:986.15,989.6 2 0
github.com/MarkWestbroek/Bitemporal_2026/bitemporal_go_API_v05/handlers/full_handlers.go:991.5,992.21 2 1
github.com/MarkWestbroek/Bitemporal_2026/bitemporal_go_API_v05/handlers/full_handlers.go:992.21,995.6 2 0
github.com/MarkWestbroek/Bitemporal_2026/bitemporal_go_API_v05/handlers/full_handlers.go:997.5,998.19 2 1
github.com/MarkWestbroek/Bitemporal_2026/bitemporal_go_API_v05/handlers/full_handlers.go:998.19,1001.6 2 0
github.com/MarkWestbroek/Bitemporal_2026/bitemporal_go_API_v05/handlers/full_handlers.go:1003.5,1004.57 2 1
github.com/MarkWestbroek/Bitemporal_2026/bitemporal_go_API_v05/handlers/full_handlers.go:1004.57,1005.14 1 0
github.com/MarkWestbroek/Bitemporal_2026/bitemporal_go_API_v05/handlers/full_handlers.go:1008.5,1008.45 1 1
github.com/MarkWestbroek/Bitemporal_2026/bitemporal_go_API_v05/handlers/full_handlers.go:1008.45,1011.6 2 0
github.com/MarkWestbroek/Bitemporal_2026/bitemporal_go_API_v05/handlers/full_handlers.go:1013.5,1013.45 1 1
github.com/MarkWestbroek/Bitemporal_2026/bitemporal_go_API_v05/handlers/full_handlers.go:1013.45,1016.91 2 1
github.com/MarkWestbroek/Bitemporal_2026/bitemporal_go_API_v05/handlers/full_handlers.go:1016.91,1019.7 2 0
github.com/MarkWestbroek/Bitemporal_2026/bitemporal_go_API_v05/handlers/full_handlers.go:1021.6,1022.20 2 1
github.com/MarkWestbroek/Bitemporal_2026/bitemporal_go_API_v05/handlers/full_handlers.go:1022.20,1025.7 2 0
github.com/MarkWestbroek/Bitemporal_2026/bitemporal_go_API_v05/handlers/full_handlers.go:1030.3,1030.75 1 1
github.com/MarkWestbroek/Bitemporal_2026/bitemporal_go_API_v05/handlers/graphql_handler.go:15.39,16.30 1 0
github.com/MarkWestbroek/Bitemporal_2026/bitemporal_go_API_v05/handlers/graphql_handler.go:16.30,38.3 9 0
github.com/MarkWestbroek/Bitemporal_2026/bitemporal_go_API_v05/handlers/graphql_handler.go:42.42,44.30 2 0
github.com/MarkWestbroek/Bitemporal_2026/bitemporal_go_API_v05/handlers/graphql_handler.go:44.30,46.3 1 0
github.com/MarkWestbroek/Bitemporal_2026/bitemporal_go_API_v05/handlers/id_utils.go:3.28,4.28 1 1
github.com/MarkWestbroek/Bitemporal_2026/bitemporal_go_API_v05/handlers/id_utils.go:5.11,6.14 1 0
github.com/MarkWestbroek/Bitemporal_2026/bitemporal_go_API_v05/handlers/id_utils.go:7.14,8.21 1 0
github.com/MarkWestbroek/Bitemporal_2026/bitemporal_go_API_v05/handlers/id_utils.go:9.11,10.20 1 1
github.com/MarkWestbroek/Bitemporal_2026/bitemporal_go_API_v05/handlers/id_utils.go:11.12,12.20 1 0
github.com/MarkWestbroek/Bitemporal_2026/bitemporal_go_API_v05/handlers/id_utils.go:13.13,14.20 1 0
github.com/MarkWestbroek/Bitemporal_2026/bitemporal_go_API_v05/handlers/id_utils.go:15.13,16.20 1 0
github.com/MarkWestbroek/Bitemporal_2026/bitemporal_go_API_v05/handlers/id_utils.go:17.13,18.20 1 0
github.com/MarkWestbroek/Bitemporal_2026/bitemporal_go_API_v05/handlers/id_utils.go:19.12,20.20 1 0
github.com/MarkWestbroek/Bitemporal_2026/bitemporal_go_API_v05/handlers/id_utils.go:21.13,22.20 1 0
github.com/MarkWestbroek/Bitemporal_2026/bitemporal_go_API_v05/handlers/id_utils.go:23.14,24.20 1 0
github.com/MarkWestbroek/Bitemporal_2026/bitemporal_go_API_v05/handlers/id_utils.go:25.14,26.20 1 0
github.com/MarkWestbroek/Bitemporal_2026/bitemporal_go_API_v05/handlers/id_utils.go:27.14,28.20 1 0
github.com/MarkWestbroek/Bitemporal_2026/bitemporal_go_API_v05/handlers/id_utils.go:29.10,30.15 1 0
github.com/MarkWestbroek/Bitemporal_2026/bitemporal_go_API_v05/handlers/registration_handlers.go:13.50,14.30 1 1
github.com/MarkWestbroek/Bitemporal_2026/bitemporal_go_API_v05/handlers/registration_handlers.go:14.30,17.52 3 1
github.com/MarkWestbroek/Bitemporal_2026/bitemporal_go_API_v05/handlers/registration_handlers.go:17.52,20.4 2 0
github.com/MarkWestbroek/Bitemporal_2026/bitemporal_go_API_v05/handlers/registration_handlers.go:22.3,23.17 2 1
github.com/MarkWestbroek/Bitemporal_2026/bitemporal_go_API_v05/handlers/registration_handlers.go:23.17,26.4 2 0
github.com/MarkWestbroek/Bitemporal_2026/bitemporal_go_API_v05/handlers/registration_handlers.go:27.3,38.17 8 1
github.com/MarkWestbroek/Bitemporal_2026/bitemporal_go_API_v05/handlers/registration_handlers.go:38.17,41.4 2 1
github.com/MarkWestbroek/Bitemporal_2026/bitemporal_go_API_v05/handlers/registration_handlers.go:42.3,43.16 2 1
github.com/MarkWestbroek/Bitemporal_2026/bitemporal_go_API_v05/handlers/registration_handlers.go:43.16,44.18 1 1
github.com/MarkWestbroek/Bitemporal_2026/bitemporal_go_API_v05/handlers/registration_handlers.go:44.18,46.5 1 1
github.com/MarkWestbroek/Bitemporal_2026/bitemporal_go_API_v05/handlers/registration_handlers.go:57.3,61.17 2 1
github.com/MarkWestbroek/Bitemporal_2026/bitemporal_go_API_v05/handlers/registration_handlers.go:61.17,64.4 2 1
github.com/MarkWestbroek/Bitemporal_2026/bitemporal_go_API_v05/handlers/registration_handlers.go:67.3,75.17 3 1
github.com/MarkWestbroek/Bitemporal_2026/bitemporal_go_API_v05/handlers/registration_handlers.go:75.17,78.4 2 0
github.com/MarkWestbroek/Bitemporal_2026/bitemporal_go_API_v05/handlers/registration_handlers.go:81.3,224.81 3 1
github.com/MarkWestbroek/Bitemporal_2026/bitemporal_go_API_v05/handlers/registration_handlers.go:224.81,226.61 1 0
github.com/MarkWestbroek/Bitemporal_2026/bitemporal_go_API_v05/handlers/registration_handlers.go:226.61,229.5 2 0
github.com/MarkWestbroek/Bitemporal_2026/bitemporal_go_API_v05/handlers/registration_handlers.go:232.4,237.18 3 0
github.com/MarkWestbroek/Bitemporal_2026/bitemporal_go_API_v05/handlers/registration_handlers.go:237.18,240.5 2 0
github.com/MarkWestbroek/Bitemporal_2026/bitemporal_go_API_v05/handlers/registration_handlers.go:243.4,243.52 1 0
github.com/MarkWestbroek/Bitemporal_2026/bitemporal_go_API_v05/handlers/registration_handlers.go:243.52,246.5 2 0
github.com/MarkWestbroek/Bitemporal_2026/bitemporal_go_API_v05/handlers/registration_handlers.go:251.4,256.18 3 0
github.com/MarkWestbroek/Bitemporal_2026/bitemporal_go_API_v05/handlers/registration_handlers.go:256.18,259.5 2 0
github.com/MarkWestbroek/Bitemporal_2026/bitemporal_go_API_v05/handlers/registration_handlers.go:261.4,261.77 1 0
github.com/MarkWestbroek/Bitemporal_2026/bitemporal_go_API_v05/handlers/registration_handlers.go:261.77,273.19 3 0
github.com/MarkWestbroek/Bitemporal_2026/bitemporal_go_API_v05/handlers/registration_handlers.go:273.19,276.6 2 0
github.com/MarkWestbroek/Bitemporal_2026/bitemporal_go_API_v05/handlers/registration_handlers.go:278.5,278.35 1 0
github.com/MarkWestbroek/Bitemporal_2026/bitemporal_go_API_v05/handlers/registration_handlers.go:278.35,281.6 2 0
github.com/MarkWestbroek/Bitemporal_2026/bitemporal_go_API_v05/handlers/registration_handlers.go:290.4,290.53 1 0
github.com/MarkWestbroek/Bitemporal_2026/bitemporal_go_API_v05/handlers/registration_handlers.go:290.53,294.5 2 0
github.com/MarkWestbroek/Bitemporal_2026/bitemporal_go_API_v05/handlers/registration_handlers.go:305.4,305.73 1 0
github.com/MarkWestbroek/Bitemporal_2026/bitemporal_go_API_v05/handlers/registration_handlers.go:305.73,307.37 1 0
github.com/MarkWestbroek/Bitemporal_2026/bitemporal_go_API_v05/handlers/registration_handlers.go:308.37,309.75 1 0
github.com/MarkWestbroek/Bitemporal_2026/bitemporal_go_API_v05/handlers/registration_handlers.go:309.75,312.7 2 0
github.com/MarkWestbroek/Bitemporal_2026/bitemporal_go_API_v05/handlers/registration_handlers.go:313.37,314.75 1 0
github.com/MarkWestbroek/Bitemporal_2026/bitemporal_go_API_v05/handlers/registration_handlers.go:314.75,317.7 2 0
github.com/MarkWestbroek/Bitemporal_2026/bitemporal_go_API_v05/handlers/registration_handlers.go:322.4,326.43 1 0
github.com/MarkWestbroek/Bitemporal_2026/bitemporal_go_API_v05/handlers/registration_handlers.go:326.43,329.5 2 0
github.com/MarkWestbroek/Bitemporal_2026/bitemporal_go_API_v05/handlers/registration_handlers.go:331.4,335.43 1 0
github.com/MarkWestbroek/Bitemporal_2026/bitemporal_go_API_v05/handlers/registration_handlers.go:335.43,338.5 2 0
github.com/MarkWestbroek/Bitemporal_2026/bitemporal_go_API_v05/handlers/registration_handlers.go:363.3,363.26 1 1
github.com/MarkWestbroek/Bitemporal_2026/bitemporal_go_API_v05/handlers/registration_handlers.go:363.26,366.4 1 0
github.com/MarkWestbroek/Bitemporal_2026/bitemporal_go_API_v05/handlers/registration_handlers.go:373.3,373.49 1 1
github.com/MarkWestbroek/Bitemporal_2026/bitemporal_go_API_v05/handlers/registration_handlers.go:373.49,375.31 2 0
github.com/MarkWestbroek/Bitemporal_2026/bitemporal_go_API_v05/handlers/registration_handlers.go:375.31,378.5 1 0
github.com/MarkWestbroek/Bitemporal_2026/bitemporal_go_API_v05/handlers/registration_handlers.go:378.10,378.38 1 0
github.com/MarkWestbroek/Bitemporal_2026/bitemporal_go_API_v05/handlers/registration_handlers.go:378.38,380.5 1 0
github.com/MarkWestbroek/Bitemporal_2026/bitemporal_go_API_v05/handlers/registration_handlers.go:382.4,382.26 1 0
github.com/MarkWestbroek/Bitemporal_2026/bitemporal_go_API_v05/handlers/registration_handlers.go:382.26,383.47 1 0
github.com/MarkWestbroek/Bitemporal_2026/bitemporal_go_API_v05/handlers/registration_handlers.go:383.47,385.6 1 0
github.com/MarkWestbroek/Bitemporal_2026/bitemporal_go_API_v05/handlers/registration_handlers.go:385.11,387.6 1 0
github.com/MarkWestbroek/Bitemporal_2026/bitemporal_go_API_v05/handlers/registration_handlers.go:390.4,390.46 1 0
github.com/MarkWestbroek/Bitemporal_2026/bitemporal_go_API_v05/handlers/registration_handlers.go:390.46,393.5 2 0
github.com/MarkWestbroek/Bitemporal_2026/bitemporal_go_API_v05/handlers/registration_handlers.go:395.4,396.11 2 0
github.com/MarkWestbroek/Bitemporal_2026/bitemporal_go_API_v05/handlers/registration_handlers.go:396.11,399.5 2 0
github.com/MarkWestbroek/Bitemporal_2026/bitemporal_go_API_v05/handlers/registration_handlers.go:407.4,407.16 1 0
github.com/MarkWestbroek/Bitemporal_2026/bitemporal_go_API_v05/handlers/registration_handlers.go:409.33,411.62 1 0
github.com/MarkWestbroek/Bitemporal_2026/bitemporal_go_API_v05/handlers/registration_handlers.go:411.62,414.6 2 0
github.com/MarkWestbroek/Bitemporal_2026/bitemporal_go_API_v05/handlers/registration_handlers.go:416.33,418.62 1 0
github.com/MarkWestbroek/Bitemporal_2026/bitemporal_go_API_v05/handlers/registration_handlers.go:418.62,421.6 2 0
github.com/MarkWestbroek/Bitemporal_2026/bitemporal_go_API_v05/handlers/registration_handlers.go:426.3,436.17 5 1
github.com/MarkWestbroek/Bitemporal_2026/bitemporal_go_API_v05/handlers/registration_handlers.go:436.17,439.4 2 0
github.com/MarkWestbroek/Bitemporal_2026/bitemporal_go_API_v05/handlers/registration_handlers.go:441.3,448.42 4 1
github.com/MarkWestbroek/Bitemporal_2026/bitemporal_go_API_v05/handlers/registration_handlers.go:448.42,451.4 2 0
github.com/MarkWestbroek/Bitemporal_2026/bitemporal_go_API_v05/handlers/registration_handlers.go:454.3,454.37 1 1
github.com/MarkWestbroek/Bitemporal_2026/bitemporal_go_API_v05/handlers/registration_handlers.go:454.37,457.4 2 0
github.com/MarkWestbroek/Bitemporal_2026/bitemporal_go_API_v05/handlers/registration_handlers.go:458.3,461.42 2 1
github.com/MarkWestbroek/Bitemporal_2026/bitemporal_go_API_v05/handlers/registration_helpers_generiek.go:19.95,25.20 3 1
github.com/MarkWestbroek/Bitemporal_2026/bitemporal_go_API_v05/handlers/registration_helpers_generiek.go:25.20,28.3 2 0
github.com/MarkWestbroek/Bitemporal_2026/bitemporal_go_API_v05/handlers/registration_helpers_generiek.go:30.2,30.41 1 1
github.com/MarkWestbroek/Bitemporal_2026/bitemporal_go_API_v05/handlers/registration_helpers_generiek.go:30.41,32.3 1 0
github.com/MarkWestbroek/Bitemporal_2026/bitemporal_go_API_v05/handlers/registration_helpers_generiek.go:34.2,35.9 2 1
github.com/MarkWestbroek/Bitemporal_2026/bitemporal_go_API_v05/handlers/registration_helpers_generiek.go:35.9,37.3 1 0
github.com/MarkWestbroek/Bitemporal_2026/bitemporal_go_API_v05/handlers/registration_helpers_generiek.go:39.2,40.16 2 1
github.com/MarkWestbroek/Bitemporal_2026/bitemporal_go_API_v05/handlers/registration_helpers_generiek.go:40.16,42.3 1 0
github.com/MarkWestbroek/Bitemporal_2026/bitemporal_go_API_v05/handlers/registration_helpers_generiek.go:44.2,50.19 2 1
github.com/MarkWestbroek/Bitemporal_2026/bitemporal_go_API_v05/handlers/registration_helpers_generiek.go:50.19,51.33 1 1
github.com/MarkWestbroek/Bitemporal_2026/bitemporal_go_API_v05/handlers/registration_helpers_generiek.go:51.33,53.4 1 0
github.com/MarkWestbroek/Bitemporal_2026/bitemporal_go_API_v05/handlers/registration_helpers_generiek.go:54.3,54.33 1 1
github.com/MarkWestbroek/Bitemporal_2026/bitemporal_go_API_v05/handlers/registration_helpers_generiek.go:54.33,56.4 1 0
github.com/MarkWestbroek/Bitemporal_2026/bitemporal_go_API_v05/handlers/registration_helpers_generiek.go:58.3,59.17 2 1
github.com/MarkWestbroek/Bitemporal_2026/bitemporal_go_API_v05/handlers/registration_helpers_generiek.go:59.17,61.4 1 0
github.com/MarkWestbroek/Bitemporal_2026/bitemporal_go_API_v05/handlers/registration_helpers_generiek.go:63.3,63.84 1 1
github.com/MarkWestbroek/Bitemporal_2026/bitemporal_go_API_v05/handlers/registration_helpers_generiek.go:66.2,67.16 2 1
github.com/MarkWestbroek/Bitemporal_2026/bitemporal_go_API_v05/handlers/registration_helpers_generiek.go:67.16,69.3 1 0
github.com/MarkWestbroek/Bitemporal_2026/bitemporal_go_API_v05/handlers/registration_helpers_generiek.go:71.2,72.29 2 1
github.com/MarkWestbroek/Bitemporal_2026/bitemporal_go_API_v05/handlers/registration_helpers_generiek.go:72.29,74.3 1 1
github.com/MarkWestbroek/Bitemporal_2026/bitemporal_go_API_v05/handlers/registration_helpers_generiek.go:76.2,76.12 1 1
github.com/MarkWestbroek/Bitemporal_2026/bitemporal_go_API_v05/handlers/registration_helpers_generiek.go:80.95,84.20 3 1
github.com/MarkWestbroek/Bitemporal_2026/bitemporal_go_API_v05/handlers/registration_helpers_generiek.go:84.20,87.3 2 1
github.com/MarkWestbroek/Bitemporal_2026/bitemporal_go_API_v05/handlers/registration_helpers_generiek.go:89.2,89.41 1 1
github.com/MarkWestbroek/Bitemporal_2026/bitemporal_go_API_v05/handlers/registration_helpers_generiek.go:89.41,91.3 1 0
github.com/MarkWestbroek/Bitemporal_2026/bitemporal_go_API_v05/handlers/registration_helpers_generiek.go:93.2,94.9 2 1
github.com/MarkWestbroek/Bitemporal_2026/bitemporal_go_API_v05/handlers/registration_helpers_generiek.go:94.9,96.3 1 0
github.com/MarkWestbroek/Bitemporal_2026/bitemporal_go_API_v05/handlers/registration_helpers_generiek.go:98.2,99.16 2 1
github.com/MarkWestbroek/Bitemporal_2026/bitemporal_go_API_v05/handlers/registration_helpers_generiek.go:99.16,101.3 1 0
github.com/MarkWestbroek/Bitemporal_2026/bitemporal_go_API_v05/handlers/registration_helpers_generiek.go:103.2,108.19 2 1
github.com/MarkWestbroek/Bitemporal_2026/bitemporal_go_API_v05/handlers/registration_helpers_generiek.go:108.19,109.33 1 0
github.com/MarkWestbroek/Bitemporal_2026/bitemporal_go_API_v05/handlers/registration_helpers_generiek.go:109.33,111.4 1 0
github.com/MarkWestbroek/Bitemporal_2026/bitemporal_go_API_v05/handlers/registration_helpers_generiek.go:112.3,112.33 1 0
github.com/MarkWestbroek/Bitemporal_2026/bitemporal_go_API_v05/handlers/registration_helpers_generiek.go:112.33,114.4 1 0
github.com/MarkWestbroek/Bitemporal_2026/bitemporal_go_API_v05/handlers/registration_helpers_generiek.go:116.3,117.17 2 0
github.com/MarkWestbroek/Bitemporal_2026/bitemporal_go_API_v05/handlers/registration_helpers_generiek.go:117.17,119.4 1 0
github.com/MarkWestbroek/Bitemporal_2026/bitemporal_go_API_v05/handlers/registration_helpers_generiek.go:121.3,121.84 1 0
github.com/MarkWestbroek/Bitemporal_2026/bitemporal_go_API_v05/handlers/registration_helpers_generiek.go:124.2,125.16 2 1
github.com/MarkWestbroek/Bitemporal_2026/bitemporal_go_API_v05/handlers/registration_helpers_generiek.go:125.16,127.3 1 0
github.com/MarkWestbroek/Bitemporal_2026/bitemporal_go_API_v05/handlers/registration_helpers_generiek.go:129.2,130.29 2 1
github.com/MarkWestbroek/Bitemporal_2026/bitemporal_go_API_v05/handlers/registration_helpers_generiek.go:130.29,132.3 1 0
github.com/MarkWestbroek/Bitemporal_2026/bitemporal_go_API_v05/handlers/registration_helpers_generiek.go:134.2,134.12 1 1
github.com/MarkWestbroek/Bitemporal_2026/bitemporal_go_API_v05/handlers/registration_helpers_generiek.go:147.116,149.9 2 1
github.com/MarkWestbroek/Bitemporal_2026/bitemporal_go_API_v05/handlers/registration_helpers_generiek.go:149.9,151.3 1 1
github.com/MarkWestbroek/Bitemporal_2026/bitemporal_go_API_v05/handlers/registration_helpers_generiek.go:168.2,168.24 1 0
github.com/MarkWestbroek/Bitemporal_2026/bitemporal_go_API_v05/handlers/registration_helpers_generiek.go:168.24,170.3 1 0
github.com/MarkWestbroek/Bitemporal_2026/bitemporal_go_API_v05/handlers/registration_helpers_generiek.go:173.2,173.74 1 0
github.com/MarkWestbroek/Bitemporal_2026/bitemporal_go_API_v05/handlers/registration_helpers_generiek.go:173.74,176.17 2 0
github.com/MarkWestbroek/Bitemporal_2026/bitemporal_go_API_v05/handlers/registration_helpers_generiek.go:176.17,178.4 1 0
github.com/MarkWestbroek/Bitemporal_2026/bitemporal_go_API_v05/handlers/registration_helpers_generiek.go:179.3,179.25 1 0
github.com/MarkWestbroek/Bitemporal_2026/bitemporal_go_API_v05/handlers/registration_helpers_generiek.go:179.25,181.4 1 0
github.com/MarkWestbroek/Bitemporal_2026/bitemporal_go_API_v05/handlers/registration_helpers_generiek.go:184.3,184.36 1 0
github.com/MarkWestbroek/Bitemporal_2026/bitemporal_go_API_v05/handlers/registration_helpers_generiek.go:184.36,186.4 1 0
github.com/MarkWestbroek/Bitemporal_2026/bitemporal_go_API_v05/handlers/registration_helpers_generiek.go:188.3,188.153 1 0
github.com/MarkWestbroek/Bitemporal_2026/bitemporal_go_API_v05/handlers/registration_helpers_generiek.go:188.153,190.4 1 0
github.com/MarkWestbroek/Bitemporal_2026/bitemporal_go_API_v05/handlers/registration_helpers_generiek.go:194.3,194.26 1 0
github.com/MarkWestbroek/Bitemporal_2026/bitemporal_go_API_v05/handlers/registration_helpers_generiek.go:210.2,210.121 1 0
github.com/MarkWestbroek/Bitemporal_2026/bitemporal_go_API_v05/handlers/registration_helpers_generiek.go:210.121,211.148 1 0
github.com/MarkWestbroek/Bitemporal_2026/bitemporal_go_API_v05/handlers/registration_helpers_generiek.go:211.148,213.4 1 0
github.com/MarkWestbroek/Bitemporal_2026/bitemporal_go_API_v05/handlers/registration_helpers_generiek.go:219.2,219.77 1 0
github.com/MarkWestbroek/Bitemporal_2026/bitemporal_go_API_v05/handlers/registration_helpers_generiek.go:219.77,220.46 1 0
github.com/MarkWestbroek/Bitemporal_2026/bitemporal_go_API_v05/handlers/registration_helpers_generiek.go:220.46,224.18 3 0
github.com/MarkWestbroek/Bitemporal_2026/bitemporal_go_API_v05/handlers/registration_helpers_generiek.go:224.18,226.5 1 0
github.com/MarkWestbroek/Bitemporal_2026/bitemporal_go_API_v05/handlers/registration_helpers_generiek.go:227.4,227.92 1 0
github.com/MarkWestbroek/Bitemporal_2026/bitemporal_go_API_v05/handlers/registration_helpers_generiek.go:227.92,229.5 1 0
github.com/MarkWestbroek/Bitemporal_2026/bitemporal_go_API_v05/handlers/registration_helpers_generiek.go:234.3,234.34 1 0
github.com/MarkWestbroek/Bitemporal_2026/bitemporal_go_API_v05/handlers/registration_helpers_generiek.go:234.34,236.4 1 0
github.com/MarkWestbroek/Bitemporal_2026/bitemporal_go_API_v05/handlers/registration_helpers_generiek.go:237.3,241.17 3 0
github.com/MarkWestbroek/Bitemporal_2026/bitemporal_go_API_v05/handlers/registration_helpers_generiek.go:241.17,243.4 1 0
github.com/MarkWestbroek/Bitemporal_2026/bitemporal_go_API_v05/handlers/registration_helpers_generiek.go:246.3,246.46 1 0
github.com/MarkWestbroek/Bitemporal_2026/bitemporal_go_API_v05/handlers/registration_helpers_generiek.go:246.46,250.101 3 0
github.com/MarkWestbroek/Bitemporal_2026/bitemporal_go_API_v05/handlers/registration_helpers_generiek.go:250.101,252.5 1 0
github.com/MarkWestbroek/Bitemporal_2026/bitemporal_go_API_v05/handlers/registration_helpers_generiek.go:253.9,256.119 1 0
github.com/MarkWestbroek/Bitemporal_2026/bitemporal_go_API_v05/handlers/registration_helpers_generiek.go:256.119,258.5 1 0
github.com/MarkWestbroek/Bitemporal_2026/bitemporal_go_API_v05/handlers/registration_helpers_generiek.go:265.2,265.45 1 0
github.com/MarkWestbroek/Bitemporal_2026/bitemporal_go_API_v05/handlers/registration_helpers_generiek.go:265.45,267.10 2 0
github.com/MarkWestbroek/Bitemporal_2026/bitemporal_go_API_v05/handlers/registration_helpers_generiek.go:267.10,269.4 1 0
github.com/MarkWestbroek/Bitemporal_2026/bitemporal_go_API_v05/handlers/registration_helpers_generiek.go:271.3,271.98 1 0
github.com/MarkWestbroek/Bitemporal_2026/bitemporal_go_API_v05/handlers/registration_helpers_generiek.go:271.98,272.151 1 0
github.com/MarkWestbroek/Bitemporal_2026/bitemporal_go_API_v05/handlers/registration_helpers_generiek.go:272.151,274.5 1 0
github.com/MarkWestbroek/Bitemporal_2026/bitemporal_go_API_v05/handlers/registration_helpers_generiek.go:277.2,277.12 1 0
github.com/MarkWestbroek/Bitemporal_2026/bitemporal_go_API_v05/handlers/registration_helpers_generiek.go:282.116,299.9 2 1
github.com/MarkWestbroek/Bitemporal_2026/bitemporal_go_API_v05/handlers/registration_helpers_generiek.go:299.9,301.3 1 1
github.com/MarkWestbroek/Bitemporal_2026/bitemporal_go_API_v05/handlers/registration_helpers_generiek.go:304.2,305.16 2 0
github.com/MarkWestbroek/Bitemporal_2026/bitemporal_go_API_v05/handlers/registration_helpers_generiek.go:305.16,307.3 1 0
github.com/MarkWestbroek/Bitemporal_2026/bitemporal_go_API_v05/handlers/registration_helpers_generiek.go:308.2,308.35 1 0
github.com/MarkWestbroek/Bitemporal_2026/bitemporal_go_API_v05/handlers/registration_helpers_generiek.go:308.35,310.3 1 0
github.com/MarkWestbroek/Bitemporal_2026/bitemporal_go_API_v05/handlers/registration_helpers_generiek.go:312.2,312.45 1 0
github.com/MarkWestbroek/Bitemporal_2026/bitemporal_go_API_v05/handlers/registration_helpers_generiek.go:312.45,313.94 1 0
github.com/MarkWestbroek/Bitemporal_2026/bitemporal_go_API_v05/handlers/registration_helpers_generiek.go:313.94,315.4 1 0
github.com/MarkWestbroek/Bitemporal_2026/bitemporal_go_API_v05/handlers/registration_helpers_generiek.go:318.3,319.17 2 0
github.com/MarkWestbroek/Bitemporal_2026/bitemporal_go_API_v05/handlers/registration_helpers_generiek.go:319.17,321.4 1 0
github.com/MarkWestbroek/Bitemporal_2026/bitemporal_go_API_v05/handlers/registration_helpers_generiek.go:323.3,324.99 1 0
github.com/MarkWestbroek/Bitemporal_2026/bitemporal_go_API_v05/handlers/registration_helpers_generiek.go:327.2,331.93 3 0
github.com/MarkWestbroek/Bitemporal_2026/bitemporal_go_API_v05/handlers/registration_helpers_generiek.go:331.93,333.3 1 0
github.com/MarkWestbroek/Bitemporal_2026/bitemporal_go_API_v05/handlers/registration_helpers_generiek.go:334.2,335.65 1 0
github.com/MarkWestbroek/Bitemporal_2026/bitemporal_go_API_v05/handlers/registration_helpers_generiek.go:335.65,337.3 1 0
github.com/MarkWestbroek/Bitemporal_2026/bitemporal_go_API_v05/handlers/registration_helpers_generiek.go:340.2,341.9 2 0
github.com/MarkWestbroek/Bitemporal_2026/bitemporal_go_API_v05/handlers/registration_helpers_generiek.go:341.9,343.3 1 0
github.com/MarkWestbroek/Bitemporal_2026/bitemporal_go_API_v05/handlers/registration_helpers_generiek.go:346.2,346.58 1 0
github.com/MarkWestbroek/Bitemporal_2026/bitemporal_go_API_v05/handlers/registration_helpers_generiek.go:346.58,348.10 2 0
github.com/MarkWestbroek/Bitemporal_2026/bitemporal_go_API_v05/handlers/registration_helpers_generiek.go:348.10,350.4 1 0
github.com/MarkWestbroek/Bitemporal_2026/bitemporal_go_API_v05/handlers/registration_helpers_generiek.go:352.3,353.21 2 0
github.com/MarkWestbroek/Bitemporal_2026/bitemporal_go_API_v05/handlers/registration_helpers_generiek.go:353.21,355.4 1 0
github.com/MarkWestbroek/Bitemporal_2026/bitemporal_go_API_v05/handlers/registration_helpers_generiek.go:357.3,358.17 2 0
github.com/MarkWestbroek/Bitemporal_2026/bitemporal_go_API_v05/handlers/registration_helpers_generiek.go:358.17,360.4 1 0
github.com/MarkWestbroek/Bitemporal_2026/bitemporal_go_API_v05/handlers/registration_helpers_generiek.go:362.3,362.32 1 0
github.com/MarkWestbroek/Bitemporal_2026/bitemporal_go_API_v05/handlers/registration_helpers_generiek.go:362.32,363.81 1 0
github.com/MarkWestbroek/Bitemporal_2026/bitemporal_go_API_v05/handlers/registration_helpers_generiek.go:363.81,365.5 1 0
github.com/MarkWestbroek/Bitemporal_2026/bitemporal_go_API_v05/handlers/registration_helpers_generiek.go:366.4,367.95 1 0
github.com/MarkWestbroek/Bitemporal_2026/bitemporal_go_API_v05/handlers/registration_helpers_generiek.go:367.95,369.5 1 0
github.com/MarkWestbroek/Bitemporal_2026/bitemporal_go_API_v05/handlers/registration_helpers_generiek.go:373.2,373.12 1 0
github.com/MarkWestbroek/Bitemporal_2026/bitemporal_go_API_v05/handlers/registration_helpers_generiek.go:377.111,383.16 2 1
github.com/MarkWestbroek/Bitemporal_2026/bitemporal_go_API_v05/handlers/registration_helpers_generiek.go:383.16,385.3 1 0
github.com/MarkWestbroek/Bitemporal_2026/bitemporal_go_API_v05/handlers/registration_helpers_generiek.go:387.2,387.12 1 1
github.com/MarkWestbroek/Bitemporal_2026/bitemporal_go_API_v05/handlers/registration_helpers_generiek.go:390.121,391.18 1 0
github.com/MarkWestbroek/Bitemporal_2026/bitemporal_go_API_v05/handlers/registration_helpers_generiek.go:391.18,393.3 1 0
github.com/MarkWestbroek/Bitemporal_2026/bitemporal_go_API_v05/handlers/registration_helpers_generiek.go:394.2,394.27 1 0
github.com/MarkWestbroek/Bitemporal_2026/bitemporal_go_API_v05/handlers/registration_helpers_generiek.go:394.27,396.3 1 0
github.com/MarkWestbroek/Bitemporal_2026/bitemporal_go_API_v05/handlers/registration_helpers_generiek.go:398.2,400.9 3 0
github.com/MarkWestbroek/Bitemporal_2026/bitemporal_go_API_v05/handlers/registration_helpers_generiek.go:400.9,402.3 1 0
github.com/MarkWestbroek/Bitemporal_2026/bitemporal_go_API_v05/handlers/registration_helpers_generiek.go:404.2,409.16 2 0
github.com/MarkWestbroek/Bitemporal_2026/bitemporal_go_API_v05/handlers/registration_helpers_generiek.go:409.16,410.27 1 0
github.com/MarkWestbroek/Bitemporal_2026/bitemporal_go_API_v05/handlers/registration_helpers_generiek.go:410.27,412.4 1 0
github.com/MarkWestbroek/Bitemporal_2026/bitemporal_go_API_v05/handlers/registration_helpers_generiek.go:413.3,413.112 1 0
github.com/MarkWestbroek/Bitemporal_2026/bitemporal_go_API_v05/handlers/registration_helpers_generiek.go:416.2,416.17 1 0
github.com/MarkWestbroek/Bitemporal_2026/bitemporal_go_API_v05/handlers/registration_helpers_generiek.go:419.137,427.86 3 1
github.com/MarkWestbroek/Bitemporal_2026/bitemporal_go_API_v05/handlers/registration_helpers_generiek.go:427.86,429.3 1 0
github.com/MarkWestbroek/Bitemporal_2026/bitemporal_go_API_v05/handlers/registration_helpers_generiek.go:431.2,431.17 1 1
github.com/MarkWestbroek/Bitemporal_2026/bitemporal_go_API_v05/handlers/registration_helpers_generiek.go:439.89,453.16 3 1
github.com/MarkWestbroek/Bitemporal_2026/bitemporal_go_API_v05/handlers/registration_helpers_generiek.go:453.16,455.3 1 0
github.com/MarkWestbroek/Bitemporal_2026/bitemporal_go_API_v05/handlers/registration_helpers_generiek.go:457.2,457.12 1 1
github.com/MarkWestbroek/Bitemporal_2026/bitemporal_go_API_v05/handlers/registration_helpers_generiek.go:460.36,461.27 1 1
github.com/MarkWestbroek/Bitemporal_2026/bitemporal_go_API_v05/handlers/registration_helpers_generiek.go:462.11,463.21 1 1
github.com/MarkWestbroek/Bitemporal_2026/bitemporal_go_API_v05/handlers/registration_helpers_generiek.go:464.12,465.26 1 0
github.com/MarkWestbroek/Bitemporal_2026/bitemporal_go_API_v05/handlers/registration_helpers_generiek.go:466.13,467.26 1 0
github.com/MarkWestbroek/Bitemporal_2026/bitemporal_go_API_v05/handlers/registration_helpers_generiek.go:468.13,469.26 1 0
github.com/MarkWestbroek/Bitemporal_2026/bitemporal_go_API_v05/handlers/registration_helpers_generiek.go:470.13,471.26 1 0
github.com/MarkWestbroek/Bitemporal_2026/bitemporal_go_API_v05/handlers/registration_helpers_generiek.go:472.12,473.26 1 0
github.com/MarkWestbroek/Bitemporal_2026/bitemporal_go_API_v05/handlers/registration_helpers_generiek.go:474.13,475.26 1 0
github.com/MarkWestbroek/Bitemporal_2026/bitemporal_go_API_v05/handlers/registration_helpers_generiek.go:476.14,477.26 1 0
github.com/MarkWestbroek/Bitemporal_2026/bitemporal_go_API_v05/handlers/registration_helpers_generiek.go:478.14,479.26 1 0
github.com/MarkWestbroek/Bitemporal_2026/bitemporal_go_API_v05/handlers/registration_helpers_generiek.go:480.14,481.26 1 0
github.com/MarkWestbroek/Bitemporal_2026/bitemporal_go_API_v05/handlers/registration_helpers_generiek.go:482.10,483.18 1 0
github.com/MarkWestbroek/Bitemporal_2026/bitemporal_go_API_v05/handlers/registration_helpers_generiek.go:488.89,489.24 1 0
github.com/MarkWestbroek/Bitemporal_2026/bitemporal_go_API_v05/handlers/registration_helpers_generiek.go:489.24,491.10 2 0
github.com/MarkWestbroek/Bitemporal_2026/bitemporal_go_API_v05/handlers/registration_helpers_generiek.go:491.10,493.4 1 0
github.com/MarkWestbroek/Bitemporal_2026/bitemporal_go_API_v05/handlers/registration_helpers_generiek.go:494.3,494.62 1 0
github.com/MarkWestbroek/Bitemporal_2026/bitemporal_go_API_v05/handlers/registration_helpers_generiek.go:497.2,497.22 1 0
github.com/MarkWestbroek/Bitemporal_2026/bitemporal_go_API_v05/handlers/registration_helpers_generiek.go:497.22,499.21 2 0
github.com/MarkWestbroek/Bitemporal_2026/bitemporal_go_API_v05/handlers/registration_helpers_generiek.go:499.21,501.4 1 0
github.com/MarkWestbroek/Bitemporal_2026/bitemporal_go_API_v05/handlers/registration_helpers_generiek.go:502.3,503.17 2 0
github.com/MarkWestbroek/Bitemporal_2026/bitemporal_go_API_v05/handlers/registration_helpers_generiek.go:503.17,505.4 1 0
github.com/MarkWestbroek/Bitemporal_2026/bitemporal_go_API_v05/handlers/registration_helpers_generiek.go:506.3,506.47 1 0
github.com/MarkWestbroek/Bitemporal_2026/bitemporal_go_API_v05/handlers/registration_helpers_generiek.go:509.2,509.38 1 0
github.com/MarkWestbroek/Bitemporal_2026/bitemporal_go_API_v05/handlers/registration_helpers_generiek.go:512.112,514.9 2 0
github.com/MarkWestbroek/Bitemporal_2026/bitemporal_go_API_v05/handlers/registration_helpers_generiek.go:514.9,516.3 1 0
github.com/MarkWestbroek/Bitemporal_2026/bitemporal_go_API_v05/handlers/registration_helpers_generiek.go:518.2,519.56 2 0
github.com/MarkWestbroek/Bitemporal_2026/bitemporal_go_API_v05/handlers/registration_helpers_generiek.go:519.56,521.3 1 0
github.com/MarkWestbroek/Bitemporal_2026/bitemporal_go_API_v05/handlers/registration_helpers_generiek.go:523.2,524.16 2 0
github.com/MarkWestbroek/Bitemporal_2026/bitemporal_go_API_v05/handlers/registration_helpers_generiek.go:524.16,526.3 1 0
github.com/MarkWestbroek/Bitemporal_2026/bitemporal_go_API_v05/handlers/registration_helpers_generiek.go:527.2,527.36 1 0
github.com/MarkWestbroek/Bitemporal_2026/bitemporal_go_API_v05/handlers/registration_helpers_generiek.go:527.36,529.3 1 0
github.com/MarkWestbroek/Bitemporal_2026/bitemporal_go_API_v05/handlers/registration_helpers_generiek.go:531.2,531.12 1 0
github.com/MarkWestbroek/Bitemporal_2026/bitemporal_go_API_v05/handlers/registration_helpers_generiek.go:535.97,536.90 1 1
github.com/MarkWestbroek/Bitemporal_2026/bitemporal_go_API_v05/handlers/registration_helpers_generiek.go:536.90,538.3 1 0
github.com/MarkWestbroek/Bitemporal_2026/bitemporal_go_API_v05/handlers/registration_helpers_generiek.go:540.2,541.9 2 1
github.com/MarkWestbroek/Bitemporal_2026/bitemporal_go_API_v05/handlers/registration_helpers_generiek.go:541.9,543.3 1 0
github.com/MarkWestbroek/Bitemporal_2026/bitemporal_go_API_v05/handlers/registration_helpers_generiek.go:545.2,546.20 2 1
github.com/MarkWestbroek/Bitemporal_2026/bitemporal_go_API_v05/handlers/registration_helpers_generiek.go:546.20,548.3 1 0
github.com/MarkWestbroek/Bitemporal_2026/bitemporal_go_API_v05/handlers/registration_helpers_generiek.go:550.2,551.16 2 1
github.com/MarkWestbroek/Bitemporal_2026/bitemporal_go_API_v05/handlers/registration_helpers_generiek.go:551.16,553.3 1 0
github.com/MarkWestbroek/Bitemporal_2026/bitemporal_go_API_v05/handlers/registration_helpers_generiek.go:554.2,554.21 1 1
github.com/MarkWestbroek/Bitemporal_2026/bitemporal_go_API_v05/handlers/registration_helpers_generiek.go:554.21,556.3 1 1
github.com/MarkWestbroek/Bitemporal_2026/bitemporal_go_API_v05/handlers/registration_helpers_generiek.go:558.2,559.16 2 1
github.com/MarkWestbroek/Bitemporal_2026/bitemporal_go_API_v05/handlers/registration_helpers_generiek.go:559.16,561.3 1 0
github.com/MarkWestbroek/Bitemporal_2026/bitemporal_go_API_v05/handlers/registration_helpers_generiek.go:563.2,563.24 1 1
github.com/MarkWestbroek/Bitemporal_2026/bitemporal_go_API_v05/handlers/registration_helpers_generiek.go:563.24,566.3 1 1
github.com/MarkWestbroek/Bitemporal_2026/bitemporal_go_API_v05/handlers/registration_helpers_generiek.go:568.2,568.31 1 1
github.com/MarkWestbroek/Bitemporal_2026/bitemporal_go_API_v05/handlers/registration_helpers_generiek.go:568.31,569.80 1 1
github.com/MarkWestbroek/Bitemporal_2026/bitemporal_go_API_v05/handlers/registration_helpers_generiek.go:569.80,571.4 1 0
github.com/MarkWestbroek/Bitemporal_2026/bitemporal_go_API_v05/handlers/registration_helpers_generiek.go:572.3,573.142 1 1
github.com/MarkWestbroek/Bitemporal_2026/bitemporal_go_API_v05/handlers/registration_helpers_generiek.go:573.142,575.4 1 0
github.com/MarkWestbroek/Bitemporal_2026/bitemporal_go_API_v05/handlers/registration_helpers_generiek.go:578.2,578.12 1 1
github.com/MarkWestbroek/Bitemporal_2026/bitemporal_go_API_v05/handlers/registration_helpers_generiek.go:581.95,583.38 2 1
github.com/MarkWestbroek/Bitemporal_2026/bitemporal_go_API_v05/handlers/registration_helpers_generiek.go:583.38,584.20 1 1
github.com/MarkWestbroek/Bitemporal_2026/bitemporal_go_API_v05/handlers/registration_helpers_generiek.go:584.20,586.4 1 0
github.com/MarkWestbroek/Bitemporal_2026/bitemporal_go_API_v05/handlers/registration_helpers_generiek.go:587.3,587.23 1 1
github.com/MarkWestbroek/Bitemporal_2026/bitemporal_go_API_v05/handlers/registration_helpers_generiek.go:589.2,589.36 1 1
github.com/MarkWestbroek/Bitemporal_2026/bitemporal_go_API_v05/handlers/registration_helpers_generiek.go:589.36,591.3 1 0
github.com/MarkWestbroek/Bitemporal_2026/bitemporal_go_API_v05/handlers/registration_helpers_generiek.go:593.2,596.43 3 1
github.com/MarkWestbroek/Bitemporal_2026/bitemporal_go_API_v05/handlers/registration_helpers_generiek.go:596.43,599.33 3 1
github.com/MarkWestbroek/Bitemporal_2026/bitemporal_go_API_v05/handlers/registration_helpers_generiek.go:599.33,600.12 1 0
github.com/MarkWestbroek/Bitemporal_2026/bitemporal_go_API_v05/handlers/registration_helpers_generiek.go:603.3,605.82 1 1
github.com/MarkWestbroek/Bitemporal_2026/bitemporal_go_API_v05/handlers/registration_helpers_generiek.go:605.82,608.11 2 1
github.com/MarkWestbroek/Bitemporal_2026/bitemporal_go_API_v05/handlers/registration_helpers_generiek.go:608.11,610.5 1 0
github.com/MarkWestbroek/Bitemporal_2026/bitemporal_go_API_v05/handlers/registration_helpers_generiek.go:611.4,611.22 1 1
github.com/MarkWestbroek/Bitemporal_2026/bitemporal_go_API_v05/handlers/registration_helpers_generiek.go:615.2,615.76 1 0
github.com/MarkWestbroek/Bitemporal_2026/bitemporal_go_API_v05/handlers/registration_helpers_generiek.go:618.39,619.15 1 1
github.com/MarkWestbroek/Bitemporal_2026/bitemporal_go_API_v05/handlers/registration_helpers_generiek.go:619.15,621.3 1 1
github.com/MarkWestbroek/Bitemporal_2026/bitemporal_go_API_v05/handlers/registration_helpers_generiek.go:622.2,623.17 2 1
github.com/MarkWestbroek/Bitemporal_2026/bitemporal_go_API_v05/handlers/registration_helpers_generiek.go:626.44,628.2 1 1
github.com/MarkWestbroek/Bitemporal_2026/bitemporal_go_API_v05/handlers/registration_helpers_generiek.go:630.95,631.34 1 1
github.com/MarkWestbroek/Bitemporal_2026/bitemporal_go_API_v05/handlers/registration_helpers_generiek.go:631.34,633.3 1 1
github.com/MarkWestbroek/Bitemporal_2026/bitemporal_go_API_v05/handlers/registration_helpers_generiek.go:635.2,636.16 2 1
github.com/MarkWestbroek/Bitemporal_2026/bitemporal_go_API_v05/handlers/registration_helpers_generiek.go:636.16,638.3 1 1
github.com/MarkWestbroek/Bitemporal_2026/bitemporal_go_API_v05/handlers/registration_helpers_generiek.go:640.2,640.42 1 1
github.com/MarkWestbroek/Bitemporal_2026/bitemporal_go_API_v05/handlers/registration_helpers_generiek.go:640.42,642.3 1 0
github.com/MarkWestbroek/Bitemporal_2026/bitemporal_go_API_v05/handlers/registration_helpers_generiek.go:644.2,644.26 1 1
github.com/MarkWestbroek/Bitemporal_2026/bitemporal_go_API_v05/handlers/registration_helpers_generiek.go:645.22,646.18 1 1
github.com/MarkWestbroek/Bitemporal_2026/bitemporal_go_API_v05/handlers/registration_helpers_generiek.go:647.78,649.17 2 1
github.com/MarkWestbroek/Bitemporal_2026/bitemporal_go_API_v05/handlers/registration_helpers_generiek.go:649.17,651.4 1 1
github.com/MarkWestbroek/Bitemporal_2026/bitemporal_go_API_v05/handlers/registration_helpers_generiek.go:652.3,654.28 3 1
github.com/MarkWestbroek/Bitemporal_2026/bitemporal_go_API_v05/handlers/registration_helpers_generiek.go:655.83,657.17 2 1
github.com/MarkWestbroek/Bitemporal_2026/bitemporal_go_API_v05/handlers/registration_helpers_generiek.go:657.17,659.4 1 0
github.com/MarkWestbroek/Bitemporal_2026/bitemporal_go_API_v05/handlers/registration_helpers_generiek.go:660.3,662.28 3 1
github.com/MarkWestbroek/Bitemporal_2026/bitemporal_go_API_v05/handlers/registration_helpers_generiek.go:663.10,664.18 1 0
github.com/MarkWestbroek/Bitemporal_2026/bitemporal_go_API_v05/handlers/registration_helpers_generiek.go:668.90,669.27 1 1
github.com/MarkWestbroek/Bitemporal_2026/bitemporal_go_API_v05/handlers/registration_helpers_generiek.go:669.27,671.3 1 0
github.com/MarkWestbroek/Bitemporal_2026/bitemporal_go_API_v05/handlers/registration_helpers_generiek.go:673.2,675.35 3 1
github.com/MarkWestbroek/Bitemporal_2026/bitemporal_go_API_v05/handlers/registration_helpers_generiek.go:675.35,676.17 1 1
github.com/MarkWestbroek/Bitemporal_2026/bitemporal_go_API_v05/handlers/registration_helpers_generiek.go:676.17,678.4 1 0
github.com/MarkWestbroek/Bitemporal_2026/bitemporal_go_API_v05/handlers/registration_helpers_generiek.go:679.3,679.17 1 1
github.com/MarkWestbroek/Bitemporal_2026/bitemporal_go_API_v05/handlers/registration_helpers_generiek.go:681.2,681.33 1 1
github.com/MarkWestbroek/Bitemporal_2026/bitemporal_go_API_v05/handlers/registration_helpers_generiek.go:681.33,683.3 1 0
github.com/MarkWestbroek/Bitemporal_2026/bitemporal_go_API_v05/handlers/registration_helpers_generiek.go:685.2,688.37 3 1
github.com/MarkWestbroek/Bitemporal_2026/bitemporal_go_API_v05/handlers/registration_helpers_generiek.go:688.37,693.79 2 1
github.com/MarkWestbroek/Bitemporal_2026/bitemporal_go_API_v05/handlers/registration_helpers_generiek.go:693.79,695.4 1 1
github.com/MarkWestbroek/Bitemporal_2026/bitemporal_go_API_v05/handlers/registration_helpers_generiek.go:698.2,698.101 1 1
github.com/MarkWestbroek/Bitemporal_2026/bitemporal_go_API_v05/handlers/registration_patch_handler.go:14.41,15.30 1 0
github.com/MarkWestbroek/Bitemporal_2026/bitemporal_go_API_v05/handlers/registration_patch_handler.go:15.30,17.20 2 0
github.com/MarkWestbroek/Bitemporal_2026/bitemporal_go_API_v05/handlers/registration_patch_handler.go:17.20,20.4 2 0
github.com/MarkWestbroek/Bitemporal_2026/bitemporal_go_API_v05/handlers/registration_patch_handler.go:22.3,23.39 2 0
github.com/MarkWestbroek/Bitemporal_2026/bitemporal_go_API_v05/handlers/registration_patch_handler.go:23.39,26.4 2 0
github.com/MarkWestbroek/Bitemporal_2026/bitemporal_go_API_v05/handlers/registration_patch_handler.go:28.3,29.52 2 0
github.com/MarkWestbroek/Bitemporal_2026/bitemporal_go_API_v05/handlers/registration_patch_handler.go:29.52,32.4 2 0
github.com/MarkWestbroek/Bitemporal_2026/bitemporal_go_API_v05/handlers/registration_patch_handler.go:34.3,35.10 2 0
github.com/MarkWestbroek/Bitemporal_2026/bitemporal_go_API_v05/handlers/registration_patch_handler.go:35.10,38.4 2 0
github.com/MarkWestbroek/Bitemporal_2026/bitemporal_go_API_v05/handlers/registration_patch_handler.go:40.3,41.35 2 0
github.com/MarkWestbroek/Bitemporal_2026/bitemporal_go_API_v05/handlers/registration_patch_handler.go:42.12,43.19 1 0
github.com/MarkWestbroek/Bitemporal_2026/bitemporal_go_API_v05/handlers/registration_patch_handler.go:44.15,46.21 2 0
github.com/MarkWestbroek/Bitemporal_2026/bitemporal_go_API_v05/handlers/registration_patch_handler.go:46.21,48.5 1 0
github.com/MarkWestbroek/Bitemporal_2026/bitemporal_go_API_v05/handlers/registration_patch_handler.go:49.11,51.10 2 0
github.com/MarkWestbroek/Bitemporal_2026/bitemporal_go_API_v05/handlers/registration_patch_handler.go:54.3,59.17 2 0
github.com/MarkWestbroek/Bitemporal_2026/bitemporal_go_API_v05/handlers/registration_patch_handler.go:59.17,62.4 2 0
github.com/MarkWestbroek/Bitemporal_2026/bitemporal_go_API_v05/handlers/registration_patch_handler.go:64.3,65.17 2 0
github.com/MarkWestbroek/Bitemporal_2026/bitemporal_go_API_v05/handlers/registration_patch_handler.go:65.17,68.4 2 0
github.com/MarkWestbroek/Bitemporal_2026/bitemporal_go_API_v05/handlers/registration_patch_handler.go:69.3,69.24 1 0
github.com/MarkWestbroek/Bitemporal_2026/bitemporal_go_API_v05/handlers/registration_patch_handler.go:69.24,72.4 2 0
github.com/MarkWestbroek/Bitemporal_2026/bitemporal_go_API_v05/handlers/registration_patch_handler.go:74.3,75.113 2 0
github.com/MarkWestbroek/Bitemporal_2026/bitemporal_go_API_v05/handlers/registration_patch_handler.go:75.113,78.4 2 0
github.com/MarkWestbroek/Bitemporal_2026/bitemporal_go_API_v05/handlers/registration_patch_handler.go:80.3,83.5 1 0
github.com/MarkWestbroek/Bitemporal_2026/bitemporal_go_API_v05/handlers/tasks_handler.go:13.33,16.50 2 0
github.com/MarkWestbroek/Bitemporal_2026/bitemporal_go_API_v05/handlers/tasks_handler.go:16.50,19.3 2 0
github.com/MarkWestbroek/Bitemporal_2026/bitemporal_go_API_v05/handlers/tasks_handler.go:21.2,27.4 1 0
github.com/MarkWestbroek/Bitemporal_2026/bitemporal_go_API_v05/handlers/tests_handler.go:14.33,20.16 3 0
github.com/MarkWestbroek/Bitemporal_2026/bitemporal_go_API_v05/handlers/tests_handler.go:20.16,23.3 2 0
github.com/MarkWestbroek/Bitemporal_2026/bitemporal_go_API_v05/handlers/tests_handler.go:26.2,26.48 1 0
github.com/MarkWestbroek/Bitemporal_2026/bitemporal_go_API_v05/handlers/tests_handler.go:29.30,33.18 2 0
github.com/MarkWestbroek/Bitemporal_2026/bitemporal_go_API_v05/handlers/tests_handler.go:33.18,36.3 2 0
github.com/MarkWestbroek/Bitemporal_2026/bitemporal_go_API_v05/handlers/tests_handler.go:38.2,42.16 3 0
github.com/MarkWestbroek/Bitemporal_2026/bitemporal_go_API_v05/handlers/tests_handler.go:42.16,45.3 2 0
github.com/MarkWestbroek/Bitemporal_2026/bitemporal_go_API_v05/handlers/tests_handler.go:47.2,47.19 1 0
github.com/MarkWestbroek/Bitemporal_2026/bitemporal_go_API_v05/handlers/tests_handler.go:47.19,50.3 2 0
github.com/MarkWestbroek/Bitemporal_2026/bitemporal_go_API_v05/handlers/tests_handler.go:52.2,52.29 1 0
github.com/MarkWestbroek/Bitemporal_2026/bitemporal_go_API_v05/handlers/tests_handler.go:55.35,58.18 2 0
github.com/MarkWestbroek/Bitemporal_2026/bitemporal_go_API_v05/handlers/tests_handler.go:58.18,61.3 2 0
github.com/MarkWestbroek/Bitemporal_2026/bitemporal_go_API_v05/handlers/tests_handler.go:63.2,66.56 2 0
github.com/MarkWestbroek/Bitemporal_2026/bitemporal_go_API_v05/handlers/tests_handler.go:66.56,69.3 2 0
github.com/MarkWestbroek/Bitemporal_2026/bitemporal_go_API_v05/handlers/tests_handler.go:72.2,77.16 2 0
github.com/MarkWestbroek/Bitemporal_2026/bitemporal_go_API_v05/handlers/tests_handler.go:77.16,80.3 2 0
github.com/MarkWestbroek/Bitemporal_2026/bitemporal_go_API_v05/handlers/tests_handler.go:82.2,82.59 1 0
github.com/MarkWestbroek/Bitemporal_2026/bitemporal_go_API_v05/handlers/tests_handler.go:85.35,92.16 4 0
github.com/MarkWestbroek/Bitemporal_2026/bitemporal_go_API_v05/handlers/tests_handler.go:92.16,95.3 2 0
github.com/MarkWestbroek/Bitemporal_2026/bitemporal_go_API_v05/handlers/tests_handler.go:97.2,98.16 2 0
github.com/MarkWestbroek/Bitemporal_2026/bitemporal_go_API_v05/handlers/tests_handler.go:98.16,101.3 2 0
github.com/MarkWestbroek/Bitemporal_2026/bitemporal_go_API_v05/handlers/tests_handler.go:104.2,104.22 1 0
github.com/MarkWestbroek/Bitemporal_2026/bitemporal_go_API_v05/handlers/tests_handler.go:104.22,106.3 1 0
github.com/MarkWestbroek/Bitemporal_2026/bitemporal_go_API_v05/handlers/tests_handler.go:106.8,108.3 1 0
github.com/MarkWestbroek/Bitemporal_2026/bitemporal_go_API_v05/handlers/tests_handler.go:111.32,114.53 2 0
github.com/MarkWestbroek/Bitemporal_2026/bitemporal_go_API_v05/handlers/tests_handler.go:114.53,117.3 2 0
github.com/MarkWestbroek/Bitemporal_2026/bitemporal_go_API_v05/handlers/tests_handler.go:120.2,121.16 2 0
github.com/MarkWestbroek/Bitemporal_2026/bitemporal_go_API_v05/handlers/tests_handler.go:121.16,124.3 2 0
github.com/MarkWestbroek/Bitemporal_2026/bitemporal_go_API_v05/handlers/tests_handler.go:126.2,126.64 1 0
github.com/MarkWestbroek/Bitemporal_2026/bitemporal_go_API_v05/handlers/viz_entiteit_max_id_handler.go:21.52,22.30 1 0
github.com/MarkWestbroek/Bitemporal_2026/bitemporal_go_API_v05/handlers/viz_entiteit_max_id_handler.go:22.30,23.16 1 0
github.com/MarkWestbroek/Bitemporal_2026/bitemporal_go_API_v05/handlers/viz_entiteit_max_id_handler.go:23.16,26.4 2 0
github.com/MarkWestbroek/Bitemporal_2026/bitemporal_go_API_v05/handlers/viz_entiteit_max_id_handler.go:28.3,29.21 2 0
github.com/MarkWestbroek/Bitemporal_2026/bitemporal_go_API_v05/handlers/viz_entiteit_max_id_handler.go:29.21,32.4 2 0
github.com/MarkWestbroek/Bitemporal_2026/bitemporal_go_API_v05/handlers/viz_entiteit_max_id_handler.go:34.3,35.10 2 0
github.com/MarkWestbroek/Bitemporal_2026/bitemporal_go_API_v05/handlers/viz_entiteit_max_id_handler.go:35.10,38.4 2 0
github.com/MarkWestbroek/Bitemporal_2026/bitemporal_go_API_v05/handlers/viz_entiteit_max_id_handler.go:39.3,39.46 1 0
github.com/MarkWestbroek/Bitemporal_2026/bitemporal_go_API_v05/handlers/viz_entiteit_max_id_handler.go:39.46,42.4 2 0
github.com/MarkWestbroek/Bitemporal_2026/bitemporal_go_API_v05/handlers/viz_entiteit_max_id_handler.go:44.3,51.17 3 0
github.com/MarkWestbroek/Bitemporal_2026/bitemporal_go_API_v05/handlers/viz_entiteit_max_id_handler.go:51.17,53.38 1 0
github.com/MarkWestbroek/Bitemporal_2026/bitemporal_go_API_v05/handlers/viz_entiteit_max_id_handler.go:53.38,56.5 2 0
github.com/MarkWestbroek/Bitemporal_2026/bitemporal_go_API_v05/handlers/viz_entiteit_max_id_handler.go:59.3,60.19 2 0
github.com/MarkWestbroek/Bitemporal_2026/bitemporal_go_API_v05/handlers/viz_entiteit_max_id_handler.go:60.19,62.4 1 0
github.com/MarkWestbroek/Bitemporal_2026/bitemporal_go_API_v05/handlers/viz_entiteit_max_id_handler.go:63.3,65.62 2 0
github.com/MarkWestbroek/Bitemporal_2026/bitemporal_go_API_v05/handlers/viz_entiteit_max_id_handler.go:65.62,66.79 1 0
github.com/MarkWestbroek/Bitemporal_2026/bitemporal_go_API_v05/handlers/viz_entiteit_max_id_handler.go:66.79,68.5 1 0
github.com/MarkWestbroek/Bitemporal_2026/bitemporal_go_API_v05/handlers/viz_entiteit_max_id_handler.go:71.3,76.5 1 0
github.com/MarkWestbroek/Bitemporal_2026/bitemporal_go_API_v05/handlers/viz_relatie_secondaire_ids_handler.go:20.56,22.18 2 0
github.com/MarkWestbroek/Bitemporal_2026/bitemporal_go_API_v05/handlers/viz_relatie_secondaire_ids_handler.go:22.18,24.3 1 0
github.com/MarkWestbroek/Bitemporal_2026/bitemporal_go_API_v05/handlers/viz_relatie_secondaire_ids_handler.go:25.2,25.15 1 0
github.com/MarkWestbroek/Bitemporal_2026/bitemporal_go_API_v05/handlers/viz_relatie_secondaire_ids_handler.go:29.97,31.15 2 0
github.com/MarkWestbroek/Bitemporal_2026/bitemporal_go_API_v05/handlers/viz_relatie_secondaire_ids_handler.go:31.15,33.3 1 0
github.com/MarkWestbroek/Bitemporal_2026/bitemporal_go_API_v05/handlers/viz_relatie_secondaire_ids_handler.go:34.2,35.26 2 0
github.com/MarkWestbroek/Bitemporal_2026/bitemporal_go_API_v05/handlers/viz_relatie_secondaire_ids_handler.go:35.26,37.3 1 0
github.com/MarkWestbroek/Bitemporal_2026/bitemporal_go_API_v05/handlers/viz_relatie_secondaire_ids_handler.go:38.2,38.18 1 0
github.com/MarkWestbroek/Bitemporal_2026/bitemporal_go_API_v05/handlers/viz_relatie_secondaire_ids_handler.go:38.18,40.3 1 0
github.com/MarkWestbroek/Bitemporal_2026/bitemporal_go_API_v05/handlers/viz_relatie_secondaire_ids_handler.go:41.2,41.15 1 0
github.com/MarkWestbroek/Bitemporal_2026/bitemporal_go_API_v05/handlers/viz_relatie_secondaire_ids_handler.go:46.59,47.30 1 0
github.com/MarkWestbroek/Bitemporal_2026/bitemporal_go_API_v05/handlers/viz_relatie_secondaire_ids_handler.go:47.30,48.16 1 0
github.com/MarkWestbroek/Bitemporal_2026/bitemporal_go_API_v05/handlers/viz_relatie_secondaire_ids_handler.go:48.16,51.4 2 0
github.com/MarkWestbroek/Bitemporal_2026/bitemporal_go_API_v05/handlers/viz_relatie_secondaire_ids_handler.go:53.3,54.21 2 0
github.com/MarkWestbroek/Bitemporal_2026/bitemporal_go_API_v05/handlers/viz_relatie_secondaire_ids_handler.go:54.21,57.4 2 0
github.com/MarkWestbroek/Bitemporal_2026/bitemporal_go_API_v05/handlers/viz_relatie_secondaire_ids_handler.go:59.3,60.10 2 0
github.com/MarkWestbroek/Bitemporal_2026/bitemporal_go_API_v05/handlers/viz_relatie_secondaire_ids_handler.go:60.10,63.4 2 0
github.com/MarkWestbroek/Bitemporal_2026/bitemporal_go_API_v05/handlers/viz_relatie_secondaire_ids_handler.go:64.3,64.52 1 0
github.com/MarkWestbroek/Bitemporal_2026/bitemporal_go_API_v05/handlers/viz_relatie_secondaire_ids_handler.go:64.52,67.4 2 0
github.com/MarkWestbroek/Bitemporal_2026/bitemporal_go_API_v05/handlers/viz_relatie_secondaire_ids_handler.go:68.3,68.69 1 0
github.com/MarkWestbroek/Bitemporal_2026/bitemporal_go_API_v05/handlers/viz_relatie_secondaire_ids_handler.go:68.69,71.4 2 0
github.com/MarkWestbroek/Bitemporal_2026/bitemporal_go_API_v05/handlers/viz_relatie_secondaire_ids_handler.go:74.3,75.17 2 0
github.com/MarkWestbroek/Bitemporal_2026/bitemporal_go_API_v05/handlers/viz_relatie_secondaire_ids_handler.go:75.17,78.4 2 0
github.com/MarkWestbroek/Bitemporal_2026/bitemporal_go_API_v05/handlers/viz_relatie_secondaire_ids_handler.go:80.3,81.35 2 0
github.com/MarkWestbroek/Bitemporal_2026/bitemporal_go_API_v05/handlers/viz_relatie_secondaire_ids_handler.go:81.35,84.4 2 0
github.com/MarkWestbroek/Bitemporal_2026/bitemporal_go_API_v05/handlers/viz_relatie_secondaire_ids_handler.go:86.3,87.63 2 0
github.com/MarkWestbroek/Bitemporal_2026/bitemporal_go_API_v05/handlers/viz_relatie_secondaire_ids_handler.go:87.63,90.4 2 0
github.com/MarkWestbroek/Bitemporal_2026/bitemporal_go_API_v05/handlers/viz_relatie_secondaire_ids_handler.go:92.3,103.17 3 0
github.com/MarkWestbroek/Bitemporal_2026/bitemporal_go_API_v05/handlers/viz_relatie_secondaire_ids_handler.go:103.17,106.4 2 0
github.com/MarkWestbroek/Bitemporal_2026/bitemporal_go_API_v05/handlers/viz_relatie_secondaire_ids_handler.go:108.3,113.5 1 0
github.com/MarkWestbroek/Bitemporal_2026/bitemporal_go_API_v05/handlers/viz_schema_handler.go:59.44,60.47 1 1
github.com/MarkWestbroek/Bitemporal_2026/bitemporal_go_API_v05/handlers/viz_schema_handler.go:60.47,61.57 1 1
github.com/MarkWestbroek/Bitemporal_2026/bitemporal_go_API_v05/handlers/viz_schema_handler.go:61.57,63.4 1 1
github.com/MarkWestbroek/Bitemporal_2026/bitemporal_go_API_v05/handlers/viz_schema_handler.go:65.2,65.14 1 1
github.com/MarkWestbroek/Bitemporal_2026/bitemporal_go_API_v05/handlers/viz_schema_handler.go:70.75,71.16 1 1
github.com/MarkWestbroek/Bitemporal_2026/bitemporal_go_API_v05/handlers/viz_schema_handler.go:71.16,73.3 1 1
github.com/MarkWestbroek/Bitemporal_2026/bitemporal_go_API_v05/handlers/viz_schema_handler.go:74.2,74.15 1 1
github.com/MarkWestbroek/Bitemporal_2026/bitemporal_go_API_v05/handlers/viz_schema_handler.go:74.15,76.3 1 1
github.com/MarkWestbroek/Bitemporal_2026/bitemporal_go_API_v05/handlers/viz_schema_handler.go:77.2,79.34 3 1
github.com/MarkWestbroek/Bitemporal_2026/bitemporal_go_API_v05/handlers/viz_schema_handler.go:79.34,80.49 1 1
github.com/MarkWestbroek/Bitemporal_2026/bitemporal_go_API_v05/handlers/viz_schema_handler.go:80.49,82.9 2 1
github.com/MarkWestbroek/Bitemporal_2026/bitemporal_go_API_v05/handlers/viz_schema_handler.go:85.2,85.17 1 1
github.com/MarkWestbroek/Bitemporal_2026/bitemporal_go_API_v05/handlers/viz_schema_handler.go:85.17,87.3 1 0
github.com/MarkWestbroek/Bitemporal_2026/bitemporal_go_API_v05/handlers/viz_schema_handler.go:88.2,88.34 1 1
github.com/MarkWestbroek/Bitemporal_2026/bitemporal_go_API_v05/handlers/viz_schema_handler.go:91.51,92.15 1 1
github.com/MarkWestbroek/Bitemporal_2026/bitemporal_go_API_v05/handlers/viz_schema_handler.go:92.15,94.3 1 1
github.com/MarkWestbroek/Bitemporal_2026/bitemporal_go_API_v05/handlers/viz_schema_handler.go:95.2,95.47 1 1
github.com/MarkWestbroek/Bitemporal_2026/bitemporal_go_API_v05/handlers/viz_schema_handler.go:95.47,97.43 2 1
github.com/MarkWestbroek/Bitemporal_2026/bitemporal_go_API_v05/handlers/viz_schema_handler.go:97.43,98.12 1 0
github.com/MarkWestbroek/Bitemporal_2026/bitemporal_go_API_v05/handlers/viz_schema_handler.go:100.3,102.38 3 1
github.com/MarkWestbroek/Bitemporal_2026/bitemporal_go_API_v05/handlers/viz_schema_handler.go:102.38,104.19 2 1
github.com/MarkWestbroek/Bitemporal_2026/bitemporal_go_API_v05/handlers/viz_schema_handler.go:104.19,106.5 1 1
github.com/MarkWestbroek/Bitemporal_2026/bitemporal_go_API_v05/handlers/viz_schema_handler.go:108.3,108.22 1 1
github.com/MarkWestbroek/Bitemporal_2026/bitemporal_go_API_v05/handlers/viz_schema_handler.go:108.22,110.4 1 1
github.com/MarkWestbroek/Bitemporal_2026/bitemporal_go_API_v05/handlers/viz_schema_handler.go:112.2,112.12 1 0
github.com/MarkWestbroek/Bitemporal_2026/bitemporal_go_API_v05/handlers/viz_schema_handler.go:116.65,117.14 1 1
github.com/MarkWestbroek/Bitemporal_2026/bitemporal_go_API_v05/handlers/viz_schema_handler.go:117.14,119.3 1 0
github.com/MarkWestbroek/Bitemporal_2026/bitemporal_go_API_v05/handlers/viz_schema_handler.go:120.2,120.30 1 1
github.com/MarkWestbroek/Bitemporal_2026/bitemporal_go_API_v05/handlers/viz_schema_handler.go:120.30,122.3 1 1
github.com/MarkWestbroek/Bitemporal_2026/bitemporal_go_API_v05/handlers/viz_schema_handler.go:124.2,125.61 2 1
github.com/MarkWestbroek/Bitemporal_2026/bitemporal_go_API_v05/handlers/viz_schema_handler.go:125.61,128.31 3 1
github.com/MarkWestbroek/Bitemporal_2026/bitemporal_go_API_v05/handlers/viz_schema_handler.go:128.31,130.4 1 0
github.com/MarkWestbroek/Bitemporal_2026/bitemporal_go_API_v05/handlers/viz_schema_handler.go:133.2,133.19 1 1
github.com/MarkWestbroek/Bitemporal_2026/bitemporal_go_API_v05/handlers/viz_schema_handler.go:133.19,134.14 1 0
github.com/MarkWestbroek/Bitemporal_2026/bitemporal_go_API_v05/handlers/viz_schema_handler.go:134.14,136.4 1 0
github.com/MarkWestbroek/Bitemporal_2026/bitemporal_go_API_v05/handlers/viz_schema_handler.go:137.3,137.31 1 0
github.com/MarkWestbroek/Bitemporal_2026/bitemporal_go_API_v05/handlers/viz_schema_handler.go:140.2,140.19 1 1
github.com/MarkWestbroek/Bitemporal_2026/bitemporal_go_API_v05/handlers/viz_schema_handler.go:140.19,141.14 1 1
github.com/MarkWestbroek/Bitemporal_2026/bitemporal_go_API_v05/handlers/viz_schema_handler.go:141.14,143.4 1 0
github.com/MarkWestbroek/Bitemporal_2026/bitemporal_go_API_v05/handlers/viz_schema_handler.go:144.3,144.26 1 1
github.com/MarkWestbroek/Bitemporal_2026/bitemporal_go_API_v05/handlers/viz_schema_handler.go:147.2,147.62 1 1
github.com/MarkWestbroek/Bitemporal_2026/bitemporal_go_API_v05/handlers/viz_schema_handler.go:147.62,148.14 1 1
github.com/MarkWestbroek/Bitemporal_2026/bitemporal_go_API_v05/handlers/viz_schema_handler.go:148.14,150.4 1 1
github.com/MarkWestbroek/Bitemporal_2026/bitemporal_go_API_v05/handlers/viz_schema_handler.go:151.3,151.27 1 0
github.com/MarkWestbroek/Bitemporal_2026/bitemporal_go_API_v05/handlers/viz_schema_handler.go:154.2,154.18 1 1
github.com/MarkWestbroek/Bitemporal_2026/bitemporal_go_API_v05/handlers/viz_schema_handler.go:155.20,156.14 1 1
github.com/MarkWestbroek/Bitemporal_2026/bitemporal_go_API_v05/handlers/viz_schema_handler.go:156.14,158.4 1 0
github.com/MarkWestbroek/Bitemporal_2026/bitemporal_go_API_v05/handlers/viz_schema_handler.go:159.3,159.23 1 1
github.com/MarkWestbroek/Bitemporal_2026/bitemporal_go_API_v05/handlers/viz_schema_handler.go:161.79,162.14 1 1
github.com/MarkWestbroek/Bitemporal_2026/bitemporal_go_API_v05/handlers/viz_schema_handler.go:162.14,164.4 1 0
github.com/MarkWestbroek/Bitemporal_2026/bitemporal_go_API_v05/handlers/viz_schema_handler.go:165.3,165.23 1 1
github.com/MarkWestbroek/Bitemporal_2026/bitemporal_go_API_v05/handlers/viz_schema_handler.go:166.23,167.14 1 0
github.com/MarkWestbroek/Bitemporal_2026/bitemporal_go_API_v05/handlers/viz_schema_handler.go:167.14,169.4 1 0
github.com/MarkWestbroek/Bitemporal_2026/bitemporal_go_API_v05/handlers/viz_schema_handler.go:170.3,170.29 1 0
github.com/MarkWestbroek/Bitemporal_2026/bitemporal_go_API_v05/handlers/viz_schema_handler.go:171.23,172.14 1 1
github.com/MarkWestbroek/Bitemporal_2026/bitemporal_go_API_v05/handlers/viz_schema_handler.go:172.14,174.4 1 0
github.com/MarkWestbroek/Bitemporal_2026/bitemporal_go_API_v05/handlers/viz_schema_handler.go:175.3,175.29 1 1
github.com/MarkWestbroek/Bitemporal_2026/bitemporal_go_API_v05/handlers/viz_schema_handler.go:176.22,177.14 1 1
github.com/MarkWestbroek/Bitemporal_2026/bitemporal_go_API_v05/handlers/viz_schema_handler.go:177.14,179.4 1 0
github.com/MarkWestbroek/Bitemporal_2026/bitemporal_go_API_v05/handlers/viz_schema_handler.go:180.3,180.22 1 1
github.com/MarkWestbroek/Bitemporal_2026/bitemporal_go_API_v05/handlers/viz_schema_handler.go:181.10,182.14 1 0
github.com/MarkWestbroek/Bitemporal_2026/bitemporal_go_API_v05/handlers/viz_schema_handler.go:182.14,184.4 1 0
github.com/MarkWestbroek/Bitemporal_2026/bitemporal_go_API_v05/handlers/viz_schema_handler.go:185.3,185.21 1 0
github.com/MarkWestbroek/Bitemporal_2026/bitemporal_go_API_v05/handlers/viz_schema_handler.go:185.21,187.4 1 0
github.com/MarkWestbroek/Bitemporal_2026/bitemporal_go_API_v05/handlers/viz_schema_handler.go:188.3,188.22 1 0
github.com/MarkWestbroek/Bitemporal_2026/bitemporal_go_API_v05/handlers/viz_schema_handler.go:195.71,204.16 3 1
github.com/MarkWestbroek/Bitemporal_2026/bitemporal_go_API_v05/handlers/viz_schema_handler.go:204.16,206.3 1 0
github.com/MarkWestbroek/Bitemporal_2026/bitemporal_go_API_v05/handlers/viz_schema_handler.go:207.2,208.29 2 1
github.com/MarkWestbroek/Bitemporal_2026/bitemporal_go_API_v05/handlers/viz_schema_handler.go:208.29,210.3 1 1
github.com/MarkWestbroek/Bitemporal_2026/bitemporal_go_API_v05/handlers/viz_schema_handler.go:211.2,211.32 1 1
github.com/MarkWestbroek/Bitemporal_2026/bitemporal_go_API_v05/handlers/viz_schema_handler.go:211.32,213.3 1 0
github.com/MarkWestbroek/Bitemporal_2026/bitemporal_go_API_v05/handlers/viz_schema_handler.go:215.2,216.36 2 1
github.com/MarkWestbroek/Bitemporal_2026/bitemporal_go_API_v05/handlers/viz_schema_handler.go:216.36,218.22 2 1
github.com/MarkWestbroek/Bitemporal_2026/bitemporal_go_API_v05/handlers/viz_schema_handler.go:218.22,220.12 1 0
github.com/MarkWestbroek/Bitemporal_2026/bitemporal_go_API_v05/handlers/viz_schema_handler.go:223.3,224.11 2 1
github.com/MarkWestbroek/Bitemporal_2026/bitemporal_go_API_v05/handlers/viz_schema_handler.go:224.11,225.12 1 1
github.com/MarkWestbroek/Bitemporal_2026/bitemporal_go_API_v05/handlers/viz_schema_handler.go:227.3,227.17 1 1
github.com/MarkWestbroek/Bitemporal_2026/bitemporal_go_API_v05/handlers/viz_schema_handler.go:227.17,228.19 1 1
github.com/MarkWestbroek/Bitemporal_2026/bitemporal_go_API_v05/handlers/viz_schema_handler.go:228.19,229.13 1 1
github.com/MarkWestbroek/Bitemporal_2026/bitemporal_go_API_v05/handlers/viz_schema_handler.go:231.4,231.34 1 0
github.com/MarkWestbroek/Bitemporal_2026/bitemporal_go_API_v05/handlers/viz_schema_handler.go:233.3,233.65 1 1
github.com/MarkWestbroek/Bitemporal_2026/bitemporal_go_API_v05/handlers/viz_schema_handler.go:233.65,234.12 1 1
github.com/MarkWestbroek/Bitemporal_2026/bitemporal_go_API_v05/handlers/viz_schema_handler.go:237.3,249.5 4 1
github.com/MarkWestbroek/Bitemporal_2026/bitemporal_go_API_v05/handlers/viz_schema_handler.go:252.2,252.15 1 1
github.com/MarkWestbroek/Bitemporal_2026/bitemporal_go_API_v05/handlers/viz_schema_handler.go:255.64,256.28 1 1
github.com/MarkWestbroek/Bitemporal_2026/bitemporal_go_API_v05/handlers/viz_schema_handler.go:256.28,258.3 1 1
github.com/MarkWestbroek/Bitemporal_2026/bitemporal_go_API_v05/handlers/viz_schema_handler.go:259.2,259.21 1 1
github.com/MarkWestbroek/Bitemporal_2026/bitemporal_go_API_v05/handlers/viz_schema_handler.go:262.45,263.30 1 1
github.com/MarkWestbroek/Bitemporal_2026/bitemporal_go_API_v05/handlers/viz_schema_handler.go:263.30,266.44 2 1
github.com/MarkWestbroek/Bitemporal_2026/bitemporal_go_API_v05/handlers/viz_schema_handler.go:266.44,268.4 1 1
github.com/MarkWestbroek/Bitemporal_2026/bitemporal_go_API_v05/handlers/viz_schema_handler.go:269.3,272.38 3 1
github.com/MarkWestbroek/Bitemporal_2026/bitemporal_go_API_v05/handlers/viz_schema_handler.go:272.38,274.11 2 1
github.com/MarkWestbroek/Bitemporal_2026/bitemporal_go_API_v05/handlers/viz_schema_handler.go:274.11,275.13 1 0
github.com/MarkWestbroek/Bitemporal_2026/bitemporal_go_API_v05/handlers/viz_schema_handler.go:278.4,293.47 2 1
github.com/MarkWestbroek/Bitemporal_2026/bitemporal_go_API_v05/handlers/viz_schema_handler.go:293.47,295.5 1 1
github.com/MarkWestbroek/Bitemporal_2026/bitemporal_go_API_v05/handlers/viz_schema_handler.go:297.4,297.52 1 1
github.com/MarkWestbroek/Bitemporal_2026/bitemporal_go_API_v05/handlers/viz_schema_handler.go:297.52,299.63 2 1
github.com/MarkWestbroek/Bitemporal_2026/bitemporal_go_API_v05/handlers/viz_schema_handler.go:299.63,306.6 1 1
github.com/MarkWestbroek/Bitemporal_2026/bitemporal_go_API_v05/handlers/viz_schema_handler.go:307.5,307.34 1 1
github.com/MarkWestbroek/Bitemporal_2026/bitemporal_go_API_v05/handlers/viz_schema_handler.go:310.4,310.31 1 1
github.com/MarkWestbroek/Bitemporal_2026/bitemporal_go_API_v05/handlers/viz_schema_handler.go:313.3,316.5 1 1
github.com/MarkWestbroek/Bitemporal_2026/bitemporal_go_API_v05/dbsetup/autoincrement_helpers.go:12.105,15.31 2 0
github.com/MarkWestbroek/Bitemporal_2026/bitemporal_go_API_v05/dbsetup/autoincrement_helpers.go:15.31,17.3 1 0
github.com/MarkWestbroek/Bitemporal_2026/bitemporal_go_API_v05/dbsetup/autoincrement_helpers.go:18.2,21.24 2 0
github.com/MarkWestbroek/Bitemporal_2026/bitemporal_go_API_v05/dbsetup/autoincrement_helpers.go:21.24,23.3 1 0
github.com/MarkWestbroek/Bitemporal_2026/bitemporal_go_API_v05/dbsetup/autoincrement_helpers.go:26.2,31.85 4 0
github.com/MarkWestbroek/Bitemporal_2026/bitemporal_go_API_v05/dbsetup/autoincrement_helpers.go:35.64,56.2 3 0
github.com/MarkWestbroek/Bitemporal_2026/bitemporal_go_API_v05/dbsetup/createmodeltables.go:19.63,26.39 2 0
github.com/MarkWestbroek/Bitemporal_2026/bitemporal_go_API_v05/dbsetup/createmodeltables.go:26.39,28.50 2 0
github.com/MarkWestbroek/Bitemporal_2026/bitemporal_go_API_v05/dbsetup/createmodeltables.go:28.50,29.33 1 0
github.com/MarkWestbroek/Bitemporal_2026/bitemporal_go_API_v05/dbsetup/createmodeltables.go:29.33,31.5 1 0
github.com/MarkWestbroek/Bitemporal_2026/bitemporal_go_API_v05/dbsetup/createmodeltables.go:33.3,35.38 2 0
github.com/MarkWestbroek/Bitemporal_2026/bitemporal_go_API_v05/dbsetup/createmodeltables.go:35.38,37.11 2 0
github.com/MarkWestbroek/Bitemporal_2026/bitemporal_go_API_v05/dbsetup/createmodeltables.go:37.11,39.5 1 0
github.com/MarkWestbroek/Bitemporal_2026/bitemporal_go_API_v05/dbsetup/createmodeltables.go:40.4,40.29 1 0
github.com/MarkWestbroek/Bitemporal_2026/bitemporal_go_API_v05/dbsetup/createmodeltables.go:40.29,42.5 1 0
github.com/MarkWestbroek/Bitemporal_2026/bitemporal_go_API_v05/dbsetup/createmodeltables.go:44.4,49.18 3 0
github.com/MarkWestbroek/Bitemporal_2026/bitemporal_go_API_v05/dbsetup/createmodeltables.go:49.18,51.5 1 0
github.com/MarkWestbroek/Bitemporal_2026/bitemporal_go_API_v05/dbsetup/createmodeltables.go:57.4,57.146 1 0
github.com/MarkWestbroek/Bitemporal_2026/bitemporal_go_API_v05/dbsetup/createmodeltables.go:57.146,59.79 1 0
github.com/MarkWestbroek/Bitemporal_2026/bitemporal_go_API_v05/dbsetup/createmodeltables.go:59.79,61.6 1 0
github.com/MarkWestbroek/Bitemporal_2026/bitemporal_go_API_v05/dbsetup/createmodeltables.go:67.2,67.12 1 0
github.com/MarkWestbroek/Bitemporal_2026/bitemporal_go_API_v05/dbsetup/createtables.go:10.37,18.16 3 0
github.com/MarkWestbroek/Bitemporal_2026/bitemporal_go_API_v05/dbsetup/createtables.go:18.16,20.3 1 0
github.com/MarkWestbroek/Bitemporal_2026/bitemporal_go_API_v05/dbsetup/createtables.go:22.2,23.16 2 0
github.com/MarkWestbroek/Bitemporal_2026/bitemporal_go_API_v05/dbsetup/createtables.go:23.16,25.3 1 0
github.com/MarkWestbroek/Bitemporal_2026/bitemporal_go_API_v05/dbsetup/createtables.go:34.2,35.16 2 0
github.com/MarkWestbroek/Bitemporal_2026/bitemporal_go_API_v05/dbsetup/createtables.go:35.16,37.3 1 0
github.com/MarkWestbroek/Bitemporal_2026/bitemporal_go_API_v05/dbsetup/createtables.go:41.2,42.16 2 0
github.com/MarkWestbroek/Bitemporal_2026/bitemporal_go_API_v05/dbsetup/createtables.go:42.16,44.3 1 0
github.com/MarkWestbroek/Bitemporal_2026/bitemporal_go_API_v05/dbsetup/createtables.go:47.2,48.16 2 0
github.com/MarkWestbroek/Bitemporal_2026/bitemporal_go_API_v05/dbsetup/createtables.go:48.16,50.3 1 0
github.com/MarkWestbroek/Bitemporal_2026/bitemporal_go_API_v05/dbsetup/createtables.go:53.2,54.16 2 0
github.com/MarkWestbroek/Bitemporal_2026/bitemporal_go_API_v05/dbsetup/createtables.go:54.16,56.3 1 0
github.com/MarkWestbroek/Bitemporal_2026/bitemporal_go_API_v05/dbsetup/createtables.go:59.2,60.16 2 0
github.com/MarkWestbroek/Bitemporal_2026/bitemporal_go_API_v05/dbsetup/createtables.go:60.16,62.3 1 0
github.com/MarkWestbroek/Bitemporal_2026/bitemporal_go_API_v05/dbsetup/createtables.go:63.2,63.12 1 0
github.com/MarkWestbroek/Bitemporal_2026/bitemporal_go_API_v05/dbsetup/createviews.go:11.70,23.34 2 0
github.com/MarkWestbroek/Bitemporal_2026/bitemporal_go_API_v05/dbsetup/createviews.go:23.34,24.54 1 0
github.com/MarkWestbroek/Bitemporal_2026/bitemporal_go_API_v05/dbsetup/createviews.go:24.54,26.4 1 0
github.com/MarkWestbroek/Bitemporal_2026/bitemporal_go_API_v05/dbsetup/createviews.go:29.2,29.12 1 0
github.com/MarkWestbroek/Bitemporal_2026/bitemporal_go_API_v05/dbsetup/createviews.go:34.68,85.64 3 0
github.com/MarkWestbroek/Bitemporal_2026/bitemporal_go_API_v05/dbsetup/createviews.go:85.64,87.3 1 0
github.com/MarkWestbroek/Bitemporal_2026/bitemporal_go_API_v05/dbsetup/createviews.go:89.2,89.67 1 0
github.com/MarkWestbroek/Bitemporal_2026/bitemporal_go_API_v05/dbsetup/createviews.go:89.67,91.3 1 0
github.com/MarkWestbroek/Bitemporal_2026/bitemporal_go_API_v05/dbsetup/createviews.go:93.2,93.12 1 0
github.com/MarkWestbroek/Bitemporal_2026/bitemporal_go_API_v05/dbsetup/deletetables.go:12.37,18.16 3 0
github.com/MarkWestbroek/Bitemporal_2026/bitemporal_go_API_v05/dbsetup/deletetables.go:18.16,20.3 1 0
github.com/MarkWestbroek/Bitemporal_2026/bitemporal_go_API_v05/dbsetup/deletetables.go:22.2,23.16 2 0
github.com/MarkWestbroek/Bitemporal_2026/bitemporal_go_API_v05/dbsetup/deletetables.go:23.16,25.3 1 0
github.com/MarkWestbroek/Bitemporal_2026/bitemporal_go_API_v05/dbsetup/deletetables.go:27.2,28.16 2 0
github.com/MarkWestbroek/Bitemporal_2026/bitemporal_go_API_v05/dbsetup/deletetables.go:28.16,30.3 1 0
github.com/MarkWestbroek/Bitemporal_2026/bitemporal_go_API_v05/dbsetup/deletetables.go:47.2,47.12 1 0
github.com/MarkWestbroek/Bitemporal_2026/bitemporal_go_API_v05/dbsetup/deletetables.go:54.61,61.37 2 0
github.com/MarkWestbroek/Bitemporal_2026/bitemporal_go_API_v05/dbsetup/deletetables.go:61.37,63.50 2 0
github.com/MarkWestbroek/Bitemporal_2026/bitemporal_go_API_v05/dbsetup/deletetables.go:63.50,64.33 1 0
github.com/MarkWestbroek/Bitemporal_2026/bitemporal_go_API_v05/dbsetup/deletetables.go:64.33,66.5 1 0
github.com/MarkWestbroek/Bitemporal_2026/bitemporal_go_API_v05/dbsetup/deletetables.go:68.3,70.38 2 0
github.com/MarkWestbroek/Bitemporal_2026/bitemporal_go_API_v05/dbsetup/deletetables.go:70.38,72.11 2 0
github.com/MarkWestbroek/Bitemporal_2026/bitemporal_go_API_v05/dbsetup/deletetables.go:72.11,74.5 1 0
github.com/MarkWestbroek/Bitemporal_2026/bitemporal_go_API_v05/dbsetup/deletetables.go:75.4,75.29 1 0
github.com/MarkWestbroek/Bitemporal_2026/bitemporal_go_API_v05/dbsetup/deletetables.go:75.29,77.5 1 0
github.com/MarkWestbroek/Bitemporal_2026/bitemporal_go_API_v05/dbsetup/deletetables.go:79.4,81.18 3 0
github.com/MarkWestbroek/Bitemporal_2026/bitemporal_go_API_v05/dbsetup/deletetables.go:81.18,83.5 1 0
github.com/MarkWestbroek/Bitemporal_2026/bitemporal_go_API_v05/dbsetup/deletetables.go:87.2,87.12 1 0
github.com/MarkWestbroek/Bitemporal_2026/bitemporal_go_API_v05/graph/datetime.go:9.42,11.2 1 0
github.com/MarkWestbroek/Bitemporal_2026/bitemporal_go_API_v05/graph/datetime.go:14.58,15.23 1 0
github.com/MarkWestbroek/Bitemporal_2026/bitemporal_go_API_v05/graph/datetime.go:16.14,17.37 1 0
github.com/MarkWestbroek/Bitemporal_2026/bitemporal_go_API_v05/graph/datetime.go:18.10,19.66 1 0
github.com/MarkWestbroek/Bitemporal_2026/bitemporal_go_API_v05/graph/generated.go:25.63,32.2 1 0
github.com/MarkWestbroek/Bitemporal_2026/bitemporal_go_API_v05/graph/generated.go:217.49,218.21 1 0
github.com/MarkWestbroek/Bitemporal_2026/bitemporal_go_API_v05/graph/generated.go:218.21,220.3 1 0
github.com/MarkWestbroek/Bitemporal_2026/bitemporal_go_API_v05/graph/generated.go:221.2,221.21 1 0
github.com/MarkWestbroek/Bitemporal_2026/bitemporal_go_API_v05/graph/generated.go:224.141,227.32 3 0
github.com/MarkWestbroek/Bitemporal_2026/bitemporal_go_API_v05/graph/generated.go:229.27,230.44 1 0
github.com/MarkWestbroek/Bitemporal_2026/bitemporal_go_API_v05/graph/generated.go:230.44,231.9 1 0
github.com/MarkWestbroek/Bitemporal_2026/bitemporal_go_API_v05/graph/generated.go:234.3,234.63 1 0
github.com/MarkWestbroek/Bitemporal_2026/bitemporal_go_API_v05/graph/generated.go:235.19,236.36 1 0
github.com/MarkWestbroek/Bitemporal_2026/bitemporal_go_API_v05/graph/generated.go:236.36,237.9 1 0
github.com/MarkWestbroek/Bitemporal_2026/bitemporal_go_API_v05/graph/generated.go:240.3,240.55 1 0
github.com/MarkWestbroek/Bitemporal_2026/bitemporal_go_API_v05/graph/generated.go:241.29,242.46 1 0
github.com/MarkWestbroek/Bitemporal_2026/bitemporal_go_API_v05/graph/generated.go:242.46,243.9 1 0
github.com/MarkWestbroek/Bitemporal_2026/bitemporal_go_API_v05/graph/generated.go:246.3,246.65 1 0
github.com/MarkWestbroek/Bitemporal_2026/bitemporal_go_API_v05/graph/generated.go:247.31,248.48 1 0
github.com/MarkWestbroek/Bitemporal_2026/bitemporal_go_API_v05/graph/generated.go:248.48,249.9 1 0
github.com/MarkWestbroek/Bitemporal_2026/bitemporal_go_API_v05/graph/generated.go:252.3,252.67 1 0
github.com/MarkWestbroek/Bitemporal_2026/bitemporal_go_API_v05/graph/generated.go:253.33,254.50 1 0
github.com/MarkWestbroek/Bitemporal_2026/bitemporal_go_API_v05/graph/generated.go:254.50,255.9 1 0
github.com/MarkWestbroek/Bitemporal_2026/bitemporal_go_API_v05/graph/generated.go:258.3,258.69 1 0
github.com/MarkWestbroek/Bitemporal_2026/bitemporal_go_API_v05/graph/generated.go:259.35,260.52 1 0
github.com/MarkWestbroek/Bitemporal_2026/bitemporal_go_API_v05/graph/generated.go:260.52,261.9 1 0
github.com/MarkWestbroek/Bitemporal_2026/bitemporal_go_API_v05/graph/generated.go:264.3,264.71 1 0
github.com/MarkWestbroek/Bitemporal_2026/bitemporal_go_API_v05/graph/generated.go:265.26,266.43 1 0
github.com/MarkWestbroek/Bitemporal_2026/bitemporal_go_API_v05/graph/generated.go:266.43,267.9 1 0
github.com/MarkWestbroek/Bitemporal_2026/bitemporal_go_API_v05/graph/generated.go:270.3,270.62 1 0
github.com/MarkWestbroek/Bitemporal_2026/bitemporal_go_API_v05/graph/generated.go:272.27,273.44 1 0
github.com/MarkWestbroek/Bitemporal_2026/bitemporal_go_API_v05/graph/generated.go:273.44,274.9 1 0
github.com/MarkWestbroek/Bitemporal_2026/bitemporal_go_API_v05/graph/generated.go:277.3,277.63 1 0
github.com/MarkWestbroek/Bitemporal_2026/bitemporal_go_API_v05/graph/generated.go:278.27,279.44 1 0
github.com/MarkWestbroek/Bitemporal_2026/bitemporal_go_API_v05/graph/generated.go:279.44,280.9 1 0
github.com/MarkWestbroek/Bitemporal_2026/bitemporal_go_API_v05/graph/generated.go:283.3,283.63 1 0
github.com/MarkWestbroek/Bitemporal_2026/bitemporal_go_API_v05/graph/generated.go:284.27,285.44 1 0
github.com/MarkWestbroek/Bitemporal_2026/bitemporal_go_API_v05/graph/generated.go:285.44,286.9 1 0
github.com/MarkWestbroek/Bitemporal_2026/bitemporal_go_API_v05/graph/generated.go:289.3,289.63 1 0
github.com/MarkWestbroek/Bitemporal_2026/bitemporal_go_API_v05/graph/generated.go:290.29,291.46 1 0
github.com/MarkWestbroek/Bitemporal_2026/bitemporal_go_API_v05/graph/generated.go:291.46,292.9 1 0
github.com/MarkWestbroek/Bitemporal_2026/bitemporal_go_API_v05/graph/generated.go:295.3,295.65 1 0
github.com/MarkWestbroek/Bitemporal_2026/bitemporal_go_API_v05/graph/generated.go:297.27,298.44 1 0
github.com/MarkWestbroek/Bitemporal_2026/bitemporal_go_API_v05/graph/generated.go:298.44,299.9 1 0
github.com/MarkWestbroek/Bitemporal_2026/bitemporal_go_API_v05/graph/generated.go:302.3,302.63 1 0
github.com/MarkWestbroek/Bitemporal_2026/bitemporal_go_API_v05/graph/generated.go:303.27,304.44 1 0
github.com/MarkWestbroek/Bitemporal_2026/bitemporal_go_API_v05/graph/generated.go:304.44,305.9 1 0
github.com/MarkWestbroek/Bitemporal_2026/bitemporal_go_API_v05/graph/generated.go:308.3,308.63 1 0
github.com/MarkWestbroek/Bitemporal_2026/bitemporal_go_API_v05/graph/generated.go:309.29,310.46 1 0
github.com/MarkWestbroek/Bitemporal_2026/bitemporal_go_API_v05/graph/generated.go:310.46,311.9 1 0
github.com/MarkWestbroek/Bitemporal_2026/bitemporal_go_API_v05/graph/generated.go:314.3,314.65 1 0
github.com/MarkWestbroek/Bitemporal_2026/bitemporal_go_API_v05/graph/generated.go:316.27,317.44 1 0
github.com/MarkWestbroek/Bitemporal_2026/bitemporal_go_API_v05/graph/generated.go:317.44,318.9 1 0
github.com/MarkWestbroek/Bitemporal_2026/bitemporal_go_API_v05/graph/generated.go:321.3,321.63 1 0
github.com/MarkWestbroek/Bitemporal_2026/bitemporal_go_API_v05/graph/generated.go:322.27,323.44 1 0
github.com/MarkWestbroek/Bitemporal_2026/bitemporal_go_API_v05/graph/generated.go:323.44,324.9 1 0
github.com/MarkWestbroek/Bitemporal_2026/bitemporal_go_API_v05/graph/generated.go:327.3,327.63 1 0
github.com/MarkWestbroek/Bitemporal_2026/bitemporal_go_API_v05/graph/generated.go:328.27,329.44 1 0
github.com/MarkWestbroek/Bitemporal_2026/bitemporal_go_API_v05/graph/generated.go:329.44,330.9 1 0
github.com/MarkWestbroek/Bitemporal_2026/bitemporal_go_API_v05/graph/generated.go:333.3,333.63 1 0
github.com/MarkWestbroek/Bitemporal_2026/bitemporal_go_API_v05/graph/generated.go:334.29,335.46 1 0
github.com/MarkWestbroek/Bitemporal_2026/bitemporal_go_API_v05/graph/generated.go:335.46,336.9 1 0
github.com/MarkWestbroek/Bitemporal_2026/bitemporal_go_API_v05/graph/generated.go:339.3,339.65 1 0
github.com/MarkWestbroek/Bitemporal_2026/bitemporal_go_API_v05/graph/generated.go:341.27,342.44 1 0
github.com/MarkWestbroek/Bitemporal_2026/bitemporal_go_API_v05/graph/generated.go:342.44,343.9 1 0
github.com/MarkWestbroek/Bitemporal_2026/bitemporal_go_API_v05/graph/generated.go:346.3,346.63 1 0
github.com/MarkWestbroek/Bitemporal_2026/bitemporal_go_API_v05/graph/generated.go:347.27,348.44 1 0
github.com/MarkWestbroek/Bitemporal_2026/bitemporal_go_API_v05/graph/generated.go:348.44,349.9 1 0
github.com/MarkWestbroek/Bitemporal_2026/bitemporal_go_API_v05/graph/generated.go:352.3,352.63 1 0
github.com/MarkWestbroek/Bitemporal_2026/bitemporal_go_API_v05/graph/generated.go:353.29,354.46 1 0
github.com/MarkWestbroek/Bitemporal_2026/bitemporal_go_API_v05/graph/generated.go:354.46,355.9 1 0
github.com/MarkWestbroek/Bitemporal_2026/bitemporal_go_API_v05/graph/generated.go:358.3,358.65 1 0
github.com/MarkWestbroek/Bitemporal_2026/bitemporal_go_API_v05/graph/generated.go:360.24,361.41 1 0
github.com/MarkWestbroek/Bitemporal_2026/bitemporal_go_API_v05/graph/generated.go:361.41,362.9 1 0
github.com/MarkWestbroek/Bitemporal_2026/bitemporal_go_API_v05/graph/generated.go:365.3,365.60 1 0
github.com/MarkWestbroek/Bitemporal_2026/bitemporal_go_API_v05/graph/generated.go:366.31,367.48 1 0
github.com/MarkWestbroek/Bitemporal_2026/bitemporal_go_API_v05/graph/generated.go:367.48,368.9 1 0
github.com/MarkWestbroek/Bitemporal_2026/bitemporal_go_API_v05/graph/generated.go:371.3,371.67 1 0
github.com/MarkWestbroek/Bitemporal_2026/bitemporal_go_API_v05/graph/generated.go:372.32,373.49 1 0
github.com/MarkWestbroek/Bitemporal_2026/bitemporal_go_API_v05/graph/generated.go:373.49,374.9 1 0
github.com/MarkWestbroek/Bitemporal_2026/bitemporal_go_API_v05/graph/generated.go:377.3,377.68 1 0
github.com/MarkWestbroek/Bitemporal_2026/bitemporal_go_API_v05/graph/generated.go:378.20,379.37 1 0
github.com/MarkWestbroek/Bitemporal_2026/bitemporal_go_API_v05/graph/generated.go:379.37,380.9 1 0
github.com/MarkWestbroek/Bitemporal_2026/bitemporal_go_API_v05/graph/generated.go:383.3,383.56 1 0
github.com/MarkWestbroek/Bitemporal_2026/bitemporal_go_API_v05/graph/generated.go:384.24,385.41 1 0
github.com/MarkWestbroek/Bitemporal_2026/bitemporal_go_API_v05/graph/generated.go:385.41,386.9 1 0
github.com/MarkWestbroek/Bitemporal_2026/bitemporal_go_API_v05/graph/generated.go:389.3,389.60 1 0
github.com/MarkWestbroek/Bitemporal_2026/bitemporal_go_API_v05/graph/generated.go:390.27,391.44 1 0
github.com/MarkWestbroek/Bitemporal_2026/bitemporal_go_API_v05/graph/generated.go:391.44,392.9 1 0
github.com/MarkWestbroek/Bitemporal_2026/bitemporal_go_API_v05/graph/generated.go:395.3,395.63 1 0
github.com/MarkWestbroek/Bitemporal_2026/bitemporal_go_API_v05/graph/generated.go:397.24,398.41 1 0
github.com/MarkWestbroek/Bitemporal_2026/bitemporal_go_API_v05/graph/generated.go:398.41,399.9 1 0
github.com/MarkWestbroek/Bitemporal_2026/bitemporal_go_API_v05/graph/generated.go:402.3,402.60 1 0
github.com/MarkWestbroek/Bitemporal_2026/bitemporal_go_API_v05/graph/generated.go:403.31,404.48 1 0
github.com/MarkWestbroek/Bitemporal_2026/bitemporal_go_API_v05/graph/generated.go:404.48,405.9 1 0
github.com/MarkWestbroek/Bitemporal_2026/bitemporal_go_API_v05/graph/generated.go:408.3,408.67 1 0
github.com/MarkWestbroek/Bitemporal_2026/bitemporal_go_API_v05/graph/generated.go:409.31,410.48 1 0
github.com/MarkWestbroek/Bitemporal_2026/bitemporal_go_API_v05/graph/generated.go:410.48,411.9 1 0
github.com/MarkWestbroek/Bitemporal_2026/bitemporal_go_API_v05/graph/generated.go:414.3,414.67 1 0
github.com/MarkWestbroek/Bitemporal_2026/bitemporal_go_API_v05/graph/generated.go:415.20,416.37 1 0
github.com/MarkWestbroek/Bitemporal_2026/bitemporal_go_API_v05/graph/generated.go:416.37,417.9 1 0
github.com/MarkWestbroek/Bitemporal_2026/bitemporal_go_API_v05/graph/generated.go:420.3,420.56 1 0
github.com/MarkWestbroek/Bitemporal_2026/bitemporal_go_API_v05/graph/generated.go:421.24,422.41 1 0
github.com/MarkWestbroek/Bitemporal_2026/bitemporal_go_API_v05/graph/generated.go:422.41,423.9 1 0
github.com/MarkWestbroek/Bitemporal_2026/bitemporal_go_API_v05/graph/generated.go:426.3,426.60 1 0
github.com/MarkWestbroek/Bitemporal_2026/bitemporal_go_API_v05/graph/generated.go:427.27,428.44 1 0
github.com/MarkWestbroek/Bitemporal_2026/bitemporal_go_API_v05/graph/generated.go:428.44,429.9 1 0
github.com/MarkWestbroek/Bitemporal_2026/bitemporal_go_API_v05/graph/generated.go:432.3,432.63 1 0
github.com/MarkWestbroek/Bitemporal_2026/bitemporal_go_API_v05/graph/generated.go:434.38,435.55 1 0
github.com/MarkWestbroek/Bitemporal_2026/bitemporal_go_API_v05/graph/generated.go:435.55,436.9 1 0
github.com/MarkWestbroek/Bitemporal_2026/bitemporal_go_API_v05/graph/generated.go:439.3,440.17 2 0
github.com/MarkWestbroek/Bitemporal_2026/bitemporal_go_API_v05/graph/generated.go:440.17,442.4 1 0
github.com/MarkWestbroek/Bitemporal_2026/bitemporal_go_API_v05/graph/generated.go:444.3,444.122 1 0
github.com/MarkWestbroek/Bitemporal_2026/bitemporal_go_API_v05/graph/generated.go:445.38,446.55 1 0
github.com/MarkWestbroek/Bitemporal_2026/bitemporal_go_API_v05/graph/generated.go:446.55,447.9 1 0
github.com/MarkWestbroek/Bitemporal_2026/bitemporal_go_API_v05/graph/generated.go:450.3,451.17 2 0
github.com/MarkWestbroek/Bitemporal_2026/bitemporal_go_API_v05/graph/generated.go:451.17,453.4 1 0
github.com/MarkWestbroek/Bitemporal_2026/bitemporal_go_API_v05/graph/generated.go:455.3,455.122 1 0
github.com/MarkWestbroek/Bitemporal_2026/bitemporal_go_API_v05/graph/generated.go:456.38,457.55 1 0
github.com/MarkWestbroek/Bitemporal_2026/bitemporal_go_API_v05/graph/generated.go:457.55,458.9 1 0
github.com/MarkWestbroek/Bitemporal_2026/bitemporal_go_API_v05/graph/generated.go:461.3,462.17 2 0
github.com/MarkWestbroek/Bitemporal_2026/bitemporal_go_API_v05/graph/generated.go:462.17,464.4 1 0
github.com/MarkWestbroek/Bitemporal_2026/bitemporal_go_API_v05/graph/generated.go:466.3,466.122 1 0
github.com/MarkWestbroek/Bitemporal_2026/bitemporal_go_API_v05/graph/generated.go:467.38,468.55 1 0
github.com/MarkWestbroek/Bitemporal_2026/bitemporal_go_API_v05/graph/generated.go:468.55,469.9 1 0
github.com/MarkWestbroek/Bitemporal_2026/bitemporal_go_API_v05/graph/generated.go:472.3,473.17 2 0
github.com/MarkWestbroek/Bitemporal_2026/bitemporal_go_API_v05/graph/generated.go:473.17,475.4 1 0
github.com/MarkWestbroek/Bitemporal_2026/bitemporal_go_API_v05/graph/generated.go:477.3,477.122 1 0
github.com/MarkWestbroek/Bitemporal_2026/bitemporal_go_API_v05/graph/generated.go:478.32,479.49 1 0
github.com/MarkWestbroek/Bitemporal_2026/bitemporal_go_API_v05/graph/generated.go:479.49,480.9 1 0
github.com/MarkWestbroek/Bitemporal_2026/bitemporal_go_API_v05/graph/generated.go:483.3,484.17 2 0
github.com/MarkWestbroek/Bitemporal_2026/bitemporal_go_API_v05/graph/generated.go:484.17,486.4 1 0
github.com/MarkWestbroek/Bitemporal_2026/bitemporal_go_API_v05/graph/generated.go:488.3,488.110 1 0
github.com/MarkWestbroek/Bitemporal_2026/bitemporal_go_API_v05/graph/generated.go:489.32,490.49 1 0
github.com/MarkWestbroek/Bitemporal_2026/bitemporal_go_API_v05/graph/generated.go:490.49,491.9 1 0
github.com/MarkWestbroek/Bitemporal_2026/bitemporal_go_API_v05/graph/generated.go:494.3,495.17 2 0
github.com/MarkWestbroek/Bitemporal_2026/bitemporal_go_API_v05/graph/generated.go:495.17,497.4 1 0
github.com/MarkWestbroek/Bitemporal_2026/bitemporal_go_API_v05/graph/generated.go:499.3,499.110 1 0
github.com/MarkWestbroek/Bitemporal_2026/bitemporal_go_API_v05/graph/generated.go:500.35,501.52 1 0
github.com/MarkWestbroek/Bitemporal_2026/bitemporal_go_API_v05/graph/generated.go:501.52,502.9 1 0
github.com/MarkWestbroek/Bitemporal_2026/bitemporal_go_API_v05/graph/generated.go:505.3,506.17 2 0
github.com/MarkWestbroek/Bitemporal_2026/bitemporal_go_API_v05/graph/generated.go:506.17,508.4 1 0
github.com/MarkWestbroek/Bitemporal_2026/bitemporal_go_API_v05/graph/generated.go:510.3,510.116 1 0
github.com/MarkWestbroek/Bitemporal_2026/bitemporal_go_API_v05/graph/generated.go:511.29,512.46 1 0
github.com/MarkWestbroek/Bitemporal_2026/bitemporal_go_API_v05/graph/generated.go:512.46,513.9 1 0
github.com/MarkWestbroek/Bitemporal_2026/bitemporal_go_API_v05/graph/generated.go:516.3,517.17 2 0
github.com/MarkWestbroek/Bitemporal_2026/bitemporal_go_API_v05/graph/generated.go:517.17,519.4 1 0
github.com/MarkWestbroek/Bitemporal_2026/bitemporal_go_API_v05/graph/generated.go:521.3,521.104 1 0
github.com/MarkWestbroek/Bitemporal_2026/bitemporal_go_API_v05/graph/generated.go:522.32,523.49 1 0
github.com/MarkWestbroek/Bitemporal_2026/bitemporal_go_API_v05/graph/generated.go:523.49,524.9 1 0
github.com/MarkWestbroek/Bitemporal_2026/bitemporal_go_API_v05/graph/generated.go:527.3,528.17 2 0
github.com/MarkWestbroek/Bitemporal_2026/bitemporal_go_API_v05/graph/generated.go:528.17,530.4 1 0
github.com/MarkWestbroek/Bitemporal_2026/bitemporal_go_API_v05/graph/generated.go:532.3,532.89 1 0
github.com/MarkWestbroek/Bitemporal_2026/bitemporal_go_API_v05/graph/generated.go:533.32,534.49 1 0
github.com/MarkWestbroek/Bitemporal_2026/bitemporal_go_API_v05/graph/generated.go:534.49,535.9 1 0
github.com/MarkWestbroek/Bitemporal_2026/bitemporal_go_API_v05/graph/generated.go:538.3,539.17 2 0
github.com/MarkWestbroek/Bitemporal_2026/bitemporal_go_API_v05/graph/generated.go:539.17,541.4 1 0
github.com/MarkWestbroek/Bitemporal_2026/bitemporal_go_API_v05/graph/generated.go:543.3,543.89 1 0
github.com/MarkWestbroek/Bitemporal_2026/bitemporal_go_API_v05/graph/generated.go:544.35,545.52 1 0
github.com/MarkWestbroek/Bitemporal_2026/bitemporal_go_API_v05/graph/generated.go:545.52,546.9 1 0
github.com/MarkWestbroek/Bitemporal_2026/bitemporal_go_API_v05/graph/generated.go:549.3,550.17 2 0
github.com/MarkWestbroek/Bitemporal_2026/bitemporal_go_API_v05/graph/generated.go:550.17,552.4 1 0
github.com/MarkWestbroek/Bitemporal_2026/bitemporal_go_API_v05/graph/generated.go:554.3,554.92 1 0
github.com/MarkWestbroek/Bitemporal_2026/bitemporal_go_API_v05/graph/generated.go:555.29,556.46 1 0
github.com/MarkWestbroek/Bitemporal_2026/bitemporal_go_API_v05/graph/generated.go:556.46,557.9 1 0
github.com/MarkWestbroek/Bitemporal_2026/bitemporal_go_API_v05/graph/generated.go:560.3,561.17 2 0
github.com/MarkWestbroek/Bitemporal_2026/bitemporal_go_API_v05/graph/generated.go:561.17,563.4 1 0
github.com/MarkWestbroek/Bitemporal_2026/bitemporal_go_API_v05/graph/generated.go:565.3,565.86 1 0
github.com/MarkWestbroek/Bitemporal_2026/bitemporal_go_API_v05/graph/generated.go:566.38,567.55 1 0
github.com/MarkWestbroek/Bitemporal_2026/bitemporal_go_API_v05/graph/generated.go:567.55,568.9 1 0
github.com/MarkWestbroek/Bitemporal_2026/bitemporal_go_API_v05/graph/generated.go:571.3,572.17 2 0
github.com/MarkWestbroek/Bitemporal_2026/bitemporal_go_API_v05/graph/generated.go:572.17,574.4 1 0
github.com/MarkWestbroek/Bitemporal_2026/bitemporal_go_API_v05/graph/generated.go:576.3,576.146 1 0
github.com/MarkWestbroek/Bitemporal_2026/bitemporal_go_API_v05/graph/generated.go:577.32,578.49 1 0
github.com/MarkWestbroek/Bitemporal_2026/bitemporal_go_API_v05/graph/generated.go:578.49,579.9 1 0
github.com/MarkWestbroek/Bitemporal_2026/bitemporal_go_API_v05/graph/generated.go:582.3,583.17 2 0
github.com/MarkWestbroek/Bitemporal_2026/bitemporal_go_API_v05/graph/generated.go:583.17,585.4 1 0
github.com/MarkWestbroek/Bitemporal_2026/bitemporal_go_API_v05/graph/generated.go:587.3,587.131 1 0
github.com/MarkWestbroek/Bitemporal_2026/bitemporal_go_API_v05/graph/generated.go:588.32,589.49 1 0
github.com/MarkWestbroek/Bitemporal_2026/bitemporal_go_API_v05/graph/generated.go:589.49,590.9 1 0
github.com/MarkWestbroek/Bitemporal_2026/bitemporal_go_API_v05/graph/generated.go:593.3,594.17 2 0
github.com/MarkWestbroek/Bitemporal_2026/bitemporal_go_API_v05/graph/generated.go:594.17,596.4 1 0
github.com/MarkWestbroek/Bitemporal_2026/bitemporal_go_API_v05/graph/generated.go:598.3,598.131 1 0
github.com/MarkWestbroek/Bitemporal_2026/bitemporal_go_API_v05/graph/generated.go:599.29,600.46 1 0
github.com/MarkWestbroek/Bitemporal_2026/bitemporal_go_API_v05/graph/generated.go:600.46,601.9 1 0
github.com/MarkWestbroek/Bitemporal_2026/bitemporal_go_API_v05/graph/generated.go:604.3,605.17 2 0
github.com/MarkWestbroek/Bitemporal_2026/bitemporal_go_API_v05/graph/generated.go:605.17,607.4 1 0
github.com/MarkWestbroek/Bitemporal_2026/bitemporal_go_API_v05/graph/generated.go:609.3,609.125 1 0
github.com/MarkWestbroek/Bitemporal_2026/bitemporal_go_API_v05/graph/generated.go:611.26,612.43 1 0
github.com/MarkWestbroek/Bitemporal_2026/bitemporal_go_API_v05/graph/generated.go:612.43,613.9 1 0
github.com/MarkWestbroek/Bitemporal_2026/bitemporal_go_API_v05/graph/generated.go:616.3,617.17 2 0
github.com/MarkWestbroek/Bitemporal_2026/bitemporal_go_API_v05/graph/generated.go:617.17,619.4 1 0
github.com/MarkWestbroek/Bitemporal_2026/bitemporal_go_API_v05/graph/generated.go:621.3,621.111 1 0
github.com/MarkWestbroek/Bitemporal_2026/bitemporal_go_API_v05/graph/generated.go:622.28,623.45 1 0
github.com/MarkWestbroek/Bitemporal_2026/bitemporal_go_API_v05/graph/generated.go:623.45,624.9 1 0
github.com/MarkWestbroek/Bitemporal_2026/bitemporal_go_API_v05/graph/generated.go:627.3,628.17 2 0
github.com/MarkWestbroek/Bitemporal_2026/bitemporal_go_API_v05/graph/generated.go:628.17,630.4 1 0
github.com/MarkWestbroek/Bitemporal_2026/bitemporal_go_API_v05/graph/generated.go:632.3,632.113 1 0
github.com/MarkWestbroek/Bitemporal_2026/bitemporal_go_API_v05/graph/generated.go:633.28,634.45 1 0
github.com/MarkWestbroek/Bitemporal_2026/bitemporal_go_API_v05/graph/generated.go:634.45,635.9 1 0
github.com/MarkWestbroek/Bitemporal_2026/bitemporal_go_API_v05/graph/generated.go:638.3,639.17 2 0
github.com/MarkWestbroek/Bitemporal_2026/bitemporal_go_API_v05/graph/generated.go:639.17,641.4 1 0
github.com/MarkWestbroek/Bitemporal_2026/bitemporal_go_API_v05/graph/generated.go:643.3,643.113 1 0
github.com/MarkWestbroek/Bitemporal_2026/bitemporal_go_API_v05/graph/generated.go:644.32,645.49 1 0
github.com/MarkWestbroek/Bitemporal_2026/bitemporal_go_API_v05/graph/generated.go:645.49,646.9 1 0
github.com/MarkWestbroek/Bitemporal_2026/bitemporal_go_API_v05/graph/generated.go:649.3,650.17 2 0
github.com/MarkWestbroek/Bitemporal_2026/bitemporal_go_API_v05/graph/generated.go:650.17,652.4 1 0
github.com/MarkWestbroek/Bitemporal_2026/bitemporal_go_API_v05/graph/generated.go:654.3,654.117 1 0
github.com/MarkWestbroek/Bitemporal_2026/bitemporal_go_API_v05/graph/generated.go:655.30,656.47 1 0
github.com/MarkWestbroek/Bitemporal_2026/bitemporal_go_API_v05/graph/generated.go:656.47,657.9 1 0
github.com/MarkWestbroek/Bitemporal_2026/bitemporal_go_API_v05/graph/generated.go:660.3,661.17 2 0
github.com/MarkWestbroek/Bitemporal_2026/bitemporal_go_API_v05/graph/generated.go:661.17,663.4 1 0
github.com/MarkWestbroek/Bitemporal_2026/bitemporal_go_API_v05/graph/generated.go:665.3,665.115 1 0
github.com/MarkWestbroek/Bitemporal_2026/bitemporal_go_API_v05/graph/generated.go:666.24,667.41 1 0
github.com/MarkWestbroek/Bitemporal_2026/bitemporal_go_API_v05/graph/generated.go:667.41,668.9 1 0
github.com/MarkWestbroek/Bitemporal_2026/bitemporal_go_API_v05/graph/generated.go:671.3,672.17 2 0
github.com/MarkWestbroek/Bitemporal_2026/bitemporal_go_API_v05/graph/generated.go:672.17,674.4 1 0
github.com/MarkWestbroek/Bitemporal_2026/bitemporal_go_API_v05/graph/generated.go:676.3,676.109 1 0
github.com/MarkWestbroek/Bitemporal_2026/bitemporal_go_API_v05/graph/generated.go:677.22,678.39 1 0
github.com/MarkWestbroek/Bitemporal_2026/bitemporal_go_API_v05/graph/generated.go:678.39,679.9 1 0
github.com/MarkWestbroek/Bitemporal_2026/bitemporal_go_API_v05/graph/generated.go:682.3,683.17 2 0
github.com/MarkWestbroek/Bitemporal_2026/bitemporal_go_API_v05/graph/generated.go:683.17,685.4 1 0
github.com/MarkWestbroek/Bitemporal_2026/bitemporal_go_API_v05/graph/generated.go:687.3,687.79 1 0
github.com/MarkWestbroek/Bitemporal_2026/bitemporal_go_API_v05/graph/generated.go:688.29,689.46 1 0
github.com/MarkWestbroek/Bitemporal_2026/bitemporal_go_API_v05/graph/generated.go:689.46,690.9 1 0
github.com/MarkWestbroek/Bitemporal_2026/bitemporal_go_API_v05/graph/generated.go:693.3,694.17 2 0
github.com/MarkWestbroek/Bitemporal_2026/bitemporal_go_API_v05/graph/generated.go:694.17,696.4 1 0
github.com/MarkWestbroek/Bitemporal_2026/bitemporal_go_API_v05/graph/generated.go:698.3,698.89 1 0
github.com/MarkWestbroek/Bitemporal_2026/bitemporal_go_API_v05/graph/generated.go:699.29,700.46 1 0
github.com/MarkWestbroek/Bitemporal_2026/bitemporal_go_API_v05/graph/generated.go:700.46,701.9 1 0
github.com/MarkWestbroek/Bitemporal_2026/bitemporal_go_API_v05/graph/generated.go:704.3,705.17 2 0
github.com/MarkWestbroek/Bitemporal_2026/bitemporal_go_API_v05/graph/generated.go:705.17,707.4 1 0
github.com/MarkWestbroek/Bitemporal_2026/bitemporal_go_API_v05/graph/generated.go:709.3,709.89 1 0
github.com/MarkWestbroek/Bitemporal_2026/bitemporal_go_API_v05/graph/generated.go:710.29,711.46 1 0
github.com/MarkWestbroek/Bitemporal_2026/bitemporal_go_API_v05/graph/generated.go:711.46,712.9 1 0
github.com/MarkWestbroek/Bitemporal_2026/bitemporal_go_API_v05/graph/generated.go:715.3,716.17 2 0
github.com/MarkWestbroek/Bitemporal_2026/bitemporal_go_API_v05/graph/generated.go:716.17,718.4 1 0
github.com/MarkWestbroek/Bitemporal_2026/bitemporal_go_API_v05/graph/generated.go:720.3,720.89 1 0
github.com/MarkWestbroek/Bitemporal_2026/bitemporal_go_API_v05/graph/generated.go:721.29,722.46 1 0
github.com/MarkWestbroek/Bitemporal_2026/bitemporal_go_API_v05/graph/generated.go:722.46,723.9 1 0
github.com/MarkWestbroek/Bitemporal_2026/bitemporal_go_API_v05/graph/generated.go:726.3,727.17 2 0
github.com/MarkWestbroek/Bitemporal_2026/bitemporal_go_API_v05/graph/generated.go:727.17,729.4 1 0
github.com/MarkWestbroek/Bitemporal_2026/bitemporal_go_API_v05/graph/generated.go:731.3,731.89 1 0
github.com/MarkWestbroek/Bitemporal_2026/bitemporal_go_API_v05/graph/generated.go:732.30,733.47 1 0
github.com/MarkWestbroek/Bitemporal_2026/bitemporal_go_API_v05/graph/generated.go:733.47,734.9 1 0
github.com/MarkWestbroek/Bitemporal_2026/bitemporal_go_API_v05/graph/generated.go:737.3,738.17 2 0
github.com/MarkWestbroek/Bitemporal_2026/bitemporal_go_API_v05/graph/generated.go:738.17,740.4 1 0
github.com/MarkWestbroek/Bitemporal_2026/bitemporal_go_API_v05/graph/generated.go:742.3,742.88 1 0
github.com/MarkWestbroek/Bitemporal_2026/bitemporal_go_API_v05/graph/generated.go:743.30,744.47 1 0
github.com/MarkWestbroek/Bitemporal_2026/bitemporal_go_API_v05/graph/generated.go:744.47,745.9 1 0
github.com/MarkWestbroek/Bitemporal_2026/bitemporal_go_API_v05/graph/generated.go:748.3,749.17 2 0
github.com/MarkWestbroek/Bitemporal_2026/bitemporal_go_API_v05/graph/generated.go:749.17,751.4 1 0
github.com/MarkWestbroek/Bitemporal_2026/bitemporal_go_API_v05/graph/generated.go:753.3,753.88 1 0
github.com/MarkWestbroek/Bitemporal_2026/bitemporal_go_API_v05/graph/generated.go:754.23,755.40 1 0
github.com/MarkWestbroek/Bitemporal_2026/bitemporal_go_API_v05/graph/generated.go:755.40,756.9 1 0
github.com/MarkWestbroek/Bitemporal_2026/bitemporal_go_API_v05/graph/generated.go:759.3,760.17 2 0
github.com/MarkWestbroek/Bitemporal_2026/bitemporal_go_API_v05/graph/generated.go:760.17,762.4 1 0
github.com/MarkWestbroek/Bitemporal_2026/bitemporal_go_API_v05/graph/generated.go:764.3,764.80 1 0
github.com/MarkWestbroek/Bitemporal_2026/bitemporal_go_API_v05/graph/generated.go:765.23,766.40 1 0
github.com/MarkWestbroek/Bitemporal_2026/bitemporal_go_API_v05/graph/generated.go:766.40,767.9 1 0
github.com/MarkWestbroek/Bitemporal_2026/bitemporal_go_API_v05/graph/generated.go:770.3,771.17 2 0
github.com/MarkWestbroek/Bitemporal_2026/bitemporal_go_API_v05/graph/generated.go:771.17,773.4 1 0
github.com/MarkWestbroek/Bitemporal_2026/bitemporal_go_API_v05/graph/generated.go:775.3,775.80 1 0
github.com/MarkWestbroek/Bitemporal_2026/bitemporal_go_API_v05/graph/generated.go:776.28,777.45 1 0
github.com/MarkWestbroek/Bitemporal_2026/bitemporal_go_API_v05/graph/generated.go:777.45,778.9 1 0
github.com/MarkWestbroek/Bitemporal_2026/bitemporal_go_API_v05/graph/generated.go:781.3,782.17 2 0
github.com/MarkWestbroek/Bitemporal_2026/bitemporal_go_API_v05/graph/generated.go:782.17,784.4 1 0
github.com/MarkWestbroek/Bitemporal_2026/bitemporal_go_API_v05/graph/generated.go:786.3,786.85 1 0
github.com/MarkWestbroek/Bitemporal_2026/bitemporal_go_API_v05/graph/generated.go:787.26,788.43 1 0
github.com/MarkWestbroek/Bitemporal_2026/bitemporal_go_API_v05/graph/generated.go:788.43,789.9 1 0
github.com/MarkWestbroek/Bitemporal_2026/bitemporal_go_API_v05/graph/generated.go:792.3,793.17 2 0
github.com/MarkWestbroek/Bitemporal_2026/bitemporal_go_API_v05/graph/generated.go:793.17,795.4 1 0
github.com/MarkWestbroek/Bitemporal_2026/bitemporal_go_API_v05/graph/generated.go:797.3,797.83 1 0
github.com/MarkWestbroek/Bitemporal_2026/bitemporal_go_API_v05/graph/generated.go:798.20,799.37 1 0
github.com/MarkWestbroek/Bitemporal_2026/bitemporal_go_API_v05/graph/generated.go:799.37,800.9 1 0
github.com/MarkWestbroek/Bitemporal_2026/bitemporal_go_API_v05/graph/generated.go:803.3,804.17 2 0
github.com/MarkWestbroek/Bitemporal_2026/bitemporal_go_API_v05/graph/generated.go:804.17,806.4 1 0
github.com/MarkWestbroek/Bitemporal_2026/bitemporal_go_API_v05/graph/generated.go:808.3,808.77 1 0
github.com/MarkWestbroek/Bitemporal_2026/bitemporal_go_API_v05/graph/generated.go:810.30,811.47 1 0
github.com/MarkWestbroek/Bitemporal_2026/bitemporal_go_API_v05/graph/generated.go:811.47,812.9 1 0
github.com/MarkWestbroek/Bitemporal_2026/bitemporal_go_API_v05/graph/generated.go:815.3,815.66 1 0
github.com/MarkWestbroek/Bitemporal_2026/bitemporal_go_API_v05/graph/generated.go:816.45,817.62 1 0
github.com/MarkWestbroek/Bitemporal_2026/bitemporal_go_API_v05/graph/generated.go:817.62,818.9 1 0
github.com/MarkWestbroek/Bitemporal_2026/bitemporal_go_API_v05/graph/generated.go:821.3,821.81 1 0
github.com/MarkWestbroek/Bitemporal_2026/bitemporal_go_API_v05/graph/generated.go:822.25,823.42 1 0
github.com/MarkWestbroek/Bitemporal_2026/bitemporal_go_API_v05/graph/generated.go:823.42,824.9 1 0
github.com/MarkWestbroek/Bitemporal_2026/bitemporal_go_API_v05/graph/generated.go:827.3,827.61 1 0
github.com/MarkWestbroek/Bitemporal_2026/bitemporal_go_API_v05/graph/generated.go:828.39,829.56 1 0
github.com/MarkWestbroek/Bitemporal_2026/bitemporal_go_API_v05/graph/generated.go:829.56,830.9 1 0
github.com/MarkWestbroek/Bitemporal_2026/bitemporal_go_API_v05/graph/generated.go:833.3,833.75 1 0
github.com/MarkWestbroek/Bitemporal_2026/bitemporal_go_API_v05/graph/generated.go:834.29,835.46 1 0
github.com/MarkWestbroek/Bitemporal_2026/bitemporal_go_API_v05/graph/generated.go:835.46,836.9 1 0
github.com/MarkWestbroek/Bitemporal_2026/bitemporal_go_API_v05/graph/generated.go:839.3,839.65 1 0
github.com/MarkWestbroek/Bitemporal_2026/bitemporal_go_API_v05/graph/generated.go:840.32,841.49 1 0
github.com/MarkWestbroek/Bitemporal_2026/bitemporal_go_API_v05/graph/generated.go:841.49,842.9 1 0
github.com/MarkWestbroek/Bitemporal_2026/bitemporal_go_API_v05/graph/generated.go:845.3,845.68 1 0
github.com/MarkWestbroek/Bitemporal_2026/bitemporal_go_API_v05/graph/generated.go:846.43,847.60 1 0
github.com/MarkWestbroek/Bitemporal_2026/bitemporal_go_API_v05/graph/generated.go:847.60,848.9 1 0
github.com/MarkWestbroek/Bitemporal_2026/bitemporal_go_API_v05/graph/generated.go:851.3,851.79 1 0
github.com/MarkWestbroek/Bitemporal_2026/bitemporal_go_API_v05/graph/generated.go:853.24,854.41 1 0
github.com/MarkWestbroek/Bitemporal_2026/bitemporal_go_API_v05/graph/generated.go:854.41,855.9 1 0
github.com/MarkWestbroek/Bitemporal_2026/bitemporal_go_API_v05/graph/generated.go:858.3,858.60 1 0
github.com/MarkWestbroek/Bitemporal_2026/bitemporal_go_API_v05/graph/generated.go:859.24,860.41 1 0
github.com/MarkWestbroek/Bitemporal_2026/bitemporal_go_API_v05/graph/generated.go:860.41,861.9 1 0
github.com/MarkWestbroek/Bitemporal_2026/bitemporal_go_API_v05/graph/generated.go:864.3,864.60 1 0
github.com/MarkWestbroek/Bitemporal_2026/bitemporal_go_API_v05/graph/generated.go:865.28,866.45 1 0
github.com/MarkWestbroek/Bitemporal_2026/bitemporal_go_API_v05/graph/generated.go:866.45,867.9 1 0
github.com/MarkWestbroek/Bitemporal_2026/bitemporal_go_API_v05/graph/generated.go:870.3,870.64 1 0
github.com/MarkWestbroek/Bitemporal_2026/bitemporal_go_API_v05/graph/generated.go:871.28,872.45 1 0
github.com/MarkWestbroek/Bitemporal_2026/bitemporal_go_API_v05/graph/generated.go:872.45,873.9 1 0
github.com/MarkWestbroek/Bitemporal_2026/bitemporal_go_API_v05/graph/generated.go:876.3,876.64 1 0
github.com/MarkWestbroek/Bitemporal_2026/bitemporal_go_API_v05/graph/generated.go:877.23,878.40 1 0
github.com/MarkWestbroek/Bitemporal_2026/bitemporal_go_API_v05/graph/generated.go:878.40,879.9 1 0
github.com/MarkWestbroek/Bitemporal_2026/bitemporal_go_API_v05/graph/generated.go:882.3,882.59 1 0
github.com/MarkWestbroek/Bitemporal_2026/bitemporal_go_API_v05/graph/generated.go:884.26,885.43 1 0
github.com/MarkWestbroek/Bitemporal_2026/bitemporal_go_API_v05/graph/generated.go:885.43,886.9 1 0
github.com/MarkWestbroek/Bitemporal_2026/bitemporal_go_API_v05/graph/generated.go:889.3,889.62 1 0
github.com/MarkWestbroek/Bitemporal_2026/bitemporal_go_API_v05/graph/generated.go:890.22,891.39 1 0
github.com/MarkWestbroek/Bitemporal_2026/bitemporal_go_API_v05/graph/generated.go:891.39,892.9 1 0
github.com/MarkWestbroek/Bitemporal_2026/bitemporal_go_API_v05/graph/generated.go:895.3,895.58 1 0
github.com/MarkWestbroek/Bitemporal_2026/bitemporal_go_API_v05/graph/generated.go:896.17,897.34 1 0
github.com/MarkWestbroek/Bitemporal_2026/bitemporal_go_API_v05/graph/generated.go:897.34,898.9 1 0
github.com/MarkWestbroek/Bitemporal_2026/bitemporal_go_API_v05/graph/generated.go:901.3,901.53 1 0
github.com/MarkWestbroek/Bitemporal_2026/bitemporal_go_API_v05/graph/generated.go:902.21,903.38 1 0
github.com/MarkWestbroek/Bitemporal_2026/bitemporal_go_API_v05/graph/generated.go:903.38,904.9 1 0
github.com/MarkWestbroek/Bitemporal_2026/bitemporal_go_API_v05/graph/generated.go:907.3,907.57 1 0
github.com/MarkWestbroek/Bitemporal_2026/bitemporal_go_API_v05/graph/generated.go:908.20,909.37 1 0
github.com/MarkWestbroek/Bitemporal_2026/bitemporal_go_API_v05/graph/generated.go:909.37,910.9 1 0
github.com/MarkWestbroek/Bitemporal_2026/bitemporal_go_API_v05/graph/generated.go:913.3,913.56 1 0
github.com/MarkWestbroek/Bitemporal_2026/bitemporal_go_API_v05/graph/generated.go:916.2,916.17 1 0
github.com/MarkWestbroek/Bitemporal_2026/bitemporal_go_API_v05/graph/generated.go:919.78,938.35 5 0
github.com/MarkWestbroek/Bitemporal_2026/bitemporal_go_API_v05/graph/generated.go:939.17,940.54 1 0
github.com/MarkWestbroek/Bitemporal_2026/bitemporal_go_API_v05/graph/generated.go:940.54,943.13 3 0
github.com/MarkWestbroek/Bitemporal_2026/bitemporal_go_API_v05/graph/generated.go:943.13,947.5 3 0
github.com/MarkWestbroek/Bitemporal_2026/bitemporal_go_API_v05/graph/generated.go:947.10,948.50 1 0
github.com/MarkWestbroek/Bitemporal_2026/bitemporal_go_API_v05/graph/generated.go:948.50,955.6 6 0
github.com/MarkWestbroek/Bitemporal_2026/bitemporal_go_API_v05/graph/generated.go:955.11,957.6 1 0
github.com/MarkWestbroek/Bitemporal_2026/bitemporal_go_API_v05/graph/generated.go:959.4,962.42 4 0
github.com/MarkWestbroek/Bitemporal_2026/bitemporal_go_API_v05/graph/generated.go:962.42,965.5 2 0
github.com/MarkWestbroek/Bitemporal_2026/bitemporal_go_API_v05/graph/generated.go:967.4,967.20 1 0
github.com/MarkWestbroek/Bitemporal_2026/bitemporal_go_API_v05/graph/generated.go:969.20,970.54 1 0
github.com/MarkWestbroek/Bitemporal_2026/bitemporal_go_API_v05/graph/generated.go:970.54,971.14 1 0
github.com/MarkWestbroek/Bitemporal_2026/bitemporal_go_API_v05/graph/generated.go:971.14,973.5 1 0
github.com/MarkWestbroek/Bitemporal_2026/bitemporal_go_API_v05/graph/generated.go:974.4,982.5 6 0
github.com/MarkWestbroek/Bitemporal_2026/bitemporal_go_API_v05/graph/generated.go:985.10,986.86 1 0
github.com/MarkWestbroek/Bitemporal_2026/bitemporal_go_API_v05/graph/generated.go:998.76,1000.12 2 0
github.com/MarkWestbroek/Bitemporal_2026/bitemporal_go_API_v05/graph/generated.go:1000.12,1010.31 4 0
github.com/MarkWestbroek/Bitemporal_2026/bitemporal_go_API_v05/graph/generated.go:1010.31,1012.4 1 0
github.com/MarkWestbroek/Bitemporal_2026/bitemporal_go_API_v05/graph/generated.go:1013.3,1013.27 1 0
github.com/MarkWestbroek/Bitemporal_2026/bitemporal_go_API_v05/graph/generated.go:1017.79,1018.29 1 0
github.com/MarkWestbroek/Bitemporal_2026/bitemporal_go_API_v05/graph/generated.go:1018.29,1020.3 1 0
github.com/MarkWestbroek/Bitemporal_2026/bitemporal_go_API_v05/graph/generated.go:1021.2,1021.51 1 0
github.com/MarkWestbroek/Bitemporal_2026/bitemporal_go_API_v05/graph/generated.go:1024.86,1025.29 1 0
github.com/MarkWestbroek/Bitemporal_2026/bitemporal_go_API_v05/graph/generated.go:1025.29,1027.3 1 0
github.com/MarkWestbroek/Bitemporal_2026/bitemporal_go_API_v05/graph/generated.go:1028.2,1028.81 1 0
github.com/MarkWestbroek/Bitemporal_2026/bitemporal_go_API_v05/graph/generated.go:1034.41,1036.16 2 0
github.com/MarkWestbroek/Bitemporal_2026/bitemporal_go_API_v05/graph/generated.go:1036.16,1037.68 1 0
github.com/MarkWestbroek/Bitemporal_2026/bitemporal_go_API_v05/graph/generated.go:1039.2,1039.21 1 0
github.com/MarkWestbroek/Bitemporal_2026/bitemporal_go_API_v05/graph/generated.go:1051.138,1055.16 4 0
github.com/MarkWestbroek/Bitemporal_2026/bitemporal_go_API_v05/graph/generated.go:1055.16,1057.3 1 0
github.com/MarkWestbroek/Bitemporal_2026/bitemporal_go_API_v05/graph/generated.go:1058.2,1059.18 2 0
github.com/MarkWestbroek/Bitemporal_2026/bitemporal_go_API_v05/graph/generated.go:1062.138,1066.16 4 0
github.com/MarkWestbroek/Bitemporal_2026/bitemporal_go_API_v05/graph/generated.go:1066.16,1068.3 1 0
github.com/MarkWestbroek/Bitemporal_2026/bitemporal_go_API_v05/graph/generated.go:1069.2,1070.18 2 0
github.com/MarkWestbroek/Bitemporal_2026/bitemporal_go_API_v05/graph/generated.go:1073.138,1077.16 4 0
github.com/MarkWestbroek/Bitemporal_2026/bitemporal_go_API_v05/graph/generated.go:1077.16,1079.3 1 0
github.com/MarkWestbroek/Bitemporal_2026/bitemporal_go_API_v05/graph/generated.go:1080.2,1081.18 2 0
github.com/MarkWestbroek/Bitemporal_2026/bitemporal_go_API_v05/graph/generated.go:1084.138,1088.16 4 0
github.com/MarkWestbroek/Bitemporal_2026/bitemporal_go_API_v05/graph/generated.go:1088.16,1090.3 1 0
github.com/MarkWestbroek/Bitemporal_2026/bitemporal_go_API_v05/graph/generated.go:1091.2,1092.18 2 0
github.com/MarkWestbroek/Bitemporal_2026/bitemporal_go_API_v05/graph/generated.go:1095.132,1099.16 4 0
github.com/MarkWestbroek/Bitemporal_2026/bitemporal_go_API_v05/graph/generated.go:1099.16,1101.3 1 0
github.com/MarkWestbroek/Bitemporal_2026/bitemporal_go_API_v05/graph/generated.go:1102.2,1103.18 2 0
github.com/MarkWestbroek/Bitemporal_2026/bitemporal_go_API_v05/graph/generated.go:1106.132,1110.16 4 0
github.com/MarkWestbroek/Bitemporal_2026/bitemporal_go_API_v05/graph/generated.go:1110.16,1112.3 1 0
github.com/MarkWestbroek/Bitemporal_2026/bitemporal_go_API_v05/graph/generated.go:1113.2,1114.18 2 0
github.com/MarkWestbroek/Bitemporal_2026/bitemporal_go_API_v05/graph/generated.go:1117.135,1121.16 4 0
github.com/MarkWestbroek/Bitemporal_2026/bitemporal_go_API_v05/graph/generated.go:1121.16,1123.3 1 0
github.com/MarkWestbroek/Bitemporal_2026/bitemporal_go_API_v05/graph/generated.go:1124.2,1125.18 2 0
github.com/MarkWestbroek/Bitemporal_2026/bitemporal_go_API_v05/graph/generated.go:1128.129,1132.16 4 0
github.com/MarkWestbroek/Bitemporal_2026/bitemporal_go_API_v05/graph/generated.go:1132.16,1134.3 1 0
github.com/MarkWestbroek/Bitemporal_2026/bitemporal_go_API_v05/graph/generated.go:1135.2,1136.18 2 0
github.com/MarkWestbroek/Bitemporal_2026/bitemporal_go_API_v05/graph/generated.go:1139.132,1143.16 4 0
github.com/MarkWestbroek/Bitemporal_2026/bitemporal_go_API_v05/graph/generated.go:1143.16,1145.3 1 0
github.com/MarkWestbroek/Bitemporal_2026/bitemporal_go_API_v05/graph/generated.go:1146.2,1147.18 2 0
github.com/MarkWestbroek/Bitemporal_2026/bitemporal_go_API_v05/graph/generated.go:1150.132,1154.16 4 0
github.com/MarkWestbroek/Bitemporal_2026/bitemporal_go_API_v05/graph/generated.go:1154.16,1156.3 1 0
github.com/MarkWestbroek/Bitemporal_2026/bitemporal_go_API_v05/graph/generated.go:1157.2,1158.18 2 0
github.com/MarkWestbroek/Bitemporal_2026/bitemporal_go_API_v05/graph/generated.go:1161.135,1165.16 4 0
github.com/MarkWestbroek/Bitemporal_2026/bitemporal_go_API_v05/graph/generated.go:1165.16,1167.3 1 0
github.com/MarkWestbroek/Bitemporal_2026/bitemporal_go_API_v05/graph/generated.go:1168.2,1169.18 2 0
github.com/MarkWestbroek/Bitemporal_2026/bitemporal_go_API_v05/graph/generated.go:1172.129,1176.16 4 0
github.com/MarkWestbroek/Bitemporal_2026/bitemporal_go_API_v05/graph/generated.go:1176.16,1178.3 1 0
github.com/MarkWestbroek/Bitemporal_2026/bitemporal_go_API_v05/graph/generated.go:1179.2,1180.18 2 0
github.com/MarkWestbroek/Bitemporal_2026/bitemporal_go_API_v05/graph/generated.go:1183.138,1187.16 4 0
github.com/MarkWestbroek/Bitemporal_2026/bitemporal_go_API_v05/graph/generated.go:1187.16,1189.3 1 0
github.com/MarkWestbroek/Bitemporal_2026/bitemporal_go_API_v05/graph/generated.go:1190.2,1192.16 3 0
github.com/MarkWestbroek/Bitemporal_2026/bitemporal_go_API_v05/graph/generated.go:1192.16,1194.3 1 0
github.com/MarkWestbroek/Bitemporal_2026/bitemporal_go_API_v05/graph/generated.go:1195.2,1196.18 2 0
github.com/MarkWestbroek/Bitemporal_2026/bitemporal_go_API_v05/graph/generated.go:1199.132,1203.16 4 0
github.com/MarkWestbroek/Bitemporal_2026/bitemporal_go_API_v05/graph/generated.go:1203.16,1205.3 1 0
github.com/MarkWestbroek/Bitemporal_2026/bitemporal_go_API_v05/graph/generated.go:1206.2,1208.16 3 0
github.com/MarkWestbroek/Bitemporal_2026/bitemporal_go_API_v05/graph/generated.go:1208.16,1210.3 1 0
github.com/MarkWestbroek/Bitemporal_2026/bitemporal_go_API_v05/graph/generated.go:1211.2,1212.18 2 0
github.com/MarkWestbroek/Bitemporal_2026/bitemporal_go_API_v05/graph/generated.go:1215.132,1219.16 4 0
github.com/MarkWestbroek/Bitemporal_2026/bitemporal_go_API_v05/graph/generated.go:1219.16,1221.3 1 0
github.com/MarkWestbroek/Bitemporal_2026/bitemporal_go_API_v05/graph/generated.go:1222.2,1224.16 3 0
github.com/MarkWestbroek/Bitemporal_2026/bitemporal_go_API_v05/graph/generated.go:1224.16,1226.3 1 0
github.com/MarkWestbroek/Bitemporal_2026/bitemporal_go_API_v05/graph/generated.go:1227.2,1228.18 2 0
github.com/MarkWestbroek/Bitemporal_2026/bitemporal_go_API_v05/graph/generated.go:1231.129,1235.16 4 0
github.com/MarkWestbroek/Bitemporal_2026/bitemporal_go_API_v05/graph/generated.go:1235.16,1237.3 1 0
github.com/MarkWestbroek/Bitemporal_2026/bitemporal_go_API_v05/graph/generated.go:1238.2,1240.16 3 0
github.com/MarkWestbroek/Bitemporal_2026/bitemporal_go_API_v05/graph/generated.go:1240.16,1242.3 1 0
github.com/MarkWestbroek/Bitemporal_2026/bitemporal_go_API_v05/graph/generated.go:1243.2,1244.18 2 0
github.com/MarkWestbroek/Bitemporal_2026/bitemporal_go_API_v05/graph/generated.go:1247.122,1251.16 4 0
github.com/MarkWestbroek/Bitemporal_2026/bitemporal_go_API_v05/graph/generated.go:1251.16,1253.3 1 0
github.com/MarkWestbroek/Bitemporal_2026/bitemporal_go_API_v05/graph/generated.go:1254.2,1255.18 2 0
github.com/MarkWestbroek/Bitemporal_2026/bitemporal_go_API_v05/graph/generated.go:1258.126,1262.16 4 0
github.com/MarkWestbroek/Bitemporal_2026/bitemporal_go_API_v05/graph/generated.go:1262.16,1264.3 1 0
github.com/MarkWestbroek/Bitemporal_2026/bitemporal_go_API_v05/graph/generated.go:1265.2,1267.16 3 0
github.com/MarkWestbroek/Bitemporal_2026/bitemporal_go_API_v05/graph/generated.go:1267.16,1269.3 1 0
github.com/MarkWestbroek/Bitemporal_2026/bitemporal_go_API_v05/graph/generated.go:1270.2,1271.18 2 0
github.com/MarkWestbroek/Bitemporal_2026/bitemporal_go_API_v05/graph/generated.go:1274.128,1278.16 4 0
github.com/MarkWestbroek/Bitemporal_2026/bitemporal_go_API_v05/graph/generated.go:1278.16,1280.3 1 0
github.com/MarkWestbroek/Bitemporal_2026/bitemporal_go_API_v05/graph/generated.go:1281.2,1283.16 3 0
github.com/MarkWestbroek/Bitemporal_2026/bitemporal_go_API_v05/graph/generated.go:1283.16,1285.3 1 0
github.com/MarkWestbroek/Bitemporal_2026/bitemporal_go_API_v05/graph/generated.go:1286.2,1287.18 2 0
github.com/MarkWestbroek/Bitemporal_2026/bitemporal_go_API_v05/graph/generated.go:1290.128,1294.16 4 0
github.com/MarkWestbroek/Bitemporal_2026/bitemporal_go_API_v05/graph/generated.go:1294.16,1296.3 1 0
github.com/MarkWestbroek/Bitemporal_2026/bitemporal_go_API_v05/graph/generated.go:1297.2,1299.16 3 0
github.com/MarkWestbroek/Bitemporal_2026/bitemporal_go_API_v05/graph/generated.go:1299.16,1301.3 1 0
github.com/MarkWestbroek/Bitemporal_2026/bitemporal_go_API_v05/graph/generated.go:1302.2,1303.18 2 0
github.com/MarkWestbroek/Bitemporal_2026/bitemporal_go_API_v05/graph/generated.go:1306.132,1310.16 4 0
github.com/MarkWestbroek/Bitemporal_2026/bitemporal_go_API_v05/graph/generated.go:1310.16,1312.3 1 0
github.com/MarkWestbroek/Bitemporal_2026/bitemporal_go_API_v05/graph/generated.go:1313.2,1315.16 3 0
github.com/MarkWestbroek/Bitemporal_2026/bitemporal_go_API_v05/graph/generated.go:1315.16,1317.3 1 0
github.com/MarkWestbroek/Bitemporal_2026/bitemporal_go_API_v05/graph/generated.go:1318.2,1319.18 2 0
github.com/MarkWestbroek/Bitemporal_2026/bitemporal_go_API_v05/graph/generated.go:1322.130,1326.16 4 0
github.com/MarkWestbroek/Bitemporal_2026/bitemporal_go_API_v05/graph/generated.go:1326.16,1328.3 1 0
github.com/MarkWestbroek/Bitemporal_2026/bitemporal_go_API_v05/graph/generated.go:1329.2,1331.16 3 0
github.com/MarkWestbroek/Bitemporal_2026/bitemporal_go_API_v05/graph/generated.go:1331.16,1333.3 1 0
github.com/MarkWestbroek/Bitemporal_2026/bitemporal_go_API_v05/graph/generated.go:1334.2,1335.18 2 0
github.com/MarkWestbroek/Bitemporal_2026/bitemporal_go_API_v05/graph/generated.go:1338.124,1342.16 4 0
github.com/MarkWestbroek/Bitemporal_2026/bitemporal_go_API_v05/graph/generated.go:1342.16,1344.3 1 0
github.com/MarkWestbroek/Bitemporal_2026/bitemporal_go_API_v05/graph/generated.go:1345.2,1347.16 3 0
github.com/MarkWestbroek/Bitemporal_2026/bitemporal_go_API_v05/graph/generated.go:1347.16,1349.3 1 0
github.com/MarkWestbroek/Bitemporal_2026/bitemporal_go_API_v05/graph/generated.go:1350.2,1351.18 2 0
github.com/MarkWestbroek/Bitemporal_2026/bitemporal_go_API_v05/graph/generated.go:1354.122,1358.16 4 0
github.com/MarkWestbroek/Bitemporal_2026/bitemporal_go_API_v05/graph/generated.go:1358.16,1360.3 1 0
github.com/MarkWestbroek/Bitemporal_2026/bitemporal_go_API_v05/graph/generated.go:1361.2,1362.18 2 0
github.com/MarkWestbroek/Bitemporal_2026/bitemporal_go_API_v05/graph/generated.go:1365.129,1369.16 4 0
github.com/MarkWestbroek/Bitemporal_2026/bitemporal_go_API_v05/graph/generated.go:1369.16,1371.3 1 0
github.com/MarkWestbroek/Bitemporal_2026/bitemporal_go_API_v05/graph/generated.go:1372.2,1373.18 2 0
github.com/MarkWestbroek/Bitemporal_2026/bitemporal_go_API_v05/graph/generated.go:1376.129,1380.16 4 0
github.com/MarkWestbroek/Bitemporal_2026/bitemporal_go_API_v05/graph/generated.go:1380.16,1382.3 1 0
github.com/MarkWestbroek/Bitemporal_2026/bitemporal_go_API_v05/graph/generated.go:1383.2,1384.18 2 0
github.com/MarkWestbroek/Bitemporal_2026/bitemporal_go_API_v05/graph/generated.go:1387.129,1391.16 4 0
github.com/MarkWestbroek/Bitemporal_2026/bitemporal_go_API_v05/graph/generated.go:1391.16,1393.3 1 0
github.com/MarkWestbroek/Bitemporal_2026/bitemporal_go_API_v05/graph/generated.go:1394.2,1395.18 2 0
github.com/MarkWestbroek/Bitemporal_2026/bitemporal_go_API_v05/graph/generated.go:1398.129,1402.16 4 0
github.com/MarkWestbroek/Bitemporal_2026/bitemporal_go_API_v05/graph/generated.go:1402.16,1404.3 1 0
github.com/MarkWestbroek/Bitemporal_2026/bitemporal_go_API_v05/graph/generated.go:1405.2,1406.18 2 0
github.com/MarkWestbroek/Bitemporal_2026/bitemporal_go_API_v05/graph/generated.go:1409.130,1413.16 4 0
github.com/MarkWestbroek/Bitemporal_2026/bitemporal_go_API_v05/graph/generated.go:1413.16,1415.3 1 0
github.com/MarkWestbroek/Bitemporal_2026/bitemporal_go_API_v05/graph/generated.go:1416.2,1417.18 2 0
github.com/MarkWestbroek/Bitemporal_2026/bitemporal_go_API_v05/graph/generated.go:1420.130,1424.16 4 0
github.com/MarkWestbroek/Bitemporal_2026/bitemporal_go_API_v05/graph/generated.go:1424.16,1426.3 1 0
github.com/MarkWestbroek/Bitemporal_2026/bitemporal_go_API_v05/graph/generated.go:1427.2,1428.18 2 0
github.com/MarkWestbroek/Bitemporal_2026/bitemporal_go_API_v05/graph/generated.go:1431.123,1435.16 4 0
github.com/MarkWestbroek/Bitemporal_2026/bitemporal_go_API_v05/graph/generated.go:1435.16,1437.3 1 0
github.com/MarkWestbroek/Bitemporal_2026/bitemporal_go_API_v05/graph/generated.go:1438.2,1439.18 2 0
github.com/MarkWestbroek/Bitemporal_2026/bitemporal_go_API_v05/graph/generated.go:1442.123,1446.16 4 0
github.com/MarkWestbroek/Bitemporal_2026/bitemporal_go_API_v05/graph/generated.go:1446.16,1448.3 1 0
github.com/MarkWestbroek/Bitemporal_2026/bitemporal_go_API_v05/graph/generated.go:1449.2,1450.18 2 0
github.com/MarkWestbroek/Bitemporal_2026/bitemporal_go_API_v05/graph/generated.go:1453.128,1457.16 4 0
github.com/MarkWestbroek/Bitemporal_2026/bitemporal_go_API_v05/graph/generated.go:1457.16,1459.3 1 0
github.com/MarkWestbroek/Bitemporal_2026/bitemporal_go_API_v05/graph/generated.go:1460.2,1461.18 2 0
github.com/MarkWestbroek/Bitemporal_2026/bitemporal_go_API_v05/graph/generated.go:1464.126,1468.16 4 0
github.com/MarkWestbroek/Bitemporal_2026/bitemporal_go_API_v05/graph/generated.go:1468.16,1470.3 1 0
github.com/MarkWestbroek/Bitemporal_2026/bitemporal_go_API_v05/graph/generated.go:1471.2,1472.18 2 0
github.com/MarkWestbroek/Bitemporal_2026/bitemporal_go_API_v05/graph/generated.go:1475.120,1479.16 4 0
github.com/MarkWestbroek/Bitemporal_2026/bitemporal_go_API_v05/graph/generated.go:1479.16,1481.3 1 0
github.com/MarkWestbroek/Bitemporal_2026/bitemporal_go_API_v05/graph/generated.go:1482.2,1483.18 2 0
github.com/MarkWestbroek/Bitemporal_2026/bitemporal_go_API_v05/graph/generated.go:1486.126,1490.16 4 0
github.com/MarkWestbroek/Bitemporal_2026/bitemporal_go_API_v05/graph/generated.go:1490.16,1492.3 1 0
github.com/MarkWestbroek/Bitemporal_2026/bitemporal_go_API_v05/graph/generated.go:1493.2,1494.18 2 0
github.com/MarkWestbroek/Bitemporal_2026/bitemporal_go_API_v05/graph/generated.go:1497.122,1501.16 4 0
github.com/MarkWestbroek/Bitemporal_2026/bitemporal_go_API_v05/graph/generated.go:1501.16,1503.3 1 0
github.com/MarkWestbroek/Bitemporal_2026/bitemporal_go_API_v05/graph/generated.go:1504.2,1505.18 2 0
github.com/MarkWestbroek/Bitemporal_2026/bitemporal_go_API_v05/graph/generated.go:1508.127,1512.16 4 0
github.com/MarkWestbroek/Bitemporal_2026/bitemporal_go_API_v05/graph/generated.go:1512.16,1514.3 1 0
github.com/MarkWestbroek/Bitemporal_2026/bitemporal_go_API_v05/graph/generated.go:1515.2,1516.18 2 0
github.com/MarkWestbroek/Bitemporal_2026/bitemporal_go_API_v05/graph/generated.go:1519.123,1523.16 4 0
github.com/MarkWestbroek/Bitemporal_2026/bitemporal_go_API_v05/graph/generated.go:1523.16,1525.3 1 0
github.com/MarkWestbroek/Bitemporal_2026/bitemporal_go_API_v05/graph/generated.go:1526.2,1527.18 2 0
github.com/MarkWestbroek/Bitemporal_2026/bitemporal_go_API_v05/graph/generated.go:1538.134,1544.42 1 0
github.com/MarkWestbroek/Bitemporal_2026/bitemporal_go_API_v05/graph/generated.go:1544.42,1546.4 1 0
github.com/MarkWestbroek/Bitemporal_2026/bitemporal_go_API_v05/graph/generated.go:1554.139,1560.97 1 0
github.com/MarkWestbroek/Bitemporal_2026/bitemporal_go_API_v05/graph/generated.go:1560.97,1562.4 1 0
github.com/MarkWestbroek/Bitemporal_2026/bitemporal_go_API_v05/graph/generated.go:1564.2,1564.16 1 0
github.com/MarkWestbroek/Bitemporal_2026/bitemporal_go_API_v05/graph/generated.go:1567.142,1573.42 1 0
github.com/MarkWestbroek/Bitemporal_2026/bitemporal_go_API_v05/graph/generated.go:1573.42,1575.4 1 0
github.com/MarkWestbroek/Bitemporal_2026/bitemporal_go_API_v05/graph/generated.go:1583.147,1589.97 1 0
github.com/MarkWestbroek/Bitemporal_2026/bitemporal_go_API_v05/graph/generated.go:1589.97,1591.4 1 0
github.com/MarkWestbroek/Bitemporal_2026/bitemporal_go_API_v05/graph/generated.go:1593.2,1593.16 1 0
github.com/MarkWestbroek/Bitemporal_2026/bitemporal_go_API_v05/graph/generated.go:1596.146,1602.42 1 0
github.com/MarkWestbroek/Bitemporal_2026/bitemporal_go_API_v05/graph/generated.go:1602.42,1604.4 1 0
github.com/MarkWestbroek/Bitemporal_2026/bitemporal_go_API_v05/graph/generated.go:1612.151,1618.97 1 0
github.com/MarkWestbroek/Bitemporal_2026/bitemporal_go_API_v05/graph/generated.go:1618.97,1620.4 1 0
github.com/MarkWestbroek/Bitemporal_2026/bitemporal_go_API_v05/graph/generated.go:1622.2,1622.16 1 0
github.com/MarkWestbroek/Bitemporal_2026/bitemporal_go_API_v05/graph/generated.go:1625.150,1631.42 1 0
github.com/MarkWestbroek/Bitemporal_2026/bitemporal_go_API_v05/graph/generated.go:1631.42,1633.4 1 0
github.com/MarkWestbroek/Bitemporal_2026/bitemporal_go_API_v05/graph/generated.go:1641.155,1647.97 1 0
github.com/MarkWestbroek/Bitemporal_2026/bitemporal_go_API_v05/graph/generated.go:1647.97,1649.4 1 0
github.com/MarkWestbroek/Bitemporal_2026/bitemporal_go_API_v05/graph/generated.go:1651.2,1651.16 1 0
github.com/MarkWestbroek/Bitemporal_2026/bitemporal_go_API_v05/graph/generated.go:1654.148,1660.42 1 0
github.com/MarkWestbroek/Bitemporal_2026/bitemporal_go_API_v05/graph/generated.go:1660.42,1662.4 1 0
github.com/MarkWestbroek/Bitemporal_2026/bitemporal_go_API_v05/graph/generated.go:1670.153,1676.97 1 0
github.com/MarkWestbroek/Bitemporal_2026/bitemporal_go_API_v05/graph/generated.go:1676.97,1678.4 1 0
github.com/MarkWestbroek/Bitemporal_2026/bitemporal_go_API_v05/graph/generated.go:1680.2,1680.16 1 0
github.com/MarkWestbroek/Bitemporal_2026/bitemporal_go_API_v05/graph/generated.go:1683.141,1689.42 1 0
github.com/MarkWestbroek/Bitemporal_2026/bitemporal_go_API_v05/graph/generated.go:1689.42,1691.4 1 0
github.com/MarkWestbroek/Bitemporal_2026/bitemporal_go_API_v05/graph/generated.go:1699.146,1705.97 1 0
github.com/MarkWestbroek/Bitemporal_2026/bitemporal_go_API_v05/graph/generated.go:1705.97,1707.4 1 0
github.com/MarkWestbroek/Bitemporal_2026/bitemporal_go_API_v05/graph/generated.go:1709.2,1709.16 1 0
github.com/MarkWestbroek/Bitemporal_2026/bitemporal_go_API_v05/graph/generated.go:1712.144,1718.42 1 0
github.com/MarkWestbroek/Bitemporal_2026/bitemporal_go_API_v05/graph/generated.go:1718.42,1720.4 1 0
github.com/MarkWestbroek/Bitemporal_2026/bitemporal_go_API_v05/graph/generated.go:1728.149,1734.97 1 0
github.com/MarkWestbroek/Bitemporal_2026/bitemporal_go_API_v05/graph/generated.go:1734.97,1735.22 1 0
github.com/MarkWestbroek/Bitemporal_2026/bitemporal_go_API_v05/graph/generated.go:1736.14,1737.55 1 0
github.com/MarkWestbroek/Bitemporal_2026/bitemporal_go_API_v05/graph/generated.go:1738.28,1739.69 1 0
github.com/MarkWestbroek/Bitemporal_2026/bitemporal_go_API_v05/graph/generated.go:1740.21,1741.62 1 0
github.com/MarkWestbroek/Bitemporal_2026/bitemporal_go_API_v05/graph/generated.go:1742.18,1743.59 1 0
github.com/MarkWestbroek/Bitemporal_2026/bitemporal_go_API_v05/graph/generated.go:1744.34,1745.75 1 0
github.com/MarkWestbroek/Bitemporal_2026/bitemporal_go_API_v05/graph/generated.go:1746.32,1747.73 1 0
github.com/MarkWestbroek/Bitemporal_2026/bitemporal_go_API_v05/graph/generated.go:1748.19,1749.60 1 0
github.com/MarkWestbroek/Bitemporal_2026/bitemporal_go_API_v05/graph/generated.go:1751.4,1751.93 1 0
github.com/MarkWestbroek/Bitemporal_2026/bitemporal_go_API_v05/graph/generated.go:1754.2,1754.16 1 0
github.com/MarkWestbroek/Bitemporal_2026/bitemporal_go_API_v05/graph/generated.go:1757.151,1763.42 1 0
github.com/MarkWestbroek/Bitemporal_2026/bitemporal_go_API_v05/graph/generated.go:1763.42,1765.4 1 0
github.com/MarkWestbroek/Bitemporal_2026/bitemporal_go_API_v05/graph/generated.go:1773.149,1779.97 1 0
github.com/MarkWestbroek/Bitemporal_2026/bitemporal_go_API_v05/graph/generated.go:1779.97,1781.4 1 0
github.com/MarkWestbroek/Bitemporal_2026/bitemporal_go_API_v05/graph/generated.go:1783.2,1783.16 1 0
github.com/MarkWestbroek/Bitemporal_2026/bitemporal_go_API_v05/graph/generated.go:1786.149,1792.42 1 0
github.com/MarkWestbroek/Bitemporal_2026/bitemporal_go_API_v05/graph/generated.go:1792.42,1794.4 1 0
github.com/MarkWestbroek/Bitemporal_2026/bitemporal_go_API_v05/graph/generated.go:1802.147,1808.97 1 0
github.com/MarkWestbroek/Bitemporal_2026/bitemporal_go_API_v05/graph/generated.go:1808.97,1810.4 1 0
github.com/MarkWestbroek/Bitemporal_2026/bitemporal_go_API_v05/graph/generated.go:1812.2,1812.16 1 0
github.com/MarkWestbroek/Bitemporal_2026/bitemporal_go_API_v05/graph/generated.go:1815.149,1821.42 1 0
github.com/MarkWestbroek/Bitemporal_2026/bitemporal_go_API_v05/graph/generated.go:1821.42,1823.4 1 0
github.com/MarkWestbroek/Bitemporal_2026/bitemporal_go_API_v05/graph/generated.go:1831.147,1837.97 1 0
github.com/MarkWestbroek/Bitemporal_2026/bitemporal_go_API_v05/graph/generated.go:1837.97,1839.4 1 0
github.com/MarkWestbroek/Bitemporal_2026/bitemporal_go_API_v05/graph/generated.go:1841.2,1841.16 1 0
github.com/MarkWestbroek/Bitemporal_2026/bitemporal_go_API_v05/graph/generated.go:1844.149,1850.42 1 0
github.com/MarkWestbroek/Bitemporal_2026/bitemporal_go_API_v05/graph/generated.go:1850.42,1852.4 1 0
github.com/MarkWestbroek/Bitemporal_2026/bitemporal_go_API_v05/graph/generated.go:1860.147,1866.97 1 0
github.com/MarkWestbroek/Bitemporal_2026/bitemporal_go_API_v05/graph/generated.go:1866.97,1868.4 1 0
github.com/MarkWestbroek/Bitemporal_2026/bitemporal_go_API_v05/graph/generated.go:1870.2,1870.16 1 0
github.com/MarkWestbroek/Bitemporal_2026/bitemporal_go_API_v05/graph/generated.go:1873.151,1879.42 1 0
github.com/MarkWestbroek/Bitemporal_2026/bitemporal_go_API_v05/graph/generated.go:1879.42,1881.4 1 0
github.com/MarkWestbroek/Bitemporal_2026/bitemporal_go_API_v05/graph/generated.go:1889.149,1895.97 1 0
github.com/MarkWestbroek/Bitemporal_2026/bitemporal_go_API_v05/graph/generated.go:1895.97,1897.4 1 0
github.com/MarkWestbroek/Bitemporal_2026/bitemporal_go_API_v05/graph/generated.go:1899.2,1899.16 1 0
github.com/MarkWestbroek/Bitemporal_2026/bitemporal_go_API_v05/graph/generated.go:1902.149,1908.42 1 0
github.com/MarkWestbroek/Bitemporal_2026/bitemporal_go_API_v05/graph/generated.go:1908.42,1910.4 1 0
github.com/MarkWestbroek/Bitemporal_2026/bitemporal_go_API_v05/graph/generated.go:1918.147,1924.97 1 0
github.com/MarkWestbroek/Bitemporal_2026/bitemporal_go_API_v05/graph/generated.go:1924.97,1926.4 1 0
github.com/MarkWestbroek/Bitemporal_2026/bitemporal_go_API_v05/graph/generated.go:1928.2,1928.16 1 0
github.com/MarkWestbroek/Bitemporal_2026/bitemporal_go_API_v05/graph/generated.go:1931.149,1937.42 1 0
github.com/MarkWestbroek/Bitemporal_2026/bitemporal_go_API_v05/graph/generated.go:1937.42,1939.4 1 0
github.com/MarkWestbroek/Bitemporal_2026/bitemporal_go_API_v05/graph/generated.go:1947.147,1953.97 1 0
github.com/MarkWestbroek/Bitemporal_2026/bitemporal_go_API_v05/graph/generated.go:1953.97,1955.4 1 0
github.com/MarkWestbroek/Bitemporal_2026/bitemporal_go_API_v05/graph/generated.go:1957.2,1957.16 1 0
github.com/MarkWestbroek/Bitemporal_2026/bitemporal_go_API_v05/graph/generated.go:1960.151,1966.42 1 0
github.com/MarkWestbroek/Bitemporal_2026/bitemporal_go_API_v05/graph/generated.go:1966.42,1968.4 1 0
github.com/MarkWestbroek/Bitemporal_2026/bitemporal_go_API_v05/graph/generated.go:1976.149,1982.97 1 0
github.com/MarkWestbroek/Bitemporal_2026/bitemporal_go_API_v05/graph/generated.go:1982.97,1984.4 1 0
github.com/MarkWestbroek/Bitemporal_2026/bitemporal_go_API_v05/graph/generated.go:1986.2,1986.16 1 0
github.com/MarkWestbroek/Bitemporal_2026/bitemporal_go_API_v05/graph/generated.go:1989.149,1995.42 1 0
github.com/MarkWestbroek/Bitemporal_2026/bitemporal_go_API_v05/graph/generated.go:1995.42,1997.4 1 0
github.com/MarkWestbroek/Bitemporal_2026/bitemporal_go_API_v05/graph/generated.go:2005.147,2011.97 1 0
github.com/MarkWestbroek/Bitemporal_2026/bitemporal_go_API_v05/graph/generated.go:2011.97,2013.4 1 0
github.com/MarkWestbroek/Bitemporal_2026/bitemporal_go_API_v05/graph/generated.go:2015.2,2015.16 1 0
github.com/MarkWestbroek/Bitemporal_2026/bitemporal_go_API_v05/graph/generated.go:2018.149,2024.42 1 0
github.com/MarkWestbroek/Bitemporal_2026/bitemporal_go_API_v05/graph/generated.go:2024.42,2026.4 1 0
github.com/MarkWestbroek/Bitemporal_2026/bitemporal_go_API_v05/graph/generated.go:2034.147,2040.97 1 0
github.com/MarkWestbroek/Bitemporal_2026/bitemporal_go_API_v05/graph/generated.go:2040.97,2042.4 1 0
github.com/MarkWestbroek/Bitemporal_2026/bitemporal_go_API_v05/graph/generated.go:2044.2,2044.16 1 0
github.com/MarkWestbroek/Bitemporal_2026/bitemporal_go_API_v05/graph/generated.go:2047.149,2053.42 1 0
github.com/MarkWestbroek/Bitemporal_2026/bitemporal_go_API_v05/graph/generated.go:2053.42,2055.4 1 0
github.com/MarkWestbroek/Bitemporal_2026/bitemporal_go_API_v05/graph/generated.go:2063.147,2069.97 1 0
github.com/MarkWestbroek/Bitemporal_2026/bitemporal_go_API_v05/graph/generated.go:2069.97,2071.4 1 0
github.com/MarkWestbroek/Bitemporal_2026/bitemporal_go_API_v05/graph/generated.go:2073.2,2073.16 1 0
github.com/MarkWestbroek/Bitemporal_2026/bitemporal_go_API_v05/graph/generated.go:2076.151,2082.42 1 0
github.com/MarkWestbroek/Bitemporal_2026/bitemporal_go_API_v05/graph/generated.go:2082.42,2084.4 1 0
github.com/MarkWestbroek/Bitemporal_2026/bitemporal_go_API_v05/graph/generated.go:2092.149,2098.97 1 0
github.com/MarkWestbroek/Bitemporal_2026/bitemporal_go_API_v05/graph/generated.go:2098.97,2100.4 1 0
github.com/MarkWestbroek/Bitemporal_2026/bitemporal_go_API_v05/graph/generated.go:2102.2,2102.16 1 0
github.com/MarkWestbroek/Bitemporal_2026/bitemporal_go_API_v05/graph/generated.go:2105.149,2111.42 1 0
github.com/MarkWestbroek/Bitemporal_2026/bitemporal_go_API_v05/graph/generated.go:2111.42,2113.4 1 0
github.com/MarkWestbroek/Bitemporal_2026/bitemporal_go_API_v05/graph/generated.go:2121.147,2127.97 1 0
github.com/MarkWestbroek/Bitemporal_2026/bitemporal_go_API_v05/graph/generated.go:2127.97,2129.4 1 0
github.com/MarkWestbroek/Bitemporal_2026/bitemporal_go_API_v05/graph/generated.go:2131.2,2131.16 1 0
github.com/MarkWestbroek/Bitemporal_2026/bitemporal_go_API_v05/graph/generated.go:2134.149,2140.42 1 0
github.com/MarkWestbroek/Bitemporal_2026/bitemporal_go_API_v05/graph/generated.go:2140.42,2142.4 1 0
github.com/MarkWestbroek/Bitemporal_2026/bitemporal_go_API_v05/graph/generated.go:2150.147,2156.97 1 0
github.com/MarkWestbroek/Bitemporal_2026/bitemporal_go_API_v05/graph/generated.go:2156.97,2158.4 1 0
github.com/MarkWestbroek/Bitemporal_2026/bitemporal_go_API_v05/graph/generated.go:2160.2,2160.16 1 0
github.com/MarkWestbroek/Bitemporal_2026/bitemporal_go_API_v05/graph/generated.go:2163.136,2169.42 1 0
github.com/MarkWestbroek/Bitemporal_2026/bitemporal_go_API_v05/graph/generated.go:2169.42,2171.4 1 0
github.com/MarkWestbroek/Bitemporal_2026/bitemporal_go_API_v05/graph/generated.go:2179.140,2185.97 1 0
github.com/MarkWestbroek/Bitemporal_2026/bitemporal_go_API_v05/graph/generated.go:2185.97,2187.4 1 0
github.com/MarkWestbroek/Bitemporal_2026/bitemporal_go_API_v05/graph/generated.go:2189.2,2189.16 1 0
github.com/MarkWestbroek/Bitemporal_2026/bitemporal_go_API_v05/graph/generated.go:2192.140,2198.42 1 0
github.com/MarkWestbroek/Bitemporal_2026/bitemporal_go_API_v05/graph/generated.go:2198.42,2200.4 1 0
github.com/MarkWestbroek/Bitemporal_2026/bitemporal_go_API_v05/graph/generated.go:2208.144,2214.97 1 0
github.com/MarkWestbroek/Bitemporal_2026/bitemporal_go_API_v05/graph/generated.go:2214.97,2216.4 1 0
github.com/MarkWestbroek/Bitemporal_2026/bitemporal_go_API_v05/graph/generated.go:2218.2,2218.16 1 0
github.com/MarkWestbroek/Bitemporal_2026/bitemporal_go_API_v05/graph/generated.go:2221.140,2227.42 1 0
github.com/MarkWestbroek/Bitemporal_2026/bitemporal_go_API_v05/graph/generated.go:2227.42,2229.4 1 0
github.com/MarkWestbroek/Bitemporal_2026/bitemporal_go_API_v05/graph/generated.go:2237.144,2243.97 1 0
github.com/MarkWestbroek/Bitemporal_2026/bitemporal_go_API_v05/graph/generated.go:2243.97,2245.4 1 0
github.com/MarkWestbroek/Bitemporal_2026/bitemporal_go_API_v05/graph/generated.go:2247.2,2247.16 1 0
github.com/MarkWestbroek/Bitemporal_2026/bitemporal_go_API_v05/graph/generated.go:2250.147,2256.42 1 0
github.com/MarkWestbroek/Bitemporal_2026/bitemporal_go_API_v05/graph/generated.go:2256.42,2258.4 1 0
github.com/MarkWestbroek/Bitemporal_2026/bitemporal_go_API_v05/graph/generated.go:2266.151,2272.97 1 0
github.com/MarkWestbroek/Bitemporal_2026/bitemporal_go_API_v05/graph/generated.go:2272.97,2273.22 1 0
github.com/MarkWestbroek/Bitemporal_2026/bitemporal_go_API_v05/graph/generated.go:2274.17,2275.59 1 0
github.com/MarkWestbroek/Bitemporal_2026/bitemporal_go_API_v05/graph/generated.go:2276.15,2277.57 1 0
github.com/MarkWestbroek/Bitemporal_2026/bitemporal_go_API_v05/graph/generated.go:2278.15,2279.57 1 0
github.com/MarkWestbroek/Bitemporal_2026/bitemporal_go_API_v05/graph/generated.go:2280.15,2281.57 1 0
github.com/MarkWestbroek/Bitemporal_2026/bitemporal_go_API_v05/graph/generated.go:2283.4,2283.94 1 0
github.com/MarkWestbroek/Bitemporal_2026/bitemporal_go_API_v05/graph/generated.go:2286.2,2286.16 1 0
github.com/MarkWestbroek/Bitemporal_2026/bitemporal_go_API_v05/graph/generated.go:2289.148,2295.42 1 0
github.com/MarkWestbroek/Bitemporal_2026/bitemporal_go_API_v05/graph/generated.go:2295.42,2297.4 1 0
github.com/MarkWestbroek/Bitemporal_2026/bitemporal_go_API_v05/graph/generated.go:2305.152,2311.97 1 0
github.com/MarkWestbroek/Bitemporal_2026/bitemporal_go_API_v05/graph/generated.go:2311.97,2312.22 1 0
github.com/MarkWestbroek/Bitemporal_2026/bitemporal_go_API_v05/graph/generated.go:2313.17,2314.59 1 0
github.com/MarkWestbroek/Bitemporal_2026/bitemporal_go_API_v05/graph/generated.go:2315.15,2316.57 1 0
github.com/MarkWestbroek/Bitemporal_2026/bitemporal_go_API_v05/graph/generated.go:2317.15,2318.57 1 0
github.com/MarkWestbroek/Bitemporal_2026/bitemporal_go_API_v05/graph/generated.go:2320.4,2320.94 1 0
github.com/MarkWestbroek/Bitemporal_2026/bitemporal_go_API_v05/graph/generated.go:2323.2,2323.16 1 0
github.com/MarkWestbroek/Bitemporal_2026/bitemporal_go_API_v05/graph/generated.go:2326.143,2332.42 1 0
github.com/MarkWestbroek/Bitemporal_2026/bitemporal_go_API_v05/graph/generated.go:2332.42,2334.4 1 0
github.com/MarkWestbroek/Bitemporal_2026/bitemporal_go_API_v05/graph/generated.go:2342.147,2348.97 1 0
github.com/MarkWestbroek/Bitemporal_2026/bitemporal_go_API_v05/graph/generated.go:2348.97,2349.22 1 0
github.com/MarkWestbroek/Bitemporal_2026/bitemporal_go_API_v05/graph/generated.go:2350.14,2351.53 1 0
github.com/MarkWestbroek/Bitemporal_2026/bitemporal_go_API_v05/graph/generated.go:2352.15,2353.54 1 0
github.com/MarkWestbroek/Bitemporal_2026/bitemporal_go_API_v05/graph/generated.go:2354.15,2355.54 1 0
github.com/MarkWestbroek/Bitemporal_2026/bitemporal_go_API_v05/graph/generated.go:2356.19,2357.58 1 0
github.com/MarkWestbroek/Bitemporal_2026/bitemporal_go_API_v05/graph/generated.go:2358.19,2359.58 1 0
github.com/MarkWestbroek/Bitemporal_2026/bitemporal_go_API_v05/graph/generated.go:2361.4,2361.91 1 0
github.com/MarkWestbroek/Bitemporal_2026/bitemporal_go_API_v05/graph/generated.go:2364.2,2364.16 1 0
github.com/MarkWestbroek/Bitemporal_2026/bitemporal_go_API_v05/graph/generated.go:2367.136,2373.42 1 0
github.com/MarkWestbroek/Bitemporal_2026/bitemporal_go_API_v05/graph/generated.go:2373.42,2375.4 1 0
github.com/MarkWestbroek/Bitemporal_2026/bitemporal_go_API_v05/graph/generated.go:2383.140,2389.97 1 0
github.com/MarkWestbroek/Bitemporal_2026/bitemporal_go_API_v05/graph/generated.go:2389.97,2391.4 1 0
github.com/MarkWestbroek/Bitemporal_2026/bitemporal_go_API_v05/graph/generated.go:2393.2,2393.16 1 0
github.com/MarkWestbroek/Bitemporal_2026/bitemporal_go_API_v05/graph/generated.go:2396.140,2402.42 1 0
github.com/MarkWestbroek/Bitemporal_2026/bitemporal_go_API_v05/graph/generated.go:2402.42,2404.4 1 0
github.com/MarkWestbroek/Bitemporal_2026/bitemporal_go_API_v05/graph/generated.go:2412.144,2418.97 1 0
github.com/MarkWestbroek/Bitemporal_2026/bitemporal_go_API_v05/graph/generated.go:2418.97,2420.4 1 0
github.com/MarkWestbroek/Bitemporal_2026/bitemporal_go_API_v05/graph/generated.go:2422.2,2422.16 1 0
github.com/MarkWestbroek/Bitemporal_2026/bitemporal_go_API_v05/graph/generated.go:2425.140,2431.42 1 0
github.com/MarkWestbroek/Bitemporal_2026/bitemporal_go_API_v05/graph/generated.go:2431.42,2433.4 1 0
github.com/MarkWestbroek/Bitemporal_2026/bitemporal_go_API_v05/graph/generated.go:2441.144,2447.97 1 0
github.com/MarkWestbroek/Bitemporal_2026/bitemporal_go_API_v05/graph/generated.go:2447.97,2449.4 1 0
github.com/MarkWestbroek/Bitemporal_2026/bitemporal_go_API_v05/graph/generated.go:2451.2,2451.16 1 0
github.com/MarkWestbroek/Bitemporal_2026/bitemporal_go_API_v05/graph/generated.go:2454.147,2460.42 1 0
github.com/MarkWestbroek/Bitemporal_2026/bitemporal_go_API_v05/graph/generated.go:2460.42,2462.4 1 0
github.com/MarkWestbroek/Bitemporal_2026/bitemporal_go_API_v05/graph/generated.go:2470.151,2476.97 1 0
github.com/MarkWestbroek/Bitemporal_2026/bitemporal_go_API_v05/graph/generated.go:2476.97,2477.22 1 0
github.com/MarkWestbroek/Bitemporal_2026/bitemporal_go_API_v05/graph/generated.go:2478.17,2479.59 1 0
github.com/MarkWestbroek/Bitemporal_2026/bitemporal_go_API_v05/graph/generated.go:2480.15,2481.57 1 0
github.com/MarkWestbroek/Bitemporal_2026/bitemporal_go_API_v05/graph/generated.go:2482.15,2483.57 1 0
github.com/MarkWestbroek/Bitemporal_2026/bitemporal_go_API_v05/graph/generated.go:2484.15,2485.57 1 0
github.com/MarkWestbroek/Bitemporal_2026/bitemporal_go_API_v05/graph/generated.go:2487.4,2487.94 1 0
github.com/MarkWestbroek/Bitemporal_2026/bitemporal_go_API_v05/graph/generated.go:2490.2,2490.16 1 0
github.com/MarkWestbroek/Bitemporal_2026/bitemporal_go_API_v05/graph/generated.go:2493.147,2499.42 1 0
github.com/MarkWestbroek/Bitemporal_2026/bitemporal_go_API_v05/graph/generated.go:2499.42,2501.4 1 0
github.com/MarkWestbroek/Bitemporal_2026/bitemporal_go_API_v05/graph/generated.go:2509.151,2515.97 1 0
github.com/MarkWestbroek/Bitemporal_2026/bitemporal_go_API_v05/graph/generated.go:2515.97,2516.22 1 0
github.com/MarkWestbroek/Bitemporal_2026/bitemporal_go_API_v05/graph/generated.go:2517.17,2518.59 1 0
github.com/MarkWestbroek/Bitemporal_2026/bitemporal_go_API_v05/graph/generated.go:2519.15,2520.57 1 0
github.com/MarkWestbroek/Bitemporal_2026/bitemporal_go_API_v05/graph/generated.go:2521.15,2522.57 1 0
github.com/MarkWestbroek/Bitemporal_2026/bitemporal_go_API_v05/graph/generated.go:2524.4,2524.94 1 0
github.com/MarkWestbroek/Bitemporal_2026/bitemporal_go_API_v05/graph/generated.go:2527.2,2527.16 1 0
github.com/MarkWestbroek/Bitemporal_2026/bitemporal_go_API_v05/graph/generated.go:2530.143,2536.42 1 0
github.com/MarkWestbroek/Bitemporal_2026/bitemporal_go_API_v05/graph/generated.go:2536.42,2538.4 1 0
github.com/MarkWestbroek/Bitemporal_2026/bitemporal_go_API_v05/graph/generated.go:2546.147,2552.97 1 0
github.com/MarkWestbroek/Bitemporal_2026/bitemporal_go_API_v05/graph/generated.go:2552.97,2553.22 1 0
github.com/MarkWestbroek/Bitemporal_2026/bitemporal_go_API_v05/graph/generated.go:2554.14,2555.53 1 0
github.com/MarkWestbroek/Bitemporal_2026/bitemporal_go_API_v05/graph/generated.go:2556.15,2557.54 1 0
github.com/MarkWestbroek/Bitemporal_2026/bitemporal_go_API_v05/graph/generated.go:2558.15,2559.54 1 0
github.com/MarkWestbroek/Bitemporal_2026/bitemporal_go_API_v05/graph/generated.go:2560.19,2561.58 1 0
github.com/MarkWestbroek/Bitemporal_2026/bitemporal_go_API_v05/graph/generated.go:2562.19,2563.58 1 0
github.com/MarkWestbroek/Bitemporal_2026/bitemporal_go_API_v05/graph/generated.go:2565.4,2565.91 1 0
github.com/MarkWestbroek/Bitemporal_2026/bitemporal_go_API_v05/graph/generated.go:2568.2,2568.16 1 0
github.com/MarkWestbroek/Bitemporal_2026/bitemporal_go_API_v05/graph/generated.go:2571.128,2577.42 1 0
github.com/MarkWestbroek/Bitemporal_2026/bitemporal_go_API_v05/graph/generated.go:2577.42,2580.4 2 0
github.com/MarkWestbroek/Bitemporal_2026/bitemporal_go_API_v05/graph/generated.go:2588.154,2594.97 1 0
github.com/MarkWestbroek/Bitemporal_2026/bitemporal_go_API_v05/graph/generated.go:2594.97,2595.22 1 0
github.com/MarkWestbroek/Bitemporal_2026/bitemporal_go_API_v05/graph/generated.go:2596.14,2597.50 1 0
github.com/MarkWestbroek/Bitemporal_2026/bitemporal_go_API_v05/graph/generated.go:2598.18,2599.54 1 0
github.com/MarkWestbroek/Bitemporal_2026/bitemporal_go_API_v05/graph/generated.go:2600.18,2601.54 1 0
github.com/MarkWestbroek/Bitemporal_2026/bitemporal_go_API_v05/graph/generated.go:2602.25,2603.61 1 0
github.com/MarkWestbroek/Bitemporal_2026/bitemporal_go_API_v05/graph/generated.go:2604.26,2605.62 1 0
github.com/MarkWestbroek/Bitemporal_2026/bitemporal_go_API_v05/graph/generated.go:2606.21,2607.57 1 0
github.com/MarkWestbroek/Bitemporal_2026/bitemporal_go_API_v05/graph/generated.go:2609.4,2609.88 1 0
github.com/MarkWestbroek/Bitemporal_2026/bitemporal_go_API_v05/graph/generated.go:2612.2,2612.15 1 0
github.com/MarkWestbroek/Bitemporal_2026/bitemporal_go_API_v05/graph/generated.go:2612.15,2613.31 1 0
github.com/MarkWestbroek/Bitemporal_2026/bitemporal_go_API_v05/graph/generated.go:2613.31,2616.4 2 0
github.com/MarkWestbroek/Bitemporal_2026/bitemporal_go_API_v05/graph/generated.go:2618.2,2619.107 2 0
github.com/MarkWestbroek/Bitemporal_2026/bitemporal_go_API_v05/graph/generated.go:2619.107,2622.3 2 0
github.com/MarkWestbroek/Bitemporal_2026/bitemporal_go_API_v05/graph/generated.go:2623.2,2623.16 1 0
github.com/MarkWestbroek/Bitemporal_2026/bitemporal_go_API_v05/graph/generated.go:2626.128,2632.42 1 0
github.com/MarkWestbroek/Bitemporal_2026/bitemporal_go_API_v05/graph/generated.go:2632.42,2635.4 2 0
github.com/MarkWestbroek/Bitemporal_2026/bitemporal_go_API_v05/graph/generated.go:2643.154,2649.97 1 0
github.com/MarkWestbroek/Bitemporal_2026/bitemporal_go_API_v05/graph/generated.go:2649.97,2650.22 1 0
github.com/MarkWestbroek/Bitemporal_2026/bitemporal_go_API_v05/graph/generated.go:2651.14,2652.50 1 0
github.com/MarkWestbroek/Bitemporal_2026/bitemporal_go_API_v05/graph/generated.go:2653.18,2654.54 1 0
github.com/MarkWestbroek/Bitemporal_2026/bitemporal_go_API_v05/graph/generated.go:2655.18,2656.54 1 0
github.com/MarkWestbroek/Bitemporal_2026/bitemporal_go_API_v05/graph/generated.go:2657.25,2658.61 1 0
github.com/MarkWestbroek/Bitemporal_2026/bitemporal_go_API_v05/graph/generated.go:2659.26,2660.62 1 0
github.com/MarkWestbroek/Bitemporal_2026/bitemporal_go_API_v05/graph/generated.go:2661.21,2662.57 1 0
github.com/MarkWestbroek/Bitemporal_2026/bitemporal_go_API_v05/graph/generated.go:2664.4,2664.88 1 0
github.com/MarkWestbroek/Bitemporal_2026/bitemporal_go_API_v05/graph/generated.go:2667.2,2667.15 1 0
github.com/MarkWestbroek/Bitemporal_2026/bitemporal_go_API_v05/graph/generated.go:2667.15,2668.31 1 0
github.com/MarkWestbroek/Bitemporal_2026/bitemporal_go_API_v05/graph/generated.go:2668.31,2671.4 2 0
github.com/MarkWestbroek/Bitemporal_2026/bitemporal_go_API_v05/graph/generated.go:2673.2,2674.107 2 0
github.com/MarkWestbroek/Bitemporal_2026/bitemporal_go_API_v05/graph/generated.go:2674.107,2677.3 2 0
github.com/MarkWestbroek/Bitemporal_2026/bitemporal_go_API_v05/graph/generated.go:2678.2,2678.16 1 0
github.com/MarkWestbroek/Bitemporal_2026/bitemporal_go_API_v05/graph/generated.go:2681.128,2687.42 1 0
github.com/MarkWestbroek/Bitemporal_2026/bitemporal_go_API_v05/graph/generated.go:2687.42,2690.4 2 0
github.com/MarkWestbroek/Bitemporal_2026/bitemporal_go_API_v05/graph/generated.go:2698.154,2704.97 1 0
github.com/MarkWestbroek/Bitemporal_2026/bitemporal_go_API_v05/graph/generated.go:2704.97,2706.4 1 0
github.com/MarkWestbroek/Bitemporal_2026/bitemporal_go_API_v05/graph/generated.go:2708.2,2708.15 1 0
github.com/MarkWestbroek/Bitemporal_2026/bitemporal_go_API_v05/graph/generated.go:2708.15,2709.31 1 0
github.com/MarkWestbroek/Bitemporal_2026/bitemporal_go_API_v05/graph/generated.go:2709.31,2712.4 2 0
github.com/MarkWestbroek/Bitemporal_2026/bitemporal_go_API_v05/graph/generated.go:2714.2,2715.107 2 0
github.com/MarkWestbroek/Bitemporal_2026/bitemporal_go_API_v05/graph/generated.go:2715.107,2718.3 2 0
github.com/MarkWestbroek/Bitemporal_2026/bitemporal_go_API_v05/graph/generated.go:2719.2,2719.16 1 0
github.com/MarkWestbroek/Bitemporal_2026/bitemporal_go_API_v05/graph/generated.go:2722.128,2728.42 1 0
github.com/MarkWestbroek/Bitemporal_2026/bitemporal_go_API_v05/graph/generated.go:2728.42,2731.4 2 0
github.com/MarkWestbroek/Bitemporal_2026/bitemporal_go_API_v05/graph/generated.go:2739.154,2745.97 1 0
github.com/MarkWestbroek/Bitemporal_2026/bitemporal_go_API_v05/graph/generated.go:2745.97,2746.22 1 0
github.com/MarkWestbroek/Bitemporal_2026/bitemporal_go_API_v05/graph/generated.go:2747.14,2748.50 1 0
github.com/MarkWestbroek/Bitemporal_2026/bitemporal_go_API_v05/graph/generated.go:2749.18,2750.54 1 0
github.com/MarkWestbroek/Bitemporal_2026/bitemporal_go_API_v05/graph/generated.go:2751.18,2752.54 1 0
github.com/MarkWestbroek/Bitemporal_2026/bitemporal_go_API_v05/graph/generated.go:2753.25,2754.61 1 0
github.com/MarkWestbroek/Bitemporal_2026/bitemporal_go_API_v05/graph/generated.go:2755.25,2756.61 1 0
github.com/MarkWestbroek/Bitemporal_2026/bitemporal_go_API_v05/graph/generated.go:2757.21,2758.57 1 0
github.com/MarkWestbroek/Bitemporal_2026/bitemporal_go_API_v05/graph/generated.go:2760.4,2760.88 1 0
github.com/MarkWestbroek/Bitemporal_2026/bitemporal_go_API_v05/graph/generated.go:2763.2,2763.15 1 0
github.com/MarkWestbroek/Bitemporal_2026/bitemporal_go_API_v05/graph/generated.go:2763.15,2764.31 1 0
github.com/MarkWestbroek/Bitemporal_2026/bitemporal_go_API_v05/graph/generated.go:2764.31,2767.4 2 0
github.com/MarkWestbroek/Bitemporal_2026/bitemporal_go_API_v05/graph/generated.go:2769.2,2770.107 2 0
github.com/MarkWestbroek/Bitemporal_2026/bitemporal_go_API_v05/graph/generated.go:2770.107,2773.3 2 0
github.com/MarkWestbroek/Bitemporal_2026/bitemporal_go_API_v05/graph/generated.go:2774.2,2774.16 1 0
github.com/MarkWestbroek/Bitemporal_2026/bitemporal_go_API_v05/graph/generated.go:2777.128,2783.42 1 0
github.com/MarkWestbroek/Bitemporal_2026/bitemporal_go_API_v05/graph/generated.go:2783.42,2786.4 2 0
github.com/MarkWestbroek/Bitemporal_2026/bitemporal_go_API_v05/graph/generated.go:2794.154,2800.97 1 0
github.com/MarkWestbroek/Bitemporal_2026/bitemporal_go_API_v05/graph/generated.go:2800.97,2801.22 1 0
github.com/MarkWestbroek/Bitemporal_2026/bitemporal_go_API_v05/graph/generated.go:2802.14,2803.50 1 0
github.com/MarkWestbroek/Bitemporal_2026/bitemporal_go_API_v05/graph/generated.go:2804.18,2805.54 1 0
github.com/MarkWestbroek/Bitemporal_2026/bitemporal_go_API_v05/graph/generated.go:2806.18,2807.54 1 0
github.com/MarkWestbroek/Bitemporal_2026/bitemporal_go_API_v05/graph/generated.go:2808.25,2809.61 1 0
github.com/MarkWestbroek/Bitemporal_2026/bitemporal_go_API_v05/graph/generated.go:2810.25,2811.61 1 0
github.com/MarkWestbroek/Bitemporal_2026/bitemporal_go_API_v05/graph/generated.go:2812.21,2813.57 1 0
github.com/MarkWestbroek/Bitemporal_2026/bitemporal_go_API_v05/graph/generated.go:2815.4,2815.88 1 0
github.com/MarkWestbroek/Bitemporal_2026/bitemporal_go_API_v05/graph/generated.go:2818.2,2818.15 1 0
github.com/MarkWestbroek/Bitemporal_2026/bitemporal_go_API_v05/graph/generated.go:2818.15,2819.31 1 0
github.com/MarkWestbroek/Bitemporal_2026/bitemporal_go_API_v05/graph/generated.go:2819.31,2822.4 2 0
github.com/MarkWestbroek/Bitemporal_2026/bitemporal_go_API_v05/graph/generated.go:2824.2,2825.107 2 0
github.com/MarkWestbroek/Bitemporal_2026/bitemporal_go_API_v05/graph/generated.go:2825.107,2828.3 2 0
github.com/MarkWestbroek/Bitemporal_2026/bitemporal_go_API_v05/graph/generated.go:2829.2,2829.16 1 0
github.com/MarkWestbroek/Bitemporal_2026/bitemporal_go_API_v05/graph/generated.go:2832.128,2838.42 1 0
github.com/MarkWestbroek/Bitemporal_2026/bitemporal_go_API_v05/graph/generated.go:2838.42,2841.4 2 0
github.com/MarkWestbroek/Bitemporal_2026/bitemporal_go_API_v05/graph/generated.go:2849.154,2855.97 1 0
github.com/MarkWestbroek/Bitemporal_2026/bitemporal_go_API_v05/graph/generated.go:2855.97,2857.4 1 0
github.com/MarkWestbroek/Bitemporal_2026/bitemporal_go_API_v05/graph/generated.go:2859.2,2859.15 1 0
github.com/MarkWestbroek/Bitemporal_2026/bitemporal_go_API_v05/graph/generated.go:2859.15,2860.31 1 0
github.com/MarkWestbroek/Bitemporal_2026/bitemporal_go_API_v05/graph/generated.go:2860.31,2863.4 2 0
github.com/MarkWestbroek/Bitemporal_2026/bitemporal_go_API_v05/graph/generated.go:2865.2,2866.107 2 0
github.com/MarkWestbroek/Bitemporal_2026/bitemporal_go_API_v05/graph/generated.go:2866.107,2869.3 2 0
github.com/MarkWestbroek/Bitemporal_2026/bitemporal_go_API_v05/graph/generated.go:2870.2,2870.16 1 0
github.com/MarkWestbroek/Bitemporal_2026/bitemporal_go_API_v05/graph/generated.go:2873.131,2879.42 1 0
github.com/MarkWestbroek/Bitemporal_2026/bitemporal_go_API_v05/graph/generated.go:2879.42,2882.4 2 0
github.com/MarkWestbroek/Bitemporal_2026/bitemporal_go_API_v05/graph/generated.go:2890.157,2896.97 1 0
github.com/MarkWestbroek/Bitemporal_2026/bitemporal_go_API_v05/graph/generated.go:2896.97,2897.22 1 0
github.com/MarkWestbroek/Bitemporal_2026/bitemporal_go_API_v05/graph/generated.go:2898.14,2899.53 1 0
github.com/MarkWestbroek/Bitemporal_2026/bitemporal_go_API_v05/graph/generated.go:2900.15,2901.54 1 0
github.com/MarkWestbroek/Bitemporal_2026/bitemporal_go_API_v05/graph/generated.go:2902.15,2903.54 1 0
github.com/MarkWestbroek/Bitemporal_2026/bitemporal_go_API_v05/graph/generated.go:2904.19,2905.58 1 0
github.com/MarkWestbroek/Bitemporal_2026/bitemporal_go_API_v05/graph/generated.go:2906.19,2907.58 1 0
github.com/MarkWestbroek/Bitemporal_2026/bitemporal_go_API_v05/graph/generated.go:2909.4,2909.91 1 0
github.com/MarkWestbroek/Bitemporal_2026/bitemporal_go_API_v05/graph/generated.go:2912.2,2912.15 1 0
github.com/MarkWestbroek/Bitemporal_2026/bitemporal_go_API_v05/graph/generated.go:2912.15,2913.31 1 0
github.com/MarkWestbroek/Bitemporal_2026/bitemporal_go_API_v05/graph/generated.go:2913.31,2916.4 2 0
github.com/MarkWestbroek/Bitemporal_2026/bitemporal_go_API_v05/graph/generated.go:2918.2,2919.110 2 0
github.com/MarkWestbroek/Bitemporal_2026/bitemporal_go_API_v05/graph/generated.go:2919.110,2922.3 2 0
github.com/MarkWestbroek/Bitemporal_2026/bitemporal_go_API_v05/graph/generated.go:2923.2,2923.16 1 0
github.com/MarkWestbroek/Bitemporal_2026/bitemporal_go_API_v05/graph/generated.go:2926.131,2932.42 1 0
github.com/MarkWestbroek/Bitemporal_2026/bitemporal_go_API_v05/graph/generated.go:2932.42,2935.4 2 0
github.com/MarkWestbroek/Bitemporal_2026/bitemporal_go_API_v05/graph/generated.go:2943.157,2949.97 1 0
github.com/MarkWestbroek/Bitemporal_2026/bitemporal_go_API_v05/graph/generated.go:2949.97,2951.4 1 0
github.com/MarkWestbroek/Bitemporal_2026/bitemporal_go_API_v05/graph/generated.go:2953.2,2953.15 1 0
github.com/MarkWestbroek/Bitemporal_2026/bitemporal_go_API_v05/graph/generated.go:2953.15,2954.31 1 0
github.com/MarkWestbroek/Bitemporal_2026/bitemporal_go_API_v05/graph/generated.go:2954.31,2957.4 2 0
github.com/MarkWestbroek/Bitemporal_2026/bitemporal_go_API_v05/graph/generated.go:2959.2,2960.110 2 0
github.com/MarkWestbroek/Bitemporal_2026/bitemporal_go_API_v05/graph/generated.go:2960.110,2963.3 2 0
github.com/MarkWestbroek/Bitemporal_2026/bitemporal_go_API_v05/graph/generated.go:2964.2,2964.16 1 0
github.com/MarkWestbroek/Bitemporal_2026/bitemporal_go_API_v05/graph/generated.go:2967.134,2973.42 1 0
github.com/MarkWestbroek/Bitemporal_2026/bitemporal_go_API_v05/graph/generated.go:2973.42,2976.4 2 0
github.com/MarkWestbroek/Bitemporal_2026/bitemporal_go_API_v05/graph/generated.go:2984.160,2990.97 1 0
github.com/MarkWestbroek/Bitemporal_2026/bitemporal_go_API_v05/graph/generated.go:2990.97,2991.22 1 0
github.com/MarkWestbroek/Bitemporal_2026/bitemporal_go_API_v05/graph/generated.go:2992.17,2993.59 1 0
github.com/MarkWestbroek/Bitemporal_2026/bitemporal_go_API_v05/graph/generated.go:2994.15,2995.57 1 0
github.com/MarkWestbroek/Bitemporal_2026/bitemporal_go_API_v05/graph/generated.go:2996.15,2997.57 1 0
github.com/MarkWestbroek/Bitemporal_2026/bitemporal_go_API_v05/graph/generated.go:2998.15,2999.57 1 0
github.com/MarkWestbroek/Bitemporal_2026/bitemporal_go_API_v05/graph/generated.go:3001.4,3001.94 1 0
github.com/MarkWestbroek/Bitemporal_2026/bitemporal_go_API_v05/graph/generated.go:3004.2,3004.15 1 0
github.com/MarkWestbroek/Bitemporal_2026/bitemporal_go_API_v05/graph/generated.go:3004.15,3005.31 1 0
github.com/MarkWestbroek/Bitemporal_2026/bitemporal_go_API_v05/graph/generated.go:3005.31,3008.4 2 0
github.com/MarkWestbroek/Bitemporal_2026/bitemporal_go_API_v05/graph/generated.go:3010.2,3011.113 2 0
github.com/MarkWestbroek/Bitemporal_2026/bitemporal_go_API_v05/graph/generated.go:3011.113,3014.3 2 0
github.com/MarkWestbroek/Bitemporal_2026/bitemporal_go_API_v05/graph/generated.go:3015.2,3015.16 1 0
github.com/MarkWestbroek/Bitemporal_2026/bitemporal_go_API_v05/graph/generated.go:3018.134,3024.42 1 0
github.com/MarkWestbroek/Bitemporal_2026/bitemporal_go_API_v05/graph/generated.go:3024.42,3027.4 2 0
github.com/MarkWestbroek/Bitemporal_2026/bitemporal_go_API_v05/graph/generated.go:3035.160,3041.97 1 0
github.com/MarkWestbroek/Bitemporal_2026/bitemporal_go_API_v05/graph/generated.go:3041.97,3042.22 1 0
github.com/MarkWestbroek/Bitemporal_2026/bitemporal_go_API_v05/graph/generated.go:3043.17,3044.59 1 0
github.com/MarkWestbroek/Bitemporal_2026/bitemporal_go_API_v05/graph/generated.go:3045.15,3046.57 1 0
github.com/MarkWestbroek/Bitemporal_2026/bitemporal_go_API_v05/graph/generated.go:3047.15,3048.57 1 0
github.com/MarkWestbroek/Bitemporal_2026/bitemporal_go_API_v05/graph/generated.go:3049.15,3050.57 1 0
github.com/MarkWestbroek/Bitemporal_2026/bitemporal_go_API_v05/graph/generated.go:3052.4,3052.94 1 0
github.com/MarkWestbroek/Bitemporal_2026/bitemporal_go_API_v05/graph/generated.go:3055.2,3055.15 1 0
github.com/MarkWestbroek/Bitemporal_2026/bitemporal_go_API_v05/graph/generated.go:3055.15,3056.31 1 0
github.com/MarkWestbroek/Bitemporal_2026/bitemporal_go_API_v05/graph/generated.go:3056.31,3059.4 2 0
github.com/MarkWestbroek/Bitemporal_2026/bitemporal_go_API_v05/graph/generated.go:3061.2,3062.113 2 0
github.com/MarkWestbroek/Bitemporal_2026/bitemporal_go_API_v05/graph/generated.go:3062.113,3065.3 2 0
github.com/MarkWestbroek/Bitemporal_2026/bitemporal_go_API_v05/graph/generated.go:3066.2,3066.16 1 0
github.com/MarkWestbroek/Bitemporal_2026/bitemporal_go_API_v05/graph/generated.go:3069.134,3075.42 1 0
github.com/MarkWestbroek/Bitemporal_2026/bitemporal_go_API_v05/graph/generated.go:3075.42,3078.4 2 0
github.com/MarkWestbroek/Bitemporal_2026/bitemporal_go_API_v05/graph/generated.go:3086.160,3092.97 1 0
github.com/MarkWestbroek/Bitemporal_2026/bitemporal_go_API_v05/graph/generated.go:3092.97,3093.22 1 0
github.com/MarkWestbroek/Bitemporal_2026/bitemporal_go_API_v05/graph/generated.go:3094.17,3095.59 1 0
github.com/MarkWestbroek/Bitemporal_2026/bitemporal_go_API_v05/graph/generated.go:3096.15,3097.57 1 0
github.com/MarkWestbroek/Bitemporal_2026/bitemporal_go_API_v05/graph/generated.go:3098.15,3099.57 1 0
github.com/MarkWestbroek/Bitemporal_2026/bitemporal_go_API_v05/graph/generated.go:3101.4,3101.94 1 0
github.com/MarkWestbroek/Bitemporal_2026/bitemporal_go_API_v05/graph/generated.go:3104.2,3104.15 1 0
github.com/MarkWestbroek/Bitemporal_2026/bitemporal_go_API_v05/graph/generated.go:3104.15,3105.31 1 0
github.com/MarkWestbroek/Bitemporal_2026/bitemporal_go_API_v05/graph/generated.go:3105.31,3108.4 2 0
github.com/MarkWestbroek/Bitemporal_2026/bitemporal_go_API_v05/graph/generated.go:3110.2,3111.113 2 0
github.com/MarkWestbroek/Bitemporal_2026/bitemporal_go_API_v05/graph/generated.go:3111.113,3114.3 2 0
github.com/MarkWestbroek/Bitemporal_2026/bitemporal_go_API_v05/graph/generated.go:3115.2,3115.16 1 0
github.com/MarkWestbroek/Bitemporal_2026/bitemporal_go_API_v05/graph/generated.go:3118.134,3124.42 1 0
github.com/MarkWestbroek/Bitemporal_2026/bitemporal_go_API_v05/graph/generated.go:3124.42,3127.4 2 0
github.com/MarkWestbroek/Bitemporal_2026/bitemporal_go_API_v05/graph/generated.go:3135.160,3141.97 1 0
github.com/MarkWestbroek/Bitemporal_2026/bitemporal_go_API_v05/graph/generated.go:3141.97,3142.22 1 0
github.com/MarkWestbroek/Bitemporal_2026/bitemporal_go_API_v05/graph/generated.go:3143.17,3144.59 1 0
github.com/MarkWestbroek/Bitemporal_2026/bitemporal_go_API_v05/graph/generated.go:3145.15,3146.57 1 0
github.com/MarkWestbroek/Bitemporal_2026/bitemporal_go_API_v05/graph/generated.go:3147.15,3148.57 1 0
github.com/MarkWestbroek/Bitemporal_2026/bitemporal_go_API_v05/graph/generated.go:3149.15,3150.57 1 0
github.com/MarkWestbroek/Bitemporal_2026/bitemporal_go_API_v05/graph/generated.go:3152.4,3152.94 1 0
github.com/MarkWestbroek/Bitemporal_2026/bitemporal_go_API_v05/graph/generated.go:3155.2,3155.15 1 0
github.com/MarkWestbroek/Bitemporal_2026/bitemporal_go_API_v05/graph/generated.go:3155.15,3156.31 1 0
github.com/MarkWestbroek/Bitemporal_2026/bitemporal_go_API_v05/graph/generated.go:3156.31,3159.4 2 0
github.com/MarkWestbroek/Bitemporal_2026/bitemporal_go_API_v05/graph/generated.go:3161.2,3162.113 2 0
github.com/MarkWestbroek/Bitemporal_2026/bitemporal_go_API_v05/graph/generated.go:3162.113,3165.3 2 0
github.com/MarkWestbroek/Bitemporal_2026/bitemporal_go_API_v05/graph/generated.go:3166.2,3166.16 1 0
github.com/MarkWestbroek/Bitemporal_2026/bitemporal_go_API_v05/graph/generated.go:3169.134,3175.42 1 0
github.com/MarkWestbroek/Bitemporal_2026/bitemporal_go_API_v05/graph/generated.go:3175.42,3178.4 2 0
github.com/MarkWestbroek/Bitemporal_2026/bitemporal_go_API_v05/graph/generated.go:3186.160,3192.97 1 0
github.com/MarkWestbroek/Bitemporal_2026/bitemporal_go_API_v05/graph/generated.go:3192.97,3193.22 1 0
github.com/MarkWestbroek/Bitemporal_2026/bitemporal_go_API_v05/graph/generated.go:3194.17,3195.59 1 0
github.com/MarkWestbroek/Bitemporal_2026/bitemporal_go_API_v05/graph/generated.go:3196.15,3197.57 1 0
github.com/MarkWestbroek/Bitemporal_2026/bitemporal_go_API_v05/graph/generated.go:3198.15,3199.57 1 0
github.com/MarkWestbroek/Bitemporal_2026/bitemporal_go_API_v05/graph/generated.go:3201.4,3201.94 1 0
github.com/MarkWestbroek/Bitemporal_2026/bitemporal_go_API_v05/graph/generated.go:3204.2,3204.15 1 0
github.com/MarkWestbroek/Bitemporal_2026/bitemporal_go_API_v05/graph/generated.go:3204.15,3205.31 1 0
github.com/MarkWestbroek/Bitemporal_2026/bitemporal_go_API_v05/graph/generated.go:3205.31,3208.4 2 0
github.com/MarkWestbroek/Bitemporal_2026/bitemporal_go_API_v05/graph/generated.go:3210.2,3211.113 2 0
github.com/MarkWestbroek/Bitemporal_2026/bitemporal_go_API_v05/graph/generated.go:3211.113,3214.3 2 0
github.com/MarkWestbroek/Bitemporal_2026/bitemporal_go_API_v05/graph/generated.go:3215.2,3215.16 1 0
github.com/MarkWestbroek/Bitemporal_2026/bitemporal_go_API_v05/graph/generated.go:3218.125,3224.42 1 0
github.com/MarkWestbroek/Bitemporal_2026/bitemporal_go_API_v05/graph/generated.go:3224.42,3227.4 2 0
github.com/MarkWestbroek/Bitemporal_2026/bitemporal_go_API_v05/graph/generated.go:3235.151,3241.97 1 0
github.com/MarkWestbroek/Bitemporal_2026/bitemporal_go_API_v05/graph/generated.go:3241.97,3242.22 1 0
github.com/MarkWestbroek/Bitemporal_2026/bitemporal_go_API_v05/graph/generated.go:3243.14,3244.47 1 0
github.com/MarkWestbroek/Bitemporal_2026/bitemporal_go_API_v05/graph/generated.go:3245.17,3246.50 1 0
github.com/MarkWestbroek/Bitemporal_2026/bitemporal_go_API_v05/graph/generated.go:3247.23,3248.56 1 0
github.com/MarkWestbroek/Bitemporal_2026/bitemporal_go_API_v05/graph/generated.go:3249.19,3250.52 1 0
github.com/MarkWestbroek/Bitemporal_2026/bitemporal_go_API_v05/graph/generated.go:3251.18,3252.51 1 0
github.com/MarkWestbroek/Bitemporal_2026/bitemporal_go_API_v05/graph/generated.go:3254.4,3254.85 1 0
github.com/MarkWestbroek/Bitemporal_2026/bitemporal_go_API_v05/graph/generated.go:3257.2,3257.15 1 0
github.com/MarkWestbroek/Bitemporal_2026/bitemporal_go_API_v05/graph/generated.go:3257.15,3258.31 1 0
github.com/MarkWestbroek/Bitemporal_2026/bitemporal_go_API_v05/graph/generated.go:3258.31,3261.4 2 0
github.com/MarkWestbroek/Bitemporal_2026/bitemporal_go_API_v05/graph/generated.go:3263.2,3264.104 2 0
github.com/MarkWestbroek/Bitemporal_2026/bitemporal_go_API_v05/graph/generated.go:3264.104,3267.3 2 0
github.com/MarkWestbroek/Bitemporal_2026/bitemporal_go_API_v05/graph/generated.go:3268.2,3268.16 1 0
github.com/MarkWestbroek/Bitemporal_2026/bitemporal_go_API_v05/graph/generated.go:3271.125,3277.42 1 0
github.com/MarkWestbroek/Bitemporal_2026/bitemporal_go_API_v05/graph/generated.go:3277.42,3280.4 2 0
github.com/MarkWestbroek/Bitemporal_2026/bitemporal_go_API_v05/graph/generated.go:3288.151,3294.97 1 0
github.com/MarkWestbroek/Bitemporal_2026/bitemporal_go_API_v05/graph/generated.go:3294.97,3295.22 1 0
github.com/MarkWestbroek/Bitemporal_2026/bitemporal_go_API_v05/graph/generated.go:3296.14,3297.47 1 0
github.com/MarkWestbroek/Bitemporal_2026/bitemporal_go_API_v05/graph/generated.go:3298.17,3299.50 1 0
github.com/MarkWestbroek/Bitemporal_2026/bitemporal_go_API_v05/graph/generated.go:3300.23,3301.56 1 0
github.com/MarkWestbroek/Bitemporal_2026/bitemporal_go_API_v05/graph/generated.go:3302.19,3303.52 1 0
github.com/MarkWestbroek/Bitemporal_2026/bitemporal_go_API_v05/graph/generated.go:3304.18,3305.51 1 0
github.com/MarkWestbroek/Bitemporal_2026/bitemporal_go_API_v05/graph/generated.go:3307.4,3307.85 1 0
github.com/MarkWestbroek/Bitemporal_2026/bitemporal_go_API_v05/graph/generated.go:3310.2,3310.15 1 0
github.com/MarkWestbroek/Bitemporal_2026/bitemporal_go_API_v05/graph/generated.go:3310.15,3311.31 1 0
github.com/MarkWestbroek/Bitemporal_2026/bitemporal_go_API_v05/graph/generated.go:3311.31,3314.4 2 0
github.com/MarkWestbroek/Bitemporal_2026/bitemporal_go_API_v05/graph/generated.go:3316.2,3317.104 2 0
github.com/MarkWestbroek/Bitemporal_2026/bitemporal_go_API_v05/graph/generated.go:3317.104,3320.3 2 0
github.com/MarkWestbroek/Bitemporal_2026/bitemporal_go_API_v05/graph/generated.go:3321.2,3321.16 1 0
github.com/MarkWestbroek/Bitemporal_2026/bitemporal_go_API_v05/graph/generated.go:3324.125,3330.42 1 0
github.com/MarkWestbroek/Bitemporal_2026/bitemporal_go_API_v05/graph/generated.go:3330.42,3333.4 2 0
github.com/MarkWestbroek/Bitemporal_2026/bitemporal_go_API_v05/graph/generated.go:3341.151,3347.97 1 0
github.com/MarkWestbroek/Bitemporal_2026/bitemporal_go_API_v05/graph/generated.go:3347.97,3349.4 1 0
github.com/MarkWestbroek/Bitemporal_2026/bitemporal_go_API_v05/graph/generated.go:3351.2,3351.15 1 0
github.com/MarkWestbroek/Bitemporal_2026/bitemporal_go_API_v05/graph/generated.go:3351.15,3352.31 1 0
github.com/MarkWestbroek/Bitemporal_2026/bitemporal_go_API_v05/graph/generated.go:3352.31,3355.4 2 0
github.com/MarkWestbroek/Bitemporal_2026/bitemporal_go_API_v05/graph/generated.go:3357.2,3358.104 2 0
github.com/MarkWestbroek/Bitemporal_2026/bitemporal_go_API_v05/graph/generated.go:3358.104,3361.3 2 0
github.com/MarkWestbroek/Bitemporal_2026/bitemporal_go_API_v05/graph/generated.go:3362.2,3362.16 1 0
github.com/MarkWestbroek/Bitemporal_2026/bitemporal_go_API_v05/graph/generated.go:3365.119,3371.42 1 0
github.com/MarkWestbroek/Bitemporal_2026/bitemporal_go_API_v05/graph/generated.go:3371.42,3374.4 2 0
github.com/MarkWestbroek/Bitemporal_2026/bitemporal_go_API_v05/graph/generated.go:3382.145,3388.97 1 0
github.com/MarkWestbroek/Bitemporal_2026/bitemporal_go_API_v05/graph/generated.go:3388.97,3389.22 1 0
github.com/MarkWestbroek/Bitemporal_2026/bitemporal_go_API_v05/graph/generated.go:3390.14,3391.50 1 0
github.com/MarkWestbroek/Bitemporal_2026/bitemporal_go_API_v05/graph/generated.go:3392.18,3393.54 1 0
github.com/MarkWestbroek/Bitemporal_2026/bitemporal_go_API_v05/graph/generated.go:3394.18,3395.54 1 0
github.com/MarkWestbroek/Bitemporal_2026/bitemporal_go_API_v05/graph/generated.go:3396.25,3397.61 1 0
github.com/MarkWestbroek/Bitemporal_2026/bitemporal_go_API_v05/graph/generated.go:3398.26,3399.62 1 0
github.com/MarkWestbroek/Bitemporal_2026/bitemporal_go_API_v05/graph/generated.go:3400.21,3401.57 1 0
github.com/MarkWestbroek/Bitemporal_2026/bitemporal_go_API_v05/graph/generated.go:3403.4,3403.88 1 0
github.com/MarkWestbroek/Bitemporal_2026/bitemporal_go_API_v05/graph/generated.go:3406.2,3406.15 1 0
github.com/MarkWestbroek/Bitemporal_2026/bitemporal_go_API_v05/graph/generated.go:3406.15,3407.31 1 0
github.com/MarkWestbroek/Bitemporal_2026/bitemporal_go_API_v05/graph/generated.go:3407.31,3410.4 2 0
github.com/MarkWestbroek/Bitemporal_2026/bitemporal_go_API_v05/graph/generated.go:3412.2,3413.98 2 0
github.com/MarkWestbroek/Bitemporal_2026/bitemporal_go_API_v05/graph/generated.go:3413.98,3416.3 2 0
github.com/MarkWestbroek/Bitemporal_2026/bitemporal_go_API_v05/graph/generated.go:3417.2,3417.16 1 0
github.com/MarkWestbroek/Bitemporal_2026/bitemporal_go_API_v05/graph/generated.go:3420.124,3426.42 1 0
github.com/MarkWestbroek/Bitemporal_2026/bitemporal_go_API_v05/graph/generated.go:3426.42,3429.4 2 0
github.com/MarkWestbroek/Bitemporal_2026/bitemporal_go_API_v05/graph/generated.go:3437.150,3443.97 1 0
github.com/MarkWestbroek/Bitemporal_2026/bitemporal_go_API_v05/graph/generated.go:3443.97,3444.22 1 0
github.com/MarkWestbroek/Bitemporal_2026/bitemporal_go_API_v05/graph/generated.go:3445.14,3446.50 1 0
github.com/MarkWestbroek/Bitemporal_2026/bitemporal_go_API_v05/graph/generated.go:3447.18,3448.54 1 0
github.com/MarkWestbroek/Bitemporal_2026/bitemporal_go_API_v05/graph/generated.go:3449.18,3450.54 1 0
github.com/MarkWestbroek/Bitemporal_2026/bitemporal_go_API_v05/graph/generated.go:3451.25,3452.61 1 0
github.com/MarkWestbroek/Bitemporal_2026/bitemporal_go_API_v05/graph/generated.go:3453.26,3454.62 1 0
github.com/MarkWestbroek/Bitemporal_2026/bitemporal_go_API_v05/graph/generated.go:3455.21,3456.57 1 0
github.com/MarkWestbroek/Bitemporal_2026/bitemporal_go_API_v05/graph/generated.go:3458.4,3458.88 1 0
github.com/MarkWestbroek/Bitemporal_2026/bitemporal_go_API_v05/graph/generated.go:3461.2,3461.15 1 0
github.com/MarkWestbroek/Bitemporal_2026/bitemporal_go_API_v05/graph/generated.go:3461.15,3462.31 1 0
github.com/MarkWestbroek/Bitemporal_2026/bitemporal_go_API_v05/graph/generated.go:3462.31,3465.4 2 0
github.com/MarkWestbroek/Bitemporal_2026/bitemporal_go_API_v05/graph/generated.go:3467.2,3468.103 2 0
github.com/MarkWestbroek/Bitemporal_2026/bitemporal_go_API_v05/graph/generated.go:3468.103,3471.3 2 0
github.com/MarkWestbroek/Bitemporal_2026/bitemporal_go_API_v05/graph/generated.go:3472.2,3472.16 1 0
github.com/MarkWestbroek/Bitemporal_2026/bitemporal_go_API_v05/graph/generated.go:3475.119,3481.42 1 0
github.com/MarkWestbroek/Bitemporal_2026/bitemporal_go_API_v05/graph/generated.go:3481.42,3484.4 2 0
github.com/MarkWestbroek/Bitemporal_2026/bitemporal_go_API_v05/graph/generated.go:3492.145,3498.97 1 0
github.com/MarkWestbroek/Bitemporal_2026/bitemporal_go_API_v05/graph/generated.go:3498.97,3499.22 1 0
github.com/MarkWestbroek/Bitemporal_2026/bitemporal_go_API_v05/graph/generated.go:3500.14,3501.50 1 0
github.com/MarkWestbroek/Bitemporal_2026/bitemporal_go_API_v05/graph/generated.go:3502.18,3503.54 1 0
github.com/MarkWestbroek/Bitemporal_2026/bitemporal_go_API_v05/graph/generated.go:3504.18,3505.54 1 0
github.com/MarkWestbroek/Bitemporal_2026/bitemporal_go_API_v05/graph/generated.go:3506.25,3507.61 1 0
github.com/MarkWestbroek/Bitemporal_2026/bitemporal_go_API_v05/graph/generated.go:3508.25,3509.61 1 0
github.com/MarkWestbroek/Bitemporal_2026/bitemporal_go_API_v05/graph/generated.go:3510.21,3511.57 1 0
github.com/MarkWestbroek/Bitemporal_2026/bitemporal_go_API_v05/graph/generated.go:3513.4,3513.88 1 0
github.com/MarkWestbroek/Bitemporal_2026/bitemporal_go_API_v05/graph/generated.go:3516.2,3516.15 1 0
github.com/MarkWestbroek/Bitemporal_2026/bitemporal_go_API_v05/graph/generated.go:3516.15,3517.31 1 0
github.com/MarkWestbroek/Bitemporal_2026/bitemporal_go_API_v05/graph/generated.go:3517.31,3520.4 2 0
github.com/MarkWestbroek/Bitemporal_2026/bitemporal_go_API_v05/graph/generated.go:3522.2,3523.98 2 0
github.com/MarkWestbroek/Bitemporal_2026/bitemporal_go_API_v05/graph/generated.go:3523.98,3526.3 2 0
github.com/MarkWestbroek/Bitemporal_2026/bitemporal_go_API_v05/graph/generated.go:3527.2,3527.16 1 0
github.com/MarkWestbroek/Bitemporal_2026/bitemporal_go_API_v05/graph/generated.go:3530.124,3536.42 1 0
github.com/MarkWestbroek/Bitemporal_2026/bitemporal_go_API_v05/graph/generated.go:3536.42,3539.4 2 0
github.com/MarkWestbroek/Bitemporal_2026/bitemporal_go_API_v05/graph/generated.go:3547.150,3553.97 1 0
github.com/MarkWestbroek/Bitemporal_2026/bitemporal_go_API_v05/graph/generated.go:3553.97,3554.22 1 0
github.com/MarkWestbroek/Bitemporal_2026/bitemporal_go_API_v05/graph/generated.go:3555.14,3556.50 1 0
github.com/MarkWestbroek/Bitemporal_2026/bitemporal_go_API_v05/graph/generated.go:3557.18,3558.54 1 0
github.com/MarkWestbroek/Bitemporal_2026/bitemporal_go_API_v05/graph/generated.go:3559.18,3560.54 1 0
github.com/MarkWestbroek/Bitemporal_2026/bitemporal_go_API_v05/graph/generated.go:3561.25,3562.61 1 0
github.com/MarkWestbroek/Bitemporal_2026/bitemporal_go_API_v05/graph/generated.go:3563.25,3564.61 1 0
github.com/MarkWestbroek/Bitemporal_2026/bitemporal_go_API_v05/graph/generated.go:3565.21,3566.57 1 0
github.com/MarkWestbroek/Bitemporal_2026/bitemporal_go_API_v05/graph/generated.go:3568.4,3568.88 1 0
github.com/MarkWestbroek/Bitemporal_2026/bitemporal_go_API_v05/graph/generated.go:3571.2,3571.15 1 0
github.com/MarkWestbroek/Bitemporal_2026/bitemporal_go_API_v05/graph/generated.go:3571.15,3572.31 1 0
github.com/MarkWestbroek/Bitemporal_2026/bitemporal_go_API_v05/graph/generated.go:3572.31,3575.4 2 0
github.com/MarkWestbroek/Bitemporal_2026/bitemporal_go_API_v05/graph/generated.go:3577.2,3578.103 2 0
github.com/MarkWestbroek/Bitemporal_2026/bitemporal_go_API_v05/graph/generated.go:3578.103,3581.3 2 0
github.com/MarkWestbroek/Bitemporal_2026/bitemporal_go_API_v05/graph/generated.go:3582.2,3582.16 1 0
github.com/MarkWestbroek/Bitemporal_2026/bitemporal_go_API_v05/graph/generated.go:3585.122,3591.42 1 0
github.com/MarkWestbroek/Bitemporal_2026/bitemporal_go_API_v05/graph/generated.go:3591.42,3594.4 2 0
github.com/MarkWestbroek/Bitemporal_2026/bitemporal_go_API_v05/graph/generated.go:3602.148,3608.97 1 0
github.com/MarkWestbroek/Bitemporal_2026/bitemporal_go_API_v05/graph/generated.go:3608.97,3609.22 1 0
github.com/MarkWestbroek/Bitemporal_2026/bitemporal_go_API_v05/graph/generated.go:3610.14,3611.53 1 0
github.com/MarkWestbroek/Bitemporal_2026/bitemporal_go_API_v05/graph/generated.go:3612.15,3613.54 1 0
github.com/MarkWestbroek/Bitemporal_2026/bitemporal_go_API_v05/graph/generated.go:3614.15,3615.54 1 0
github.com/MarkWestbroek/Bitemporal_2026/bitemporal_go_API_v05/graph/generated.go:3616.19,3617.58 1 0
github.com/MarkWestbroek/Bitemporal_2026/bitemporal_go_API_v05/graph/generated.go:3618.19,3619.58 1 0
github.com/MarkWestbroek/Bitemporal_2026/bitemporal_go_API_v05/graph/generated.go:3621.4,3621.91 1 0
github.com/MarkWestbroek/Bitemporal_2026/bitemporal_go_API_v05/graph/generated.go:3624.2,3624.15 1 0
github.com/MarkWestbroek/Bitemporal_2026/bitemporal_go_API_v05/graph/generated.go:3624.15,3625.31 1 0
github.com/MarkWestbroek/Bitemporal_2026/bitemporal_go_API_v05/graph/generated.go:3625.31,3628.4 2 0
github.com/MarkWestbroek/Bitemporal_2026/bitemporal_go_API_v05/graph/generated.go:3630.2,3631.101 2 0
github.com/MarkWestbroek/Bitemporal_2026/bitemporal_go_API_v05/graph/generated.go:3631.101,3634.3 2 0
github.com/MarkWestbroek/Bitemporal_2026/bitemporal_go_API_v05/graph/generated.go:3635.2,3635.16 1 0
github.com/MarkWestbroek/Bitemporal_2026/bitemporal_go_API_v05/graph/generated.go:3638.126,3644.42 1 0
github.com/MarkWestbroek/Bitemporal_2026/bitemporal_go_API_v05/graph/generated.go:3644.42,3647.4 2 0
github.com/MarkWestbroek/Bitemporal_2026/bitemporal_go_API_v05/graph/generated.go:3655.152,3661.97 1 0
github.com/MarkWestbroek/Bitemporal_2026/bitemporal_go_API_v05/graph/generated.go:3661.97,3662.22 1 0
github.com/MarkWestbroek/Bitemporal_2026/bitemporal_go_API_v05/graph/generated.go:3663.14,3664.53 1 0
github.com/MarkWestbroek/Bitemporal_2026/bitemporal_go_API_v05/graph/generated.go:3665.15,3666.54 1 0
github.com/MarkWestbroek/Bitemporal_2026/bitemporal_go_API_v05/graph/generated.go:3667.15,3668.54 1 0
github.com/MarkWestbroek/Bitemporal_2026/bitemporal_go_API_v05/graph/generated.go:3669.19,3670.58 1 0
github.com/MarkWestbroek/Bitemporal_2026/bitemporal_go_API_v05/graph/generated.go:3671.19,3672.58 1 0
github.com/MarkWestbroek/Bitemporal_2026/bitemporal_go_API_v05/graph/generated.go:3674.4,3674.91 1 0
github.com/MarkWestbroek/Bitemporal_2026/bitemporal_go_API_v05/graph/generated.go:3677.2,3677.15 1 0
github.com/MarkWestbroek/Bitemporal_2026/bitemporal_go_API_v05/graph/generated.go:3677.15,3678.31 1 0
github.com/MarkWestbroek/Bitemporal_2026/bitemporal_go_API_v05/graph/generated.go:3678.31,3681.4 2 0
github.com/MarkWestbroek/Bitemporal_2026/bitemporal_go_API_v05/graph/generated.go:3683.2,3684.105 2 0
github.com/MarkWestbroek/Bitemporal_2026/bitemporal_go_API_v05/graph/generated.go:3684.105,3687.3 2 0
github.com/MarkWestbroek/Bitemporal_2026/bitemporal_go_API_v05/graph/generated.go:3688.2,3688.16 1 0
github.com/MarkWestbroek/Bitemporal_2026/bitemporal_go_API_v05/graph/generated.go:3691.125,3697.42 1 0
github.com/MarkWestbroek/Bitemporal_2026/bitemporal_go_API_v05/graph/generated.go:3697.42,3700.4 2 0
github.com/MarkWestbroek/Bitemporal_2026/bitemporal_go_API_v05/graph/generated.go:3708.151,3714.97 1 0
github.com/MarkWestbroek/Bitemporal_2026/bitemporal_go_API_v05/graph/generated.go:3714.97,3715.22 1 0
github.com/MarkWestbroek/Bitemporal_2026/bitemporal_go_API_v05/graph/generated.go:3716.17,3717.59 1 0
github.com/MarkWestbroek/Bitemporal_2026/bitemporal_go_API_v05/graph/generated.go:3718.15,3719.57 1 0
github.com/MarkWestbroek/Bitemporal_2026/bitemporal_go_API_v05/graph/generated.go:3720.15,3721.57 1 0
github.com/MarkWestbroek/Bitemporal_2026/bitemporal_go_API_v05/graph/generated.go:3722.15,3723.57 1 0
github.com/MarkWestbroek/Bitemporal_2026/bitemporal_go_API_v05/graph/generated.go:3725.4,3725.94 1 0
github.com/MarkWestbroek/Bitemporal_2026/bitemporal_go_API_v05/graph/generated.go:3728.2,3728.15 1 0
github.com/MarkWestbroek/Bitemporal_2026/bitemporal_go_API_v05/graph/generated.go:3728.15,3729.31 1 0
github.com/MarkWestbroek/Bitemporal_2026/bitemporal_go_API_v05/graph/generated.go:3729.31,3732.4 2 0
github.com/MarkWestbroek/Bitemporal_2026/bitemporal_go_API_v05/graph/generated.go:3734.2,3735.104 2 0
github.com/MarkWestbroek/Bitemporal_2026/bitemporal_go_API_v05/graph/generated.go:3735.104,3738.3 2 0
github.com/MarkWestbroek/Bitemporal_2026/bitemporal_go_API_v05/graph/generated.go:3739.2,3739.16 1 0
github.com/MarkWestbroek/Bitemporal_2026/bitemporal_go_API_v05/graph/generated.go:3742.126,3748.42 1 0
github.com/MarkWestbroek/Bitemporal_2026/bitemporal_go_API_v05/graph/generated.go:3748.42,3751.4 2 0
github.com/MarkWestbroek/Bitemporal_2026/bitemporal_go_API_v05/graph/generated.go:3759.152,3765.97 1 0
github.com/MarkWestbroek/Bitemporal_2026/bitemporal_go_API_v05/graph/generated.go:3765.97,3766.22 1 0
github.com/MarkWestbroek/Bitemporal_2026/bitemporal_go_API_v05/graph/generated.go:3767.17,3768.59 1 0
github.com/MarkWestbroek/Bitemporal_2026/bitemporal_go_API_v05/graph/generated.go:3769.15,3770.57 1 0
github.com/MarkWestbroek/Bitemporal_2026/bitemporal_go_API_v05/graph/generated.go:3771.15,3772.57 1 0
github.com/MarkWestbroek/Bitemporal_2026/bitemporal_go_API_v05/graph/generated.go:3773.15,3774.57 1 0
github.com/MarkWestbroek/Bitemporal_2026/bitemporal_go_API_v05/graph/generated.go:3776.4,3776.94 1 0
github.com/MarkWestbroek/Bitemporal_2026/bitemporal_go_API_v05/graph/generated.go:3779.2,3779.15 1 0
github.com/MarkWestbroek/Bitemporal_2026/bitemporal_go_API_v05/graph/generated.go:3779.15,3780.31 1 0
github.com/MarkWestbroek/Bitemporal_2026/bitemporal_go_API_v05/graph/generated.go:3780.31,3783.4 2 0
github.com/MarkWestbroek/Bitemporal_2026/bitemporal_go_API_v05/graph/generated.go:3785.2,3786.105 2 0
github.com/MarkWestbroek/Bitemporal_2026/bitemporal_go_API_v05/graph/generated.go:3786.105,3789.3 2 0
github.com/MarkWestbroek/Bitemporal_2026/bitemporal_go_API_v05/graph/generated.go:3790.2,3790.16 1 0
github.com/MarkWestbroek/Bitemporal_2026/bitemporal_go_API_v05/graph/generated.go:3793.125,3799.42 1 0
github.com/MarkWestbroek/Bitemporal_2026/bitemporal_go_API_v05/graph/generated.go:3799.42,3802.4 2 0
github.com/MarkWestbroek/Bitemporal_2026/bitemporal_go_API_v05/graph/generated.go:3810.151,3816.97 1 0
github.com/MarkWestbroek/Bitemporal_2026/bitemporal_go_API_v05/graph/generated.go:3816.97,3817.22 1 0
github.com/MarkWestbroek/Bitemporal_2026/bitemporal_go_API_v05/graph/generated.go:3818.17,3819.59 1 0
github.com/MarkWestbroek/Bitemporal_2026/bitemporal_go_API_v05/graph/generated.go:3820.15,3821.57 1 0
github.com/MarkWestbroek/Bitemporal_2026/bitemporal_go_API_v05/graph/generated.go:3822.15,3823.57 1 0
github.com/MarkWestbroek/Bitemporal_2026/bitemporal_go_API_v05/graph/generated.go:3825.4,3825.94 1 0
github.com/MarkWestbroek/Bitemporal_2026/bitemporal_go_API_v05/graph/generated.go:3828.2,3828.15 1 0
github.com/MarkWestbroek/Bitemporal_2026/bitemporal_go_API_v05/graph/generated.go:3828.15,3829.31 1 0
github.com/MarkWestbroek/Bitemporal_2026/bitemporal_go_API_v05/graph/generated.go:3829.31,3832.4 2 0
github.com/MarkWestbroek/Bitemporal_2026/bitemporal_go_API_v05/graph/generated.go:3834.2,3835.104 2 0
github.com/MarkWestbroek/Bitemporal_2026/bitemporal_go_API_v05/graph/generated.go:3835.104,3838.3 2 0
github.com/MarkWestbroek/Bitemporal_2026/bitemporal_go_API_v05/graph/generated.go:3839.2,3839.16 1 0
github.com/MarkWestbroek/Bitemporal_2026/bitemporal_go_API_v05/graph/generated.go:3842.126,3848.42 1 0
github.com/MarkWestbroek/Bitemporal_2026/bitemporal_go_API_v05/graph/generated.go:3848.42,3851.4 2 0
github.com/MarkWestbroek/Bitemporal_2026/bitemporal_go_API_v05/graph/generated.go:3859.152,3865.97 1 0
github.com/MarkWestbroek/Bitemporal_2026/bitemporal_go_API_v05/graph/generated.go:3865.97,3866.22 1 0
github.com/MarkWestbroek/Bitemporal_2026/bitemporal_go_API_v05/graph/generated.go:3867.17,3868.59 1 0
github.com/MarkWestbroek/Bitemporal_2026/bitemporal_go_API_v05/graph/generated.go:3869.15,3870.57 1 0
github.com/MarkWestbroek/Bitemporal_2026/bitemporal_go_API_v05/graph/generated.go:3871.15,3872.57 1 0
github.com/MarkWestbroek/Bitemporal_2026/bitemporal_go_API_v05/graph/generated.go:3874.4,3874.94 1 0
github.com/MarkWestbroek/Bitemporal_2026/bitemporal_go_API_v05/graph/generated.go:3877.2,3877.15 1 0
github.com/MarkWestbroek/Bitemporal_2026/bitemporal_go_API_v05/graph/generated.go:3877.15,3878.31 1 0
github.com/MarkWestbroek/Bitemporal_2026/bitemporal_go_API_v05/graph/generated.go:3878.31,3881.4 2 0
github.com/MarkWestbroek/Bitemporal_2026/bitemporal_go_API_v05/graph/generated.go:3883.2,3884.105 2 0
github.com/MarkWestbroek/Bitemporal_2026/bitemporal_go_API_v05/graph/generated.go:3884.105,3887.3 2 0
github.com/MarkWestbroek/Bitemporal_2026/bitemporal_go_API_v05/graph/generated.go:3888.2,3888.16 1 0
github.com/MarkWestbroek/Bitemporal_2026/bitemporal_go_API_v05/graph/generated.go:3891.125,3897.42 1 0
github.com/MarkWestbroek/Bitemporal_2026/bitemporal_go_API_v05/graph/generated.go:3897.42,3900.4 2 0
github.com/MarkWestbroek/Bitemporal_2026/bitemporal_go_API_v05/graph/generated.go:3908.151,3914.97 1 0
github.com/MarkWestbroek/Bitemporal_2026/bitemporal_go_API_v05/graph/generated.go:3914.97,3915.22 1 0
github.com/MarkWestbroek/Bitemporal_2026/bitemporal_go_API_v05/graph/generated.go:3916.17,3917.59 1 0
github.com/MarkWestbroek/Bitemporal_2026/bitemporal_go_API_v05/graph/generated.go:3918.15,3919.57 1 0
github.com/MarkWestbroek/Bitemporal_2026/bitemporal_go_API_v05/graph/generated.go:3920.15,3921.57 1 0
github.com/MarkWestbroek/Bitemporal_2026/bitemporal_go_API_v05/graph/generated.go:3922.15,3923.57 1 0
github.com/MarkWestbroek/Bitemporal_2026/bitemporal_go_API_v05/graph/generated.go:3925.4,3925.94 1 0
github.com/MarkWestbroek/Bitemporal_2026/bitemporal_go_API_v05/graph/generated.go:3928.2,3928.15 1 0
github.com/MarkWestbroek/Bitemporal_2026/bitemporal_go_API_v05/graph/generated.go:3928.15,3929.31 1 0
github.com/MarkWestbroek/Bitemporal_2026/bitemporal_go_API_v05/graph/generated.go:3929.31,3932.4 2 0
github.com/MarkWestbroek/Bitemporal_2026/bitemporal_go_API_v05/graph/generated.go:3934.2,3935.104 2 0
github.com/MarkWestbroek/Bitemporal_2026/bitemporal_go_API_v05/graph/generated.go:3935.104,3938.3 2 0
github.com/MarkWestbroek/Bitemporal_2026/bitemporal_go_API_v05/graph/generated.go:3939.2,3939.16 1 0
github.com/MarkWestbroek/Bitemporal_2026/bitemporal_go_API_v05/graph/generated.go:3942.125,3948.42 1 0
github.com/MarkWestbroek/Bitemporal_2026/bitemporal_go_API_v05/graph/generated.go:3948.42,3951.4 2 0
github.com/MarkWestbroek/Bitemporal_2026/bitemporal_go_API_v05/graph/generated.go:3959.151,3965.97 1 0
github.com/MarkWestbroek/Bitemporal_2026/bitemporal_go_API_v05/graph/generated.go:3965.97,3966.22 1 0
github.com/MarkWestbroek/Bitemporal_2026/bitemporal_go_API_v05/graph/generated.go:3967.17,3968.59 1 0
github.com/MarkWestbroek/Bitemporal_2026/bitemporal_go_API_v05/graph/generated.go:3969.15,3970.57 1 0
github.com/MarkWestbroek/Bitemporal_2026/bitemporal_go_API_v05/graph/generated.go:3971.15,3972.57 1 0
github.com/MarkWestbroek/Bitemporal_2026/bitemporal_go_API_v05/graph/generated.go:3974.4,3974.94 1 0
github.com/MarkWestbroek/Bitemporal_2026/bitemporal_go_API_v05/graph/generated.go:3977.2,3977.15 1 0
github.com/MarkWestbroek/Bitemporal_2026/bitemporal_go_API_v05/graph/generated.go:3977.15,3978.31 1 0
github.com/MarkWestbroek/Bitemporal_2026/bitemporal_go_API_v05/graph/generated.go:3978.31,3981.4 2 0
github.com/MarkWestbroek/Bitemporal_2026/bitemporal_go_API_v05/graph/generated.go:3983.2,3984.104 2 0
github.com/MarkWestbroek/Bitemporal_2026/bitemporal_go_API_v05/graph/generated.go:3984.104,3987.3 2 0
github.com/MarkWestbroek/Bitemporal_2026/bitemporal_go_API_v05/graph/generated.go:3988.2,3988.16 1 0
github.com/MarkWestbroek/Bitemporal_2026/bitemporal_go_API_v05/graph/generated.go:3991.124,3997.42 1 0
github.com/MarkWestbroek/Bitemporal_2026/bitemporal_go_API_v05/graph/generated.go:3997.42,4000.4 2 0
github.com/MarkWestbroek/Bitemporal_2026/bitemporal_go_API_v05/graph/generated.go:4008.150,4014.97 1 0
github.com/MarkWestbroek/Bitemporal_2026/bitemporal_go_API_v05/graph/generated.go:4014.97,4015.22 1 0
github.com/MarkWestbroek/Bitemporal_2026/bitemporal_go_API_v05/graph/generated.go:4016.14,4017.55 1 0
github.com/MarkWestbroek/Bitemporal_2026/bitemporal_go_API_v05/graph/generated.go:4018.28,4019.69 1 0
github.com/MarkWestbroek/Bitemporal_2026/bitemporal_go_API_v05/graph/generated.go:4020.21,4021.62 1 0
github.com/MarkWestbroek/Bitemporal_2026/bitemporal_go_API_v05/graph/generated.go:4022.18,4023.59 1 0
github.com/MarkWestbroek/Bitemporal_2026/bitemporal_go_API_v05/graph/generated.go:4024.34,4025.75 1 0
github.com/MarkWestbroek/Bitemporal_2026/bitemporal_go_API_v05/graph/generated.go:4026.32,4027.73 1 0
github.com/MarkWestbroek/Bitemporal_2026/bitemporal_go_API_v05/graph/generated.go:4028.19,4029.60 1 0
github.com/MarkWestbroek/Bitemporal_2026/bitemporal_go_API_v05/graph/generated.go:4031.4,4031.93 1 0
github.com/MarkWestbroek/Bitemporal_2026/bitemporal_go_API_v05/graph/generated.go:4034.2,4034.15 1 0
github.com/MarkWestbroek/Bitemporal_2026/bitemporal_go_API_v05/graph/generated.go:4034.15,4035.31 1 0
github.com/MarkWestbroek/Bitemporal_2026/bitemporal_go_API_v05/graph/generated.go:4035.31,4038.4 2 0
github.com/MarkWestbroek/Bitemporal_2026/bitemporal_go_API_v05/graph/generated.go:4040.2,4041.103 2 0
github.com/MarkWestbroek/Bitemporal_2026/bitemporal_go_API_v05/graph/generated.go:4041.103,4044.3 2 0
github.com/MarkWestbroek/Bitemporal_2026/bitemporal_go_API_v05/graph/generated.go:4045.2,4045.16 1 0
github.com/MarkWestbroek/Bitemporal_2026/bitemporal_go_API_v05/graph/generated.go:4048.128,4054.42 1 0
github.com/MarkWestbroek/Bitemporal_2026/bitemporal_go_API_v05/graph/generated.go:4054.42,4057.4 2 0
github.com/MarkWestbroek/Bitemporal_2026/bitemporal_go_API_v05/graph/generated.go:4065.154,4071.97 1 0
github.com/MarkWestbroek/Bitemporal_2026/bitemporal_go_API_v05/graph/generated.go:4071.97,4072.22 1 0
github.com/MarkWestbroek/Bitemporal_2026/bitemporal_go_API_v05/graph/generated.go:4073.14,4074.55 1 0
github.com/MarkWestbroek/Bitemporal_2026/bitemporal_go_API_v05/graph/generated.go:4075.28,4076.69 1 0
github.com/MarkWestbroek/Bitemporal_2026/bitemporal_go_API_v05/graph/generated.go:4077.21,4078.62 1 0
github.com/MarkWestbroek/Bitemporal_2026/bitemporal_go_API_v05/graph/generated.go:4079.18,4080.59 1 0
github.com/MarkWestbroek/Bitemporal_2026/bitemporal_go_API_v05/graph/generated.go:4081.34,4082.75 1 0
github.com/MarkWestbroek/Bitemporal_2026/bitemporal_go_API_v05/graph/generated.go:4083.32,4084.73 1 0
github.com/MarkWestbroek/Bitemporal_2026/bitemporal_go_API_v05/graph/generated.go:4085.19,4086.60 1 0
github.com/MarkWestbroek/Bitemporal_2026/bitemporal_go_API_v05/graph/generated.go:4088.4,4088.93 1 0
github.com/MarkWestbroek/Bitemporal_2026/bitemporal_go_API_v05/graph/generated.go:4091.2,4091.15 1 0
github.com/MarkWestbroek/Bitemporal_2026/bitemporal_go_API_v05/graph/generated.go:4091.15,4092.31 1 0
github.com/MarkWestbroek/Bitemporal_2026/bitemporal_go_API_v05/graph/generated.go:4092.31,4095.4 2 0
github.com/MarkWestbroek/Bitemporal_2026/bitemporal_go_API_v05/graph/generated.go:4097.2,4098.107 2 0
github.com/MarkWestbroek/Bitemporal_2026/bitemporal_go_API_v05/graph/generated.go:4098.107,4101.3 2 0
github.com/MarkWestbroek/Bitemporal_2026/bitemporal_go_API_v05/graph/generated.go:4102.2,4102.16 1 0
github.com/MarkWestbroek/Bitemporal_2026/bitemporal_go_API_v05/graph/generated.go:4105.118,4111.42 1 0
github.com/MarkWestbroek/Bitemporal_2026/bitemporal_go_API_v05/graph/generated.go:4111.42,4114.4 2 0
github.com/MarkWestbroek/Bitemporal_2026/bitemporal_go_API_v05/graph/generated.go:4122.144,4128.97 1 0
github.com/MarkWestbroek/Bitemporal_2026/bitemporal_go_API_v05/graph/generated.go:4128.97,4129.22 1 0
github.com/MarkWestbroek/Bitemporal_2026/bitemporal_go_API_v05/graph/generated.go:4130.14,4131.49 1 0
github.com/MarkWestbroek/Bitemporal_2026/bitemporal_go_API_v05/graph/generated.go:4132.22,4133.57 1 0
github.com/MarkWestbroek/Bitemporal_2026/bitemporal_go_API_v05/graph/generated.go:4134.26,4135.61 1 0
github.com/MarkWestbroek/Bitemporal_2026/bitemporal_go_API_v05/graph/generated.go:4136.30,4137.65 1 0
github.com/MarkWestbroek/Bitemporal_2026/bitemporal_go_API_v05/graph/generated.go:4138.28,4139.63 1 0
github.com/MarkWestbroek/Bitemporal_2026/bitemporal_go_API_v05/graph/generated.go:4140.21,4141.56 1 0
github.com/MarkWestbroek/Bitemporal_2026/bitemporal_go_API_v05/graph/generated.go:4142.24,4143.59 1 0
github.com/MarkWestbroek/Bitemporal_2026/bitemporal_go_API_v05/graph/generated.go:4145.4,4145.87 1 0
github.com/MarkWestbroek/Bitemporal_2026/bitemporal_go_API_v05/graph/generated.go:4148.2,4148.15 1 0
github.com/MarkWestbroek/Bitemporal_2026/bitemporal_go_API_v05/graph/generated.go:4148.15,4149.31 1 0
github.com/MarkWestbroek/Bitemporal_2026/bitemporal_go_API_v05/graph/generated.go:4149.31,4152.4 2 0
github.com/MarkWestbroek/Bitemporal_2026/bitemporal_go_API_v05/graph/generated.go:4154.2,4155.97 2 0
github.com/MarkWestbroek/Bitemporal_2026/bitemporal_go_API_v05/graph/generated.go:4155.97,4158.3 2 0
github.com/MarkWestbroek/Bitemporal_2026/bitemporal_go_API_v05/graph/generated.go:4159.2,4159.16 1 0
github.com/MarkWestbroek/Bitemporal_2026/bitemporal_go_API_v05/graph/generated.go:4162.122,4168.42 1 0
github.com/MarkWestbroek/Bitemporal_2026/bitemporal_go_API_v05/graph/generated.go:4168.42,4171.4 2 0
github.com/MarkWestbroek/Bitemporal_2026/bitemporal_go_API_v05/graph/generated.go:4179.148,4185.97 1 0
github.com/MarkWestbroek/Bitemporal_2026/bitemporal_go_API_v05/graph/generated.go:4185.97,4186.22 1 0
github.com/MarkWestbroek/Bitemporal_2026/bitemporal_go_API_v05/graph/generated.go:4187.14,4188.49 1 0
github.com/MarkWestbroek/Bitemporal_2026/bitemporal_go_API_v05/graph/generated.go:4189.22,4190.57 1 0
github.com/MarkWestbroek/Bitemporal_2026/bitemporal_go_API_v05/graph/generated.go:4191.26,4192.61 1 0
github.com/MarkWestbroek/Bitemporal_2026/bitemporal_go_API_v05/graph/generated.go:4193.30,4194.65 1 0
github.com/MarkWestbroek/Bitemporal_2026/bitemporal_go_API_v05/graph/generated.go:4195.28,4196.63 1 0
github.com/MarkWestbroek/Bitemporal_2026/bitemporal_go_API_v05/graph/generated.go:4197.21,4198.56 1 0
github.com/MarkWestbroek/Bitemporal_2026/bitemporal_go_API_v05/graph/generated.go:4199.24,4200.59 1 0
github.com/MarkWestbroek/Bitemporal_2026/bitemporal_go_API_v05/graph/generated.go:4202.4,4202.87 1 0
github.com/MarkWestbroek/Bitemporal_2026/bitemporal_go_API_v05/graph/generated.go:4205.2,4205.15 1 0
github.com/MarkWestbroek/Bitemporal_2026/bitemporal_go_API_v05/graph/generated.go:4205.15,4206.31 1 0
github.com/MarkWestbroek/Bitemporal_2026/bitemporal_go_API_v05/graph/generated.go:4206.31,4209.4 2 0
github.com/MarkWestbroek/Bitemporal_2026/bitemporal_go_API_v05/graph/generated.go:4211.2,4212.101 2 0
github.com/MarkWestbroek/Bitemporal_2026/bitemporal_go_API_v05/graph/generated.go:4212.101,4215.3 2 0
github.com/MarkWestbroek/Bitemporal_2026/bitemporal_go_API_v05/graph/generated.go:4216.2,4216.16 1 0
github.com/MarkWestbroek/Bitemporal_2026/bitemporal_go_API_v05/graph/generated.go:4219.116,4225.42 1 0
github.com/MarkWestbroek/Bitemporal_2026/bitemporal_go_API_v05/graph/generated.go:4225.42,4228.4 2 0
github.com/MarkWestbroek/Bitemporal_2026/bitemporal_go_API_v05/graph/generated.go:4236.142,4242.97 1 0
github.com/MarkWestbroek/Bitemporal_2026/bitemporal_go_API_v05/graph/generated.go:4242.97,4243.22 1 0
github.com/MarkWestbroek/Bitemporal_2026/bitemporal_go_API_v05/graph/generated.go:4244.14,4245.47 1 0
github.com/MarkWestbroek/Bitemporal_2026/bitemporal_go_API_v05/graph/generated.go:4246.17,4247.50 1 0
github.com/MarkWestbroek/Bitemporal_2026/bitemporal_go_API_v05/graph/generated.go:4248.23,4249.56 1 0
github.com/MarkWestbroek/Bitemporal_2026/bitemporal_go_API_v05/graph/generated.go:4250.19,4251.52 1 0
github.com/MarkWestbroek/Bitemporal_2026/bitemporal_go_API_v05/graph/generated.go:4252.18,4253.51 1 0
github.com/MarkWestbroek/Bitemporal_2026/bitemporal_go_API_v05/graph/generated.go:4255.4,4255.85 1 0
github.com/MarkWestbroek/Bitemporal_2026/bitemporal_go_API_v05/graph/generated.go:4258.2,4258.15 1 0
github.com/MarkWestbroek/Bitemporal_2026/bitemporal_go_API_v05/graph/generated.go:4258.15,4259.31 1 0
github.com/MarkWestbroek/Bitemporal_2026/bitemporal_go_API_v05/graph/generated.go:4259.31,4262.4 2 0
github.com/MarkWestbroek/Bitemporal_2026/bitemporal_go_API_v05/graph/generated.go:4264.2,4265.95 2 0
github.com/MarkWestbroek/Bitemporal_2026/bitemporal_go_API_v05/graph/generated.go:4265.95,4268.3 2 0
github.com/MarkWestbroek/Bitemporal_2026/bitemporal_go_API_v05/graph/generated.go:4269.2,4269.16 1 0
github.com/MarkWestbroek/Bitemporal_2026/bitemporal_go_API_v05/graph/generated.go:4272.120,4278.42 1 0
github.com/MarkWestbroek/Bitemporal_2026/bitemporal_go_API_v05/graph/generated.go:4278.42,4281.4 2 0
github.com/MarkWestbroek/Bitemporal_2026/bitemporal_go_API_v05/graph/generated.go:4289.146,4295.97 1 0
github.com/MarkWestbroek/Bitemporal_2026/bitemporal_go_API_v05/graph/generated.go:4295.97,4296.22 1 0
github.com/MarkWestbroek/Bitemporal_2026/bitemporal_go_API_v05/graph/generated.go:4297.14,4298.47 1 0
github.com/MarkWestbroek/Bitemporal_2026/bitemporal_go_API_v05/graph/generated.go:4299.17,4300.50 1 0
github.com/MarkWestbroek/Bitemporal_2026/bitemporal_go_API_v05/graph/generated.go:4301.23,4302.56 1 0
github.com/MarkWestbroek/Bitemporal_2026/bitemporal_go_API_v05/graph/generated.go:4303.19,4304.52 1 0
github.com/MarkWestbroek/Bitemporal_2026/bitemporal_go_API_v05/graph/generated.go:4305.18,4306.51 1 0
github.com/MarkWestbroek/Bitemporal_2026/bitemporal_go_API_v05/graph/generated.go:4308.4,4308.85 1 0
github.com/MarkWestbroek/Bitemporal_2026/bitemporal_go_API_v05/graph/generated.go:4311.2,4311.15 1 0
github.com/MarkWestbroek/Bitemporal_2026/bitemporal_go_API_v05/graph/generated.go:4311.15,4312.31 1 0
github.com/MarkWestbroek/Bitemporal_2026/bitemporal_go_API_v05/graph/generated.go:4312.31,4315.4 2 0
github.com/MarkWestbroek/Bitemporal_2026/bitemporal_go_API_v05/graph/generated.go:4317.2,4318.99 2 0
github.com/MarkWestbroek/Bitemporal_2026/bitemporal_go_API_v05/graph/generated.go:4318.99,4321.3 2 0
github.com/MarkWestbroek/Bitemporal_2026/bitemporal_go_API_v05/graph/generated.go:4322.2,4322.16 1 0
github.com/MarkWestbroek/Bitemporal_2026/bitemporal_go_API_v05/graph/generated.go:4325.118,4331.42 1 0
github.com/MarkWestbroek/Bitemporal_2026/bitemporal_go_API_v05/graph/generated.go:4331.42,4334.4 2 0
github.com/MarkWestbroek/Bitemporal_2026/bitemporal_go_API_v05/graph/generated.go:4342.144,4348.97 1 0
github.com/MarkWestbroek/Bitemporal_2026/bitemporal_go_API_v05/graph/generated.go:4348.97,4349.22 1 0
github.com/MarkWestbroek/Bitemporal_2026/bitemporal_go_API_v05/graph/generated.go:4350.16,4351.51 1 0
github.com/MarkWestbroek/Bitemporal_2026/bitemporal_go_API_v05/graph/generated.go:4352.16,4353.51 1 0
github.com/MarkWestbroek/Bitemporal_2026/bitemporal_go_API_v05/graph/generated.go:4354.23,4355.58 1 0
github.com/MarkWestbroek/Bitemporal_2026/bitemporal_go_API_v05/graph/generated.go:4356.26,4357.61 1 0
github.com/MarkWestbroek/Bitemporal_2026/bitemporal_go_API_v05/graph/generated.go:4358.18,4359.53 1 0
github.com/MarkWestbroek/Bitemporal_2026/bitemporal_go_API_v05/graph/generated.go:4360.22,4361.57 1 0
github.com/MarkWestbroek/Bitemporal_2026/bitemporal_go_API_v05/graph/generated.go:4362.25,4363.60 1 0
github.com/MarkWestbroek/Bitemporal_2026/bitemporal_go_API_v05/graph/generated.go:4364.22,4365.57 1 0
github.com/MarkWestbroek/Bitemporal_2026/bitemporal_go_API_v05/graph/generated.go:4366.23,4367.58 1 0
github.com/MarkWestbroek/Bitemporal_2026/bitemporal_go_API_v05/graph/generated.go:4368.18,4369.53 1 0
github.com/MarkWestbroek/Bitemporal_2026/bitemporal_go_API_v05/graph/generated.go:4370.19,4371.54 1 0
github.com/MarkWestbroek/Bitemporal_2026/bitemporal_go_API_v05/graph/generated.go:4373.4,4373.87 1 0
github.com/MarkWestbroek/Bitemporal_2026/bitemporal_go_API_v05/graph/generated.go:4376.2,4376.15 1 0
github.com/MarkWestbroek/Bitemporal_2026/bitemporal_go_API_v05/graph/generated.go:4376.15,4377.31 1 0
github.com/MarkWestbroek/Bitemporal_2026/bitemporal_go_API_v05/graph/generated.go:4377.31,4380.4 2 0
github.com/MarkWestbroek/Bitemporal_2026/bitemporal_go_API_v05/graph/generated.go:4382.2,4383.97 2 0
github.com/MarkWestbroek/Bitemporal_2026/bitemporal_go_API_v05/graph/generated.go:4383.97,4386.3 2 0
github.com/MarkWestbroek/Bitemporal_2026/bitemporal_go_API_v05/graph/generated.go:4387.2,4387.16 1 0
github.com/MarkWestbroek/Bitemporal_2026/bitemporal_go_API_v05/graph/generated.go:4390.120,4396.42 1 0
github.com/MarkWestbroek/Bitemporal_2026/bitemporal_go_API_v05/graph/generated.go:4396.42,4398.4 1 0
github.com/MarkWestbroek/Bitemporal_2026/bitemporal_go_API_v05/graph/generated.go:4406.144,4412.97 1 0
github.com/MarkWestbroek/Bitemporal_2026/bitemporal_go_API_v05/graph/generated.go:4412.97,4413.22 1 0
github.com/MarkWestbroek/Bitemporal_2026/bitemporal_go_API_v05/graph/generated.go:4414.23,4415.60 1 0
github.com/MarkWestbroek/Bitemporal_2026/bitemporal_go_API_v05/graph/generated.go:4416.17,4417.54 1 0
github.com/MarkWestbroek/Bitemporal_2026/bitemporal_go_API_v05/graph/generated.go:4418.21,4419.58 1 0
github.com/MarkWestbroek/Bitemporal_2026/bitemporal_go_API_v05/graph/generated.go:4420.24,4421.61 1 0
github.com/MarkWestbroek/Bitemporal_2026/bitemporal_go_API_v05/graph/generated.go:4422.28,4423.65 1 0
github.com/MarkWestbroek/Bitemporal_2026/bitemporal_go_API_v05/graph/generated.go:4424.22,4425.59 1 0
github.com/MarkWestbroek/Bitemporal_2026/bitemporal_go_API_v05/graph/generated.go:4427.4,4427.89 1 0
github.com/MarkWestbroek/Bitemporal_2026/bitemporal_go_API_v05/graph/generated.go:4430.2,4430.16 1 0
github.com/MarkWestbroek/Bitemporal_2026/bitemporal_go_API_v05/graph/generated.go:4433.146,4439.42 1 0
github.com/MarkWestbroek/Bitemporal_2026/bitemporal_go_API_v05/graph/generated.go:4439.42,4441.4 1 0
github.com/MarkWestbroek/Bitemporal_2026/bitemporal_go_API_v05/graph/generated.go:4449.145,4455.97 1 0
github.com/MarkWestbroek/Bitemporal_2026/bitemporal_go_API_v05/graph/generated.go:4455.97,4457.4 1 0
github.com/MarkWestbroek/Bitemporal_2026/bitemporal_go_API_v05/graph/generated.go:4459.2,4459.16 1 0
github.com/MarkWestbroek/Bitemporal_2026/bitemporal_go_API_v05/graph/generated.go:4462.160,4468.42 1 0
github.com/MarkWestbroek/Bitemporal_2026/bitemporal_go_API_v05/graph/generated.go:4468.42,4470.4 1 0
github.com/MarkWestbroek/Bitemporal_2026/bitemporal_go_API_v05/graph/generated.go:4478.159,4484.97 1 0
github.com/MarkWestbroek/Bitemporal_2026/bitemporal_go_API_v05/graph/generated.go:4484.97,4486.4 1 0
github.com/MarkWestbroek/Bitemporal_2026/bitemporal_go_API_v05/graph/generated.go:4488.2,4488.16 1 0
github.com/MarkWestbroek/Bitemporal_2026/bitemporal_go_API_v05/graph/generated.go:4491.153,4497.42 1 0
github.com/MarkWestbroek/Bitemporal_2026/bitemporal_go_API_v05/graph/generated.go:4497.42,4499.4 1 0
github.com/MarkWestbroek/Bitemporal_2026/bitemporal_go_API_v05/graph/generated.go:4507.152,4513.97 1 0
github.com/MarkWestbroek/Bitemporal_2026/bitemporal_go_API_v05/graph/generated.go:4513.97,4515.4 1 0
github.com/MarkWestbroek/Bitemporal_2026/bitemporal_go_API_v05/graph/generated.go:4517.2,4517.16 1 0
github.com/MarkWestbroek/Bitemporal_2026/bitemporal_go_API_v05/graph/generated.go:4520.150,4526.42 1 0
github.com/MarkWestbroek/Bitemporal_2026/bitemporal_go_API_v05/graph/generated.go:4526.42,4528.4 1 0
github.com/MarkWestbroek/Bitemporal_2026/bitemporal_go_API_v05/graph/generated.go:4536.149,4542.97 1 0
github.com/MarkWestbroek/Bitemporal_2026/bitemporal_go_API_v05/graph/generated.go:4542.97,4544.4 1 0
github.com/MarkWestbroek/Bitemporal_2026/bitemporal_go_API_v05/graph/generated.go:4546.2,4546.16 1 0
github.com/MarkWestbroek/Bitemporal_2026/bitemporal_go_API_v05/graph/generated.go:4549.166,4555.42 1 0
github.com/MarkWestbroek/Bitemporal_2026/bitemporal_go_API_v05/graph/generated.go:4555.42,4557.4 1 0
github.com/MarkWestbroek/Bitemporal_2026/bitemporal_go_API_v05/graph/generated.go:4565.165,4571.97 1 0
github.com/MarkWestbroek/Bitemporal_2026/bitemporal_go_API_v05/graph/generated.go:4571.97,4573.4 1 0
github.com/MarkWestbroek/Bitemporal_2026/bitemporal_go_API_v05/graph/generated.go:4575.2,4575.16 1 0
github.com/MarkWestbroek/Bitemporal_2026/bitemporal_go_API_v05/graph/generated.go:4578.164,4584.42 1 0
github.com/MarkWestbroek/Bitemporal_2026/bitemporal_go_API_v05/graph/generated.go:4584.42,4586.4 1 0
github.com/MarkWestbroek/Bitemporal_2026/bitemporal_go_API_v05/graph/generated.go:4594.163,4600.97 1 0
github.com/MarkWestbroek/Bitemporal_2026/bitemporal_go_API_v05/graph/generated.go:4600.97,4602.4 1 0
github.com/MarkWestbroek/Bitemporal_2026/bitemporal_go_API_v05/graph/generated.go:4604.2,4604.16 1 0
github.com/MarkWestbroek/Bitemporal_2026/bitemporal_go_API_v05/graph/generated.go:4607.151,4613.42 1 0
github.com/MarkWestbroek/Bitemporal_2026/bitemporal_go_API_v05/graph/generated.go:4613.42,4615.4 1 0
github.com/MarkWestbroek/Bitemporal_2026/bitemporal_go_API_v05/graph/generated.go:4623.150,4629.97 1 0
github.com/MarkWestbroek/Bitemporal_2026/bitemporal_go_API_v05/graph/generated.go:4629.97,4630.22 1 0
github.com/MarkWestbroek/Bitemporal_2026/bitemporal_go_API_v05/graph/generated.go:4631.14,4632.49 1 0
github.com/MarkWestbroek/Bitemporal_2026/bitemporal_go_API_v05/graph/generated.go:4633.22,4634.57 1 0
github.com/MarkWestbroek/Bitemporal_2026/bitemporal_go_API_v05/graph/generated.go:4635.26,4636.61 1 0
github.com/MarkWestbroek/Bitemporal_2026/bitemporal_go_API_v05/graph/generated.go:4637.30,4638.65 1 0
github.com/MarkWestbroek/Bitemporal_2026/bitemporal_go_API_v05/graph/generated.go:4639.28,4640.63 1 0
github.com/MarkWestbroek/Bitemporal_2026/bitemporal_go_API_v05/graph/generated.go:4641.21,4642.56 1 0
github.com/MarkWestbroek/Bitemporal_2026/bitemporal_go_API_v05/graph/generated.go:4643.24,4644.59 1 0
github.com/MarkWestbroek/Bitemporal_2026/bitemporal_go_API_v05/graph/generated.go:4646.4,4646.87 1 0
github.com/MarkWestbroek/Bitemporal_2026/bitemporal_go_API_v05/graph/generated.go:4649.2,4649.16 1 0
github.com/MarkWestbroek/Bitemporal_2026/bitemporal_go_API_v05/graph/generated.go:4652.142,4658.42 1 0
github.com/MarkWestbroek/Bitemporal_2026/bitemporal_go_API_v05/graph/generated.go:4658.42,4660.4 1 0
github.com/MarkWestbroek/Bitemporal_2026/bitemporal_go_API_v05/graph/generated.go:4668.143,4674.97 1 0
github.com/MarkWestbroek/Bitemporal_2026/bitemporal_go_API_v05/graph/generated.go:4674.97,4676.4 1 0
github.com/MarkWestbroek/Bitemporal_2026/bitemporal_go_API_v05/graph/generated.go:4678.2,4678.16 1 0
github.com/MarkWestbroek/Bitemporal_2026/bitemporal_go_API_v05/graph/generated.go:4681.143,4687.42 1 0
github.com/MarkWestbroek/Bitemporal_2026/bitemporal_go_API_v05/graph/generated.go:4687.42,4689.4 1 0
github.com/MarkWestbroek/Bitemporal_2026/bitemporal_go_API_v05/graph/generated.go:4697.144,4703.97 1 0
github.com/MarkWestbroek/Bitemporal_2026/bitemporal_go_API_v05/graph/generated.go:4703.97,4705.4 1 0
github.com/MarkWestbroek/Bitemporal_2026/bitemporal_go_API_v05/graph/generated.go:4707.2,4707.16 1 0
github.com/MarkWestbroek/Bitemporal_2026/bitemporal_go_API_v05/graph/generated.go:4710.143,4716.42 1 0
github.com/MarkWestbroek/Bitemporal_2026/bitemporal_go_API_v05/graph/generated.go:4716.42,4718.4 1 0
github.com/MarkWestbroek/Bitemporal_2026/bitemporal_go_API_v05/graph/generated.go:4726.144,4732.97 1 0
github.com/MarkWestbroek/Bitemporal_2026/bitemporal_go_API_v05/graph/generated.go:4732.97,4734.4 1 0
github.com/MarkWestbroek/Bitemporal_2026/bitemporal_go_API_v05/graph/generated.go:4736.2,4736.16 1 0
github.com/MarkWestbroek/Bitemporal_2026/bitemporal_go_API_v05/graph/generated.go:4739.147,4745.42 1 0
github.com/MarkWestbroek/Bitemporal_2026/bitemporal_go_API_v05/graph/generated.go:4745.42,4747.4 1 0
github.com/MarkWestbroek/Bitemporal_2026/bitemporal_go_API_v05/graph/generated.go:4755.148,4761.97 1 0
github.com/MarkWestbroek/Bitemporal_2026/bitemporal_go_API_v05/graph/generated.go:4761.97,4762.22 1 0
github.com/MarkWestbroek/Bitemporal_2026/bitemporal_go_API_v05/graph/generated.go:4763.14,4764.50 1 0
github.com/MarkWestbroek/Bitemporal_2026/bitemporal_go_API_v05/graph/generated.go:4765.18,4766.54 1 0
github.com/MarkWestbroek/Bitemporal_2026/bitemporal_go_API_v05/graph/generated.go:4767.18,4768.54 1 0
github.com/MarkWestbroek/Bitemporal_2026/bitemporal_go_API_v05/graph/generated.go:4769.25,4770.61 1 0
github.com/MarkWestbroek/Bitemporal_2026/bitemporal_go_API_v05/graph/generated.go:4771.26,4772.62 1 0
github.com/MarkWestbroek/Bitemporal_2026/bitemporal_go_API_v05/graph/generated.go:4773.21,4774.57 1 0
github.com/MarkWestbroek/Bitemporal_2026/bitemporal_go_API_v05/graph/generated.go:4776.4,4776.88 1 0
github.com/MarkWestbroek/Bitemporal_2026/bitemporal_go_API_v05/graph/generated.go:4779.2,4779.16 1 0
github.com/MarkWestbroek/Bitemporal_2026/bitemporal_go_API_v05/graph/generated.go:4782.147,4788.42 1 0
github.com/MarkWestbroek/Bitemporal_2026/bitemporal_go_API_v05/graph/generated.go:4788.42,4790.4 1 0
github.com/MarkWestbroek/Bitemporal_2026/bitemporal_go_API_v05/graph/generated.go:4798.148,4804.97 1 0
github.com/MarkWestbroek/Bitemporal_2026/bitemporal_go_API_v05/graph/generated.go:4804.97,4805.22 1 0
github.com/MarkWestbroek/Bitemporal_2026/bitemporal_go_API_v05/graph/generated.go:4806.14,4807.50 1 0
github.com/MarkWestbroek/Bitemporal_2026/bitemporal_go_API_v05/graph/generated.go:4808.18,4809.54 1 0
github.com/MarkWestbroek/Bitemporal_2026/bitemporal_go_API_v05/graph/generated.go:4810.18,4811.54 1 0
github.com/MarkWestbroek/Bitemporal_2026/bitemporal_go_API_v05/graph/generated.go:4812.25,4813.61 1 0
github.com/MarkWestbroek/Bitemporal_2026/bitemporal_go_API_v05/graph/generated.go:4814.25,4815.61 1 0
github.com/MarkWestbroek/Bitemporal_2026/bitemporal_go_API_v05/graph/generated.go:4816.21,4817.57 1 0
github.com/MarkWestbroek/Bitemporal_2026/bitemporal_go_API_v05/graph/generated.go:4819.4,4819.88 1 0
github.com/MarkWestbroek/Bitemporal_2026/bitemporal_go_API_v05/graph/generated.go:4822.2,4822.16 1 0
github.com/MarkWestbroek/Bitemporal_2026/bitemporal_go_API_v05/graph/generated.go:4825.130,4831.42 1 0
github.com/MarkWestbroek/Bitemporal_2026/bitemporal_go_API_v05/graph/generated.go:4831.42,4833.4 1 0
github.com/MarkWestbroek/Bitemporal_2026/bitemporal_go_API_v05/graph/generated.go:4841.137,4847.97 1 0
github.com/MarkWestbroek/Bitemporal_2026/bitemporal_go_API_v05/graph/generated.go:4847.97,4849.4 1 0
github.com/MarkWestbroek/Bitemporal_2026/bitemporal_go_API_v05/graph/generated.go:4851.2,4851.16 1 0
github.com/MarkWestbroek/Bitemporal_2026/bitemporal_go_API_v05/graph/generated.go:4854.133,4860.42 1 0
github.com/MarkWestbroek/Bitemporal_2026/bitemporal_go_API_v05/graph/generated.go:4860.42,4862.4 1 0
github.com/MarkWestbroek/Bitemporal_2026/bitemporal_go_API_v05/graph/generated.go:4870.140,4876.97 1 0
github.com/MarkWestbroek/Bitemporal_2026/bitemporal_go_API_v05/graph/generated.go:4876.97,4878.4 1 0
github.com/MarkWestbroek/Bitemporal_2026/bitemporal_go_API_v05/graph/generated.go:4880.2,4880.16 1 0
github.com/MarkWestbroek/Bitemporal_2026/bitemporal_go_API_v05/graph/generated.go:4883.139,4889.42 1 0
github.com/MarkWestbroek/Bitemporal_2026/bitemporal_go_API_v05/graph/generated.go:4889.42,4891.4 1 0
github.com/MarkWestbroek/Bitemporal_2026/bitemporal_go_API_v05/graph/generated.go:4899.146,4905.97 1 0
github.com/MarkWestbroek/Bitemporal_2026/bitemporal_go_API_v05/graph/generated.go:4905.97,4907.4 1 0
github.com/MarkWestbroek/Bitemporal_2026/bitemporal_go_API_v05/graph/generated.go:4909.2,4909.16 1 0
github.com/MarkWestbroek/Bitemporal_2026/bitemporal_go_API_v05/graph/generated.go:4912.135,4918.42 1 0
github.com/MarkWestbroek/Bitemporal_2026/bitemporal_go_API_v05/graph/generated.go:4918.42,4920.4 1 0
github.com/MarkWestbroek/Bitemporal_2026/bitemporal_go_API_v05/graph/generated.go:4928.142,4934.97 1 0
github.com/MarkWestbroek/Bitemporal_2026/bitemporal_go_API_v05/graph/generated.go:4934.97,4936.4 1 0
github.com/MarkWestbroek/Bitemporal_2026/bitemporal_go_API_v05/graph/generated.go:4938.2,4938.16 1 0
github.com/MarkWestbroek/Bitemporal_2026/bitemporal_go_API_v05/graph/generated.go:4941.134,4947.42 1 0
github.com/MarkWestbroek/Bitemporal_2026/bitemporal_go_API_v05/graph/generated.go:4947.42,4949.4 1 0
github.com/MarkWestbroek/Bitemporal_2026/bitemporal_go_API_v05/graph/generated.go:4957.141,4963.97 1 0
github.com/MarkWestbroek/Bitemporal_2026/bitemporal_go_API_v05/graph/generated.go:4963.97,4965.4 1 0
github.com/MarkWestbroek/Bitemporal_2026/bitemporal_go_API_v05/graph/generated.go:4967.2,4967.16 1 0
github.com/MarkWestbroek/Bitemporal_2026/bitemporal_go_API_v05/graph/generated.go:4970.152,4976.42 1 0
github.com/MarkWestbroek/Bitemporal_2026/bitemporal_go_API_v05/graph/generated.go:4976.42,4978.4 1 0
github.com/MarkWestbroek/Bitemporal_2026/bitemporal_go_API_v05/graph/generated.go:4986.146,4992.97 1 0
github.com/MarkWestbroek/Bitemporal_2026/bitemporal_go_API_v05/graph/generated.go:4992.97,4994.4 1 0
github.com/MarkWestbroek/Bitemporal_2026/bitemporal_go_API_v05/graph/generated.go:4996.2,4996.16 1 0
github.com/MarkWestbroek/Bitemporal_2026/bitemporal_go_API_v05/graph/generated.go:4999.159,5005.42 1 0
github.com/MarkWestbroek/Bitemporal_2026/bitemporal_go_API_v05/graph/generated.go:5005.42,5007.4 1 0
github.com/MarkWestbroek/Bitemporal_2026/bitemporal_go_API_v05/graph/generated.go:5015.153,5021.97 1 0
github.com/MarkWestbroek/Bitemporal_2026/bitemporal_go_API_v05/graph/generated.go:5021.97,5023.4 1 0
github.com/MarkWestbroek/Bitemporal_2026/bitemporal_go_API_v05/graph/generated.go:5025.2,5025.16 1 0
github.com/MarkWestbroek/Bitemporal_2026/bitemporal_go_API_v05/graph/generated.go:5028.160,5034.42 1 0
github.com/MarkWestbroek/Bitemporal_2026/bitemporal_go_API_v05/graph/generated.go:5034.42,5036.4 1 0
github.com/MarkWestbroek/Bitemporal_2026/bitemporal_go_API_v05/graph/generated.go:5044.154,5050.97 1 0
github.com/MarkWestbroek/Bitemporal_2026/bitemporal_go_API_v05/graph/generated.go:5050.97,5052.4 1 0
github.com/MarkWestbroek/Bitemporal_2026/bitemporal_go_API_v05/graph/generated.go:5054.2,5054.16 1 0
github.com/MarkWestbroek/Bitemporal_2026/bitemporal_go_API_v05/graph/generated.go:5057.157,5063.42 1 0
github.com/MarkWestbroek/Bitemporal_2026/bitemporal_go_API_v05/graph/generated.go:5063.42,5065.4 1 0
github.com/MarkWestbroek/Bitemporal_2026/bitemporal_go_API_v05/graph/generated.go:5073.151,5079.97 1 0
github.com/MarkWestbroek/Bitemporal_2026/bitemporal_go_API_v05/graph/generated.go:5079.97,5081.4 1 0
github.com/MarkWestbroek/Bitemporal_2026/bitemporal_go_API_v05/graph/generated.go:5083.2,5083.16 1 0
github.com/MarkWestbroek/Bitemporal_2026/bitemporal_go_API_v05/graph/generated.go:5086.152,5092.42 1 0
github.com/MarkWestbroek/Bitemporal_2026/bitemporal_go_API_v05/graph/generated.go:5092.42,5094.4 1 0
github.com/MarkWestbroek/Bitemporal_2026/bitemporal_go_API_v05/graph/generated.go:5102.148,5108.97 1 0
github.com/MarkWestbroek/Bitemporal_2026/bitemporal_go_API_v05/graph/generated.go:5108.97,5109.22 1 0
github.com/MarkWestbroek/Bitemporal_2026/bitemporal_go_API_v05/graph/generated.go:5110.16,5111.57 1 0
github.com/MarkWestbroek/Bitemporal_2026/bitemporal_go_API_v05/graph/generated.go:5112.23,5113.64 1 0
github.com/MarkWestbroek/Bitemporal_2026/bitemporal_go_API_v05/graph/generated.go:5114.16,5115.57 1 0
github.com/MarkWestbroek/Bitemporal_2026/bitemporal_go_API_v05/graph/generated.go:5116.24,5117.65 1 0
github.com/MarkWestbroek/Bitemporal_2026/bitemporal_go_API_v05/graph/generated.go:5118.24,5119.65 1 0
github.com/MarkWestbroek/Bitemporal_2026/bitemporal_go_API_v05/graph/generated.go:5120.29,5121.70 1 0
github.com/MarkWestbroek/Bitemporal_2026/bitemporal_go_API_v05/graph/generated.go:5123.4,5123.93 1 0
github.com/MarkWestbroek/Bitemporal_2026/bitemporal_go_API_v05/graph/generated.go:5126.2,5126.15 1 0
github.com/MarkWestbroek/Bitemporal_2026/bitemporal_go_API_v05/graph/generated.go:5126.15,5127.31 1 0
github.com/MarkWestbroek/Bitemporal_2026/bitemporal_go_API_v05/graph/generated.go:5127.31,5130.4 2 0
github.com/MarkWestbroek/Bitemporal_2026/bitemporal_go_API_v05/graph/generated.go:5132.2,5133.101 2 0
github.com/MarkWestbroek/Bitemporal_2026/bitemporal_go_API_v05/graph/generated.go:5133.101,5136.3 2 0
github.com/MarkWestbroek/Bitemporal_2026/bitemporal_go_API_v05/graph/generated.go:5137.2,5137.16 1 0
github.com/MarkWestbroek/Bitemporal_2026/bitemporal_go_API_v05/graph/generated.go:5140.152,5146.42 1 0
github.com/MarkWestbroek/Bitemporal_2026/bitemporal_go_API_v05/graph/generated.go:5146.42,5148.4 1 0
github.com/MarkWestbroek/Bitemporal_2026/bitemporal_go_API_v05/graph/generated.go:5156.146,5162.97 1 0
github.com/MarkWestbroek/Bitemporal_2026/bitemporal_go_API_v05/graph/generated.go:5162.97,5164.4 1 0
github.com/MarkWestbroek/Bitemporal_2026/bitemporal_go_API_v05/graph/generated.go:5166.2,5166.16 1 0
github.com/MarkWestbroek/Bitemporal_2026/bitemporal_go_API_v05/graph/generated.go:5169.159,5175.42 1 0
github.com/MarkWestbroek/Bitemporal_2026/bitemporal_go_API_v05/graph/generated.go:5175.42,5177.4 1 0
github.com/MarkWestbroek/Bitemporal_2026/bitemporal_go_API_v05/graph/generated.go:5185.153,5191.97 1 0
github.com/MarkWestbroek/Bitemporal_2026/bitemporal_go_API_v05/graph/generated.go:5191.97,5193.4 1 0
github.com/MarkWestbroek/Bitemporal_2026/bitemporal_go_API_v05/graph/generated.go:5195.2,5195.16 1 0
github.com/MarkWestbroek/Bitemporal_2026/bitemporal_go_API_v05/graph/generated.go:5198.160,5204.42 1 0
github.com/MarkWestbroek/Bitemporal_2026/bitemporal_go_API_v05/graph/generated.go:5204.42,5206.4 1 0
github.com/MarkWestbroek/Bitemporal_2026/bitemporal_go_API_v05/graph/generated.go:5214.154,5220.97 1 0
github.com/MarkWestbroek/Bitemporal_2026/bitemporal_go_API_v05/graph/generated.go:5220.97,5222.4 1 0
github.com/MarkWestbroek/Bitemporal_2026/bitemporal_go_API_v05/graph/generated.go:5224.2,5224.16 1 0
github.com/MarkWestbroek/Bitemporal_2026/bitemporal_go_API_v05/graph/generated.go:5227.165,5233.42 1 0
github.com/MarkWestbroek/Bitemporal_2026/bitemporal_go_API_v05/graph/generated.go:5233.42,5235.4 1 0
github.com/MarkWestbroek/Bitemporal_2026/bitemporal_go_API_v05/graph/generated.go:5243.159,5249.97 1 0
github.com/MarkWestbroek/Bitemporal_2026/bitemporal_go_API_v05/graph/generated.go:5249.97,5251.4 1 0
github.com/MarkWestbroek/Bitemporal_2026/bitemporal_go_API_v05/graph/generated.go:5253.2,5253.16 1 0
github.com/MarkWestbroek/Bitemporal_2026/bitemporal_go_API_v05/graph/generated.go:5256.144,5262.42 1 0
github.com/MarkWestbroek/Bitemporal_2026/bitemporal_go_API_v05/graph/generated.go:5262.42,5264.4 1 0
github.com/MarkWestbroek/Bitemporal_2026/bitemporal_go_API_v05/graph/generated.go:5272.142,5278.97 1 0
github.com/MarkWestbroek/Bitemporal_2026/bitemporal_go_API_v05/graph/generated.go:5278.97,5280.4 1 0
github.com/MarkWestbroek/Bitemporal_2026/bitemporal_go_API_v05/graph/generated.go:5282.2,5282.16 1 0
github.com/MarkWestbroek/Bitemporal_2026/bitemporal_go_API_v05/graph/generated.go:5285.151,5291.42 1 0
github.com/MarkWestbroek/Bitemporal_2026/bitemporal_go_API_v05/graph/generated.go:5291.42,5293.4 1 0
github.com/MarkWestbroek/Bitemporal_2026/bitemporal_go_API_v05/graph/generated.go:5301.149,5307.97 1 0
github.com/MarkWestbroek/Bitemporal_2026/bitemporal_go_API_v05/graph/generated.go:5307.97,5309.4 1 0
github.com/MarkWestbroek/Bitemporal_2026/bitemporal_go_API_v05/graph/generated.go:5311.2,5311.16 1 0
github.com/MarkWestbroek/Bitemporal_2026/bitemporal_go_API_v05/graph/generated.go:5314.144,5320.42 1 0
github.com/MarkWestbroek/Bitemporal_2026/bitemporal_go_API_v05/graph/generated.go:5320.42,5322.4 1 0
github.com/MarkWestbroek/Bitemporal_2026/bitemporal_go_API_v05/graph/generated.go:5330.144,5336.97 1 0
github.com/MarkWestbroek/Bitemporal_2026/bitemporal_go_API_v05/graph/generated.go:5336.97,5337.22 1 0
github.com/MarkWestbroek/Bitemporal_2026/bitemporal_go_API_v05/graph/generated.go:5338.16,5339.57 1 0
github.com/MarkWestbroek/Bitemporal_2026/bitemporal_go_API_v05/graph/generated.go:5340.23,5341.64 1 0
github.com/MarkWestbroek/Bitemporal_2026/bitemporal_go_API_v05/graph/generated.go:5342.16,5343.57 1 0
github.com/MarkWestbroek/Bitemporal_2026/bitemporal_go_API_v05/graph/generated.go:5344.24,5345.65 1 0
github.com/MarkWestbroek/Bitemporal_2026/bitemporal_go_API_v05/graph/generated.go:5346.24,5347.65 1 0
github.com/MarkWestbroek/Bitemporal_2026/bitemporal_go_API_v05/graph/generated.go:5348.29,5349.70 1 0
github.com/MarkWestbroek/Bitemporal_2026/bitemporal_go_API_v05/graph/generated.go:5351.4,5351.93 1 0
github.com/MarkWestbroek/Bitemporal_2026/bitemporal_go_API_v05/graph/generated.go:5354.2,5354.15 1 0
github.com/MarkWestbroek/Bitemporal_2026/bitemporal_go_API_v05/graph/generated.go:5354.15,5355.31 1 0
github.com/MarkWestbroek/Bitemporal_2026/bitemporal_go_API_v05/graph/generated.go:5355.31,5358.4 2 0
github.com/MarkWestbroek/Bitemporal_2026/bitemporal_go_API_v05/graph/generated.go:5360.2,5361.97 2 0
github.com/MarkWestbroek/Bitemporal_2026/bitemporal_go_API_v05/graph/generated.go:5361.97,5364.3 2 0
github.com/MarkWestbroek/Bitemporal_2026/bitemporal_go_API_v05/graph/generated.go:5365.2,5365.16 1 0
github.com/MarkWestbroek/Bitemporal_2026/bitemporal_go_API_v05/graph/generated.go:5368.144,5374.42 1 0
github.com/MarkWestbroek/Bitemporal_2026/bitemporal_go_API_v05/graph/generated.go:5374.42,5376.4 1 0
github.com/MarkWestbroek/Bitemporal_2026/bitemporal_go_API_v05/graph/generated.go:5384.142,5390.97 1 0
github.com/MarkWestbroek/Bitemporal_2026/bitemporal_go_API_v05/graph/generated.go:5390.97,5391.22 1 0
github.com/MarkWestbroek/Bitemporal_2026/bitemporal_go_API_v05/graph/generated.go:5392.16,5393.51 1 0
github.com/MarkWestbroek/Bitemporal_2026/bitemporal_go_API_v05/graph/generated.go:5394.16,5395.51 1 0
github.com/MarkWestbroek/Bitemporal_2026/bitemporal_go_API_v05/graph/generated.go:5396.23,5397.58 1 0
github.com/MarkWestbroek/Bitemporal_2026/bitemporal_go_API_v05/graph/generated.go:5398.26,5399.61 1 0
github.com/MarkWestbroek/Bitemporal_2026/bitemporal_go_API_v05/graph/generated.go:5400.18,5401.53 1 0
github.com/MarkWestbroek/Bitemporal_2026/bitemporal_go_API_v05/graph/generated.go:5402.22,5403.57 1 0
github.com/MarkWestbroek/Bitemporal_2026/bitemporal_go_API_v05/graph/generated.go:5404.25,5405.60 1 0
github.com/MarkWestbroek/Bitemporal_2026/bitemporal_go_API_v05/graph/generated.go:5406.22,5407.57 1 0
github.com/MarkWestbroek/Bitemporal_2026/bitemporal_go_API_v05/graph/generated.go:5408.23,5409.58 1 0
github.com/MarkWestbroek/Bitemporal_2026/bitemporal_go_API_v05/graph/generated.go:5410.18,5411.53 1 0
github.com/MarkWestbroek/Bitemporal_2026/bitemporal_go_API_v05/graph/generated.go:5412.19,5413.54 1 0
github.com/MarkWestbroek/Bitemporal_2026/bitemporal_go_API_v05/graph/generated.go:5415.4,5415.87 1 0
github.com/MarkWestbroek/Bitemporal_2026/bitemporal_go_API_v05/graph/generated.go:5418.2,5418.16 1 0
github.com/MarkWestbroek/Bitemporal_2026/bitemporal_go_API_v05/graph/generated.go:5421.152,5427.42 1 0
github.com/MarkWestbroek/Bitemporal_2026/bitemporal_go_API_v05/graph/generated.go:5427.42,5429.4 1 0
github.com/MarkWestbroek/Bitemporal_2026/bitemporal_go_API_v05/graph/generated.go:5437.150,5443.97 1 0
github.com/MarkWestbroek/Bitemporal_2026/bitemporal_go_API_v05/graph/generated.go:5443.97,5445.4 1 0
github.com/MarkWestbroek/Bitemporal_2026/bitemporal_go_API_v05/graph/generated.go:5447.2,5447.16 1 0
github.com/MarkWestbroek/Bitemporal_2026/bitemporal_go_API_v05/graph/generated.go:5450.157,5456.42 1 0
github.com/MarkWestbroek/Bitemporal_2026/bitemporal_go_API_v05/graph/generated.go:5456.42,5458.4 1 0
github.com/MarkWestbroek/Bitemporal_2026/bitemporal_go_API_v05/graph/generated.go:5466.155,5472.97 1 0
github.com/MarkWestbroek/Bitemporal_2026/bitemporal_go_API_v05/graph/generated.go:5472.97,5474.4 1 0
github.com/MarkWestbroek/Bitemporal_2026/bitemporal_go_API_v05/graph/generated.go:5476.2,5476.16 1 0
github.com/MarkWestbroek/Bitemporal_2026/bitemporal_go_API_v05/graph/generated.go:5479.154,5485.42 1 0
github.com/MarkWestbroek/Bitemporal_2026/bitemporal_go_API_v05/graph/generated.go:5485.42,5487.4 1 0
github.com/MarkWestbroek/Bitemporal_2026/bitemporal_go_API_v05/graph/generated.go:5495.147,5501.97 1 0
github.com/MarkWestbroek/Bitemporal_2026/bitemporal_go_API_v05/graph/generated.go:5501.97,5503.4 1 0
github.com/MarkWestbroek/Bitemporal_2026/bitemporal_go_API_v05/graph/generated.go:5505.2,5505.16 1 0
github.com/MarkWestbroek/Bitemporal_2026/bitemporal_go_API_v05/graph/generated.go:5508.161,5514.42 1 0
github.com/MarkWestbroek/Bitemporal_2026/bitemporal_go_API_v05/graph/generated.go:5514.42,5516.4 1 0
github.com/MarkWestbroek/Bitemporal_2026/bitemporal_go_API_v05/graph/generated.go:5524.154,5530.97 1 0
github.com/MarkWestbroek/Bitemporal_2026/bitemporal_go_API_v05/graph/generated.go:5530.97,5532.4 1 0
github.com/MarkWestbroek/Bitemporal_2026/bitemporal_go_API_v05/graph/generated.go:5534.2,5534.16 1 0
github.com/MarkWestbroek/Bitemporal_2026/bitemporal_go_API_v05/graph/generated.go:5537.154,5543.42 1 0
github.com/MarkWestbroek/Bitemporal_2026/bitemporal_go_API_v05/graph/generated.go:5543.42,5545.4 1 0
github.com/MarkWestbroek/Bitemporal_2026/bitemporal_go_API_v05/graph/generated.go:5553.147,5559.97 1 0
github.com/MarkWestbroek/Bitemporal_2026/bitemporal_go_API_v05/graph/generated.go:5559.97,5560.22 1 0
github.com/MarkWestbroek/Bitemporal_2026/bitemporal_go_API_v05/graph/generated.go:5561.16,5562.51 1 0
github.com/MarkWestbroek/Bitemporal_2026/bitemporal_go_API_v05/graph/generated.go:5563.16,5564.51 1 0
github.com/MarkWestbroek/Bitemporal_2026/bitemporal_go_API_v05/graph/generated.go:5565.23,5566.58 1 0
github.com/MarkWestbroek/Bitemporal_2026/bitemporal_go_API_v05/graph/generated.go:5567.26,5568.61 1 0
github.com/MarkWestbroek/Bitemporal_2026/bitemporal_go_API_v05/graph/generated.go:5569.18,5570.53 1 0
github.com/MarkWestbroek/Bitemporal_2026/bitemporal_go_API_v05/graph/generated.go:5571.22,5572.57 1 0
github.com/MarkWestbroek/Bitemporal_2026/bitemporal_go_API_v05/graph/generated.go:5573.25,5574.60 1 0
github.com/MarkWestbroek/Bitemporal_2026/bitemporal_go_API_v05/graph/generated.go:5575.22,5576.57 1 0
github.com/MarkWestbroek/Bitemporal_2026/bitemporal_go_API_v05/graph/generated.go:5577.23,5578.58 1 0
github.com/MarkWestbroek/Bitemporal_2026/bitemporal_go_API_v05/graph/generated.go:5579.18,5580.53 1 0
github.com/MarkWestbroek/Bitemporal_2026/bitemporal_go_API_v05/graph/generated.go:5581.19,5582.54 1 0
github.com/MarkWestbroek/Bitemporal_2026/bitemporal_go_API_v05/graph/generated.go:5584.4,5584.87 1 0
github.com/MarkWestbroek/Bitemporal_2026/bitemporal_go_API_v05/graph/generated.go:5587.2,5587.16 1 0
github.com/MarkWestbroek/Bitemporal_2026/bitemporal_go_API_v05/graph/generated.go:5590.162,5596.42 1 0
github.com/MarkWestbroek/Bitemporal_2026/bitemporal_go_API_v05/graph/generated.go:5596.42,5598.4 1 0
github.com/MarkWestbroek/Bitemporal_2026/bitemporal_go_API_v05/graph/generated.go:5606.155,5612.97 1 0
github.com/MarkWestbroek/Bitemporal_2026/bitemporal_go_API_v05/graph/generated.go:5612.97,5614.4 1 0
github.com/MarkWestbroek/Bitemporal_2026/bitemporal_go_API_v05/graph/generated.go:5616.2,5616.16 1 0
github.com/MarkWestbroek/Bitemporal_2026/bitemporal_go_API_v05/graph/generated.go:5619.162,5625.42 1 0
github.com/MarkWestbroek/Bitemporal_2026/bitemporal_go_API_v05/graph/generated.go:5625.42,5627.4 1 0
github.com/MarkWestbroek/Bitemporal_2026/bitemporal_go_API_v05/graph/generated.go:5635.155,5641.97 1 0
github.com/MarkWestbroek/Bitemporal_2026/bitemporal_go_API_v05/graph/generated.go:5641.97,5643.4 1 0
github.com/MarkWestbroek/Bitemporal_2026/bitemporal_go_API_v05/graph/generated.go:5645.2,5645.16 1 0
github.com/MarkWestbroek/Bitemporal_2026/bitemporal_go_API_v05/graph/generated.go:5648.167,5654.42 1 0
github.com/MarkWestbroek/Bitemporal_2026/bitemporal_go_API_v05/graph/generated.go:5654.42,5656.4 1 0
github.com/MarkWestbroek/Bitemporal_2026/bitemporal_go_API_v05/graph/generated.go:5664.160,5670.97 1 0
github.com/MarkWestbroek/Bitemporal_2026/bitemporal_go_API_v05/graph/generated.go:5670.97,5672.4 1 0
github.com/MarkWestbroek/Bitemporal_2026/bitemporal_go_API_v05/graph/generated.go:5674.2,5674.16 1 0
github.com/MarkWestbroek/Bitemporal_2026/bitemporal_go_API_v05/graph/generated.go:5677.153,5683.42 1 0
github.com/MarkWestbroek/Bitemporal_2026/bitemporal_go_API_v05/graph/generated.go:5683.42,5685.4 1 0
github.com/MarkWestbroek/Bitemporal_2026/bitemporal_go_API_v05/graph/generated.go:5693.150,5699.97 1 0
github.com/MarkWestbroek/Bitemporal_2026/bitemporal_go_API_v05/graph/generated.go:5699.97,5701.4 1 0
github.com/MarkWestbroek/Bitemporal_2026/bitemporal_go_API_v05/graph/generated.go:5703.2,5703.16 1 0
github.com/MarkWestbroek/Bitemporal_2026/bitemporal_go_API_v05/graph/generated.go:5706.147,5712.42 1 0
github.com/MarkWestbroek/Bitemporal_2026/bitemporal_go_API_v05/graph/generated.go:5712.42,5714.4 1 0
github.com/MarkWestbroek/Bitemporal_2026/bitemporal_go_API_v05/graph/generated.go:5722.144,5728.97 1 0
github.com/MarkWestbroek/Bitemporal_2026/bitemporal_go_API_v05/graph/generated.go:5728.97,5729.22 1 0
github.com/MarkWestbroek/Bitemporal_2026/bitemporal_go_API_v05/graph/generated.go:5730.16,5731.51 1 0
github.com/MarkWestbroek/Bitemporal_2026/bitemporal_go_API_v05/graph/generated.go:5732.16,5733.51 1 0
github.com/MarkWestbroek/Bitemporal_2026/bitemporal_go_API_v05/graph/generated.go:5734.23,5735.58 1 0
github.com/MarkWestbroek/Bitemporal_2026/bitemporal_go_API_v05/graph/generated.go:5736.26,5737.61 1 0
github.com/MarkWestbroek/Bitemporal_2026/bitemporal_go_API_v05/graph/generated.go:5738.18,5739.53 1 0
github.com/MarkWestbroek/Bitemporal_2026/bitemporal_go_API_v05/graph/generated.go:5740.22,5741.57 1 0
github.com/MarkWestbroek/Bitemporal_2026/bitemporal_go_API_v05/graph/generated.go:5742.25,5743.60 1 0
github.com/MarkWestbroek/Bitemporal_2026/bitemporal_go_API_v05/graph/generated.go:5744.22,5745.57 1 0
github.com/MarkWestbroek/Bitemporal_2026/bitemporal_go_API_v05/graph/generated.go:5746.23,5747.58 1 0
github.com/MarkWestbroek/Bitemporal_2026/bitemporal_go_API_v05/graph/generated.go:5748.18,5749.53 1 0
github.com/MarkWestbroek/Bitemporal_2026/bitemporal_go_API_v05/graph/generated.go:5750.19,5751.54 1 0
github.com/MarkWestbroek/Bitemporal_2026/bitemporal_go_API_v05/graph/generated.go:5753.4,5753.87 1 0
github.com/MarkWestbroek/Bitemporal_2026/bitemporal_go_API_v05/graph/generated.go:5756.2,5756.16 1 0
github.com/MarkWestbroek/Bitemporal_2026/bitemporal_go_API_v05/graph/generated.go:5759.151,5765.42 1 0
github.com/MarkWestbroek/Bitemporal_2026/bitemporal_go_API_v05/graph/generated.go:5765.42,5767.4 1 0
github.com/MarkWestbroek/Bitemporal_2026/bitemporal_go_API_v05/graph/generated.go:5775.148,5781.97 1 0
github.com/MarkWestbroek/Bitemporal_2026/bitemporal_go_API_v05/graph/generated.go:5781.97,5782.22 1 0
github.com/MarkWestbroek/Bitemporal_2026/bitemporal_go_API_v05/graph/generated.go:5783.16,5784.51 1 0
github.com/MarkWestbroek/Bitemporal_2026/bitemporal_go_API_v05/graph/generated.go:5785.16,5786.51 1 0
github.com/MarkWestbroek/Bitemporal_2026/bitemporal_go_API_v05/graph/generated.go:5787.23,5788.58 1 0
github.com/MarkWestbroek/Bitemporal_2026/bitemporal_go_API_v05/graph/generated.go:5789.26,5790.61 1 0
github.com/MarkWestbroek/Bitemporal_2026/bitemporal_go_API_v05/graph/generated.go:5791.18,5792.53 1 0
github.com/MarkWestbroek/Bitemporal_2026/bitemporal_go_API_v05/graph/generated.go:5793.22,5794.57 1 0
github.com/MarkWestbroek/Bitemporal_2026/bitemporal_go_API_v05/graph/generated.go:5795.25,5796.60 1 0
github.com/MarkWestbroek/Bitemporal_2026/bitemporal_go_API_v05/graph/generated.go:5797.22,5798.57 1 0
github.com/MarkWestbroek/Bitemporal_2026/bitemporal_go_API_v05/graph/generated.go:5799.23,5800.58 1 0
github.com/MarkWestbroek/Bitemporal_2026/bitemporal_go_API_v05/graph/generated.go:5801.18,5802.53 1 0
github.com/MarkWestbroek/Bitemporal_2026/bitemporal_go_API_v05/graph/generated.go:5803.19,5804.54 1 0
github.com/MarkWestbroek/Bitemporal_2026/bitemporal_go_API_v05/graph/generated.go:5806.4,5806.87 1 0
github.com/MarkWestbroek/Bitemporal_2026/bitemporal_go_API_v05/graph/generated.go:5809.2,5809.16 1 0
github.com/MarkWestbroek/Bitemporal_2026/bitemporal_go_API_v05/graph/generated.go:5812.154,5818.42 1 0
github.com/MarkWestbroek/Bitemporal_2026/bitemporal_go_API_v05/graph/generated.go:5818.42,5820.4 1 0
github.com/MarkWestbroek/Bitemporal_2026/bitemporal_go_API_v05/graph/generated.go:5828.151,5834.97 1 0
github.com/MarkWestbroek/Bitemporal_2026/bitemporal_go_API_v05/graph/generated.go:5834.97,5835.22 1 0
github.com/MarkWestbroek/Bitemporal_2026/bitemporal_go_API_v05/graph/generated.go:5836.16,5837.51 1 0
github.com/MarkWestbroek/Bitemporal_2026/bitemporal_go_API_v05/graph/generated.go:5838.16,5839.51 1 0
github.com/MarkWestbroek/Bitemporal_2026/bitemporal_go_API_v05/graph/generated.go:5840.23,5841.58 1 0
github.com/MarkWestbroek/Bitemporal_2026/bitemporal_go_API_v05/graph/generated.go:5842.26,5843.61 1 0
github.com/MarkWestbroek/Bitemporal_2026/bitemporal_go_API_v05/graph/generated.go:5844.18,5845.53 1 0
github.com/MarkWestbroek/Bitemporal_2026/bitemporal_go_API_v05/graph/generated.go:5846.22,5847.57 1 0
github.com/MarkWestbroek/Bitemporal_2026/bitemporal_go_API_v05/graph/generated.go:5848.25,5849.60 1 0
github.com/MarkWestbroek/Bitemporal_2026/bitemporal_go_API_v05/graph/generated.go:5850.22,5851.57 1 0
github.com/MarkWestbroek/Bitemporal_2026/bitemporal_go_API_v05/graph/generated.go:5852.23,5853.58 1 0
github.com/MarkWestbroek/Bitemporal_2026/bitemporal_go_API_v05/graph/generated.go:5854.18,5855.53 1 0
github.com/MarkWestbroek/Bitemporal_2026/bitemporal_go_API_v05/graph/generated.go:5856.19,5857.54 1 0
github.com/MarkWestbroek/Bitemporal_2026/bitemporal_go_API_v05/graph/generated.go:5859.4,5859.87 1 0
github.com/MarkWestbroek/Bitemporal_2026/bitemporal_go_API_v05/graph/generated.go:5862.2,5862.16 1 0
github.com/MarkWestbroek/Bitemporal_2026/bitemporal_go_API_v05/graph/generated.go:5865.158,5871.42 1 0
github.com/MarkWestbroek/Bitemporal_2026/bitemporal_go_API_v05/graph/generated.go:5871.42,5873.4 1 0
github.com/MarkWestbroek/Bitemporal_2026/bitemporal_go_API_v05/graph/generated.go:5881.155,5887.97 1 0
github.com/MarkWestbroek/Bitemporal_2026/bitemporal_go_API_v05/graph/generated.go:5887.97,5888.22 1 0
github.com/MarkWestbroek/Bitemporal_2026/bitemporal_go_API_v05/graph/generated.go:5889.16,5890.51 1 0
github.com/MarkWestbroek/Bitemporal_2026/bitemporal_go_API_v05/graph/generated.go:5891.16,5892.51 1 0
github.com/MarkWestbroek/Bitemporal_2026/bitemporal_go_API_v05/graph/generated.go:5893.23,5894.58 1 0
github.com/MarkWestbroek/Bitemporal_2026/bitemporal_go_API_v05/graph/generated.go:5895.26,5896.61 1 0
github.com/MarkWestbroek/Bitemporal_2026/bitemporal_go_API_v05/graph/generated.go:5897.18,5898.53 1 0
github.com/MarkWestbroek/Bitemporal_2026/bitemporal_go_API_v05/graph/generated.go:5899.22,5900.57 1 0
github.com/MarkWestbroek/Bitemporal_2026/bitemporal_go_API_v05/graph/generated.go:5901.25,5902.60 1 0
github.com/MarkWestbroek/Bitemporal_2026/bitemporal_go_API_v05/graph/generated.go:5903.22,5904.57 1 0
github.com/MarkWestbroek/Bitemporal_2026/bitemporal_go_API_v05/graph/generated.go:5905.23,5906.58 1 0
github.com/MarkWestbroek/Bitemporal_2026/bitemporal_go_API_v05/graph/generated.go:5907.18,5908.53 1 0
github.com/MarkWestbroek/Bitemporal_2026/bitemporal_go_API_v05/graph/generated.go:5909.19,5910.54 1 0
github.com/MarkWestbroek/Bitemporal_2026/bitemporal_go_API_v05/graph/generated.go:5912.4,5912.87 1 0
github.com/MarkWestbroek/Bitemporal_2026/bitemporal_go_API_v05/graph/generated.go:5915.2,5915.16 1 0
github.com/MarkWestbroek/Bitemporal_2026/bitemporal_go_API_v05/graph/generated.go:5918.152,5924.42 1 0
github.com/MarkWestbroek/Bitemporal_2026/bitemporal_go_API_v05/graph/generated.go:5924.42,5926.4 1 0
github.com/MarkWestbroek/Bitemporal_2026/bitemporal_go_API_v05/graph/generated.go:5934.149,5940.97 1 0
github.com/MarkWestbroek/Bitemporal_2026/bitemporal_go_API_v05/graph/generated.go:5940.97,5941.22 1 0
github.com/MarkWestbroek/Bitemporal_2026/bitemporal_go_API_v05/graph/generated.go:5942.16,5943.56 1 0
github.com/MarkWestbroek/Bitemporal_2026/bitemporal_go_API_v05/graph/generated.go:5944.23,5945.63 1 0
github.com/MarkWestbroek/Bitemporal_2026/bitemporal_go_API_v05/graph/generated.go:5946.24,5947.64 1 0
github.com/MarkWestbroek/Bitemporal_2026/bitemporal_go_API_v05/graph/generated.go:5948.21,5949.61 1 0
github.com/MarkWestbroek/Bitemporal_2026/bitemporal_go_API_v05/graph/generated.go:5950.16,5951.56 1 0
github.com/MarkWestbroek/Bitemporal_2026/bitemporal_go_API_v05/graph/generated.go:5953.4,5953.92 1 0
github.com/MarkWestbroek/Bitemporal_2026/bitemporal_go_API_v05/graph/generated.go:5956.2,5956.16 1 0
github.com/MarkWestbroek/Bitemporal_2026/bitemporal_go_API_v05/graph/generated.go:5959.142,5965.42 1 0
github.com/MarkWestbroek/Bitemporal_2026/bitemporal_go_API_v05/graph/generated.go:5965.42,5967.4 1 0
github.com/MarkWestbroek/Bitemporal_2026/bitemporal_go_API_v05/graph/generated.go:5975.141,5981.97 1 0
github.com/MarkWestbroek/Bitemporal_2026/bitemporal_go_API_v05/graph/generated.go:5981.97,5983.4 1 0
github.com/MarkWestbroek/Bitemporal_2026/bitemporal_go_API_v05/graph/generated.go:5985.2,5985.16 1 0
github.com/MarkWestbroek/Bitemporal_2026/bitemporal_go_API_v05/graph/generated.go:5988.142,5994.42 1 0
github.com/MarkWestbroek/Bitemporal_2026/bitemporal_go_API_v05/graph/generated.go:5994.42,5996.4 1 0
github.com/MarkWestbroek/Bitemporal_2026/bitemporal_go_API_v05/graph/generated.go:6004.141,6010.97 1 0
github.com/MarkWestbroek/Bitemporal_2026/bitemporal_go_API_v05/graph/generated.go:6010.97,6012.4 1 0
github.com/MarkWestbroek/Bitemporal_2026/bitemporal_go_API_v05/graph/generated.go:6014.2,6014.16 1 0
github.com/MarkWestbroek/Bitemporal_2026/bitemporal_go_API_v05/graph/generated.go:6017.149,6023.42 1 0
github.com/MarkWestbroek/Bitemporal_2026/bitemporal_go_API_v05/graph/generated.go:6023.42,6025.4 1 0
github.com/MarkWestbroek/Bitemporal_2026/bitemporal_go_API_v05/graph/generated.go:6033.148,6039.97 1 0
github.com/MarkWestbroek/Bitemporal_2026/bitemporal_go_API_v05/graph/generated.go:6039.97,6041.4 1 0
github.com/MarkWestbroek/Bitemporal_2026/bitemporal_go_API_v05/graph/generated.go:6043.2,6043.16 1 0
github.com/MarkWestbroek/Bitemporal_2026/bitemporal_go_API_v05/graph/generated.go:6046.152,6052.42 1 0
github.com/MarkWestbroek/Bitemporal_2026/bitemporal_go_API_v05/graph/generated.go:6052.42,6054.4 1 0
github.com/MarkWestbroek/Bitemporal_2026/bitemporal_go_API_v05/graph/generated.go:6062.151,6068.97 1 0
github.com/MarkWestbroek/Bitemporal_2026/bitemporal_go_API_v05/graph/generated.go:6068.97,6070.4 1 0
github.com/MarkWestbroek/Bitemporal_2026/bitemporal_go_API_v05/graph/generated.go:6072.2,6072.16 1 0
github.com/MarkWestbroek/Bitemporal_2026/bitemporal_go_API_v05/graph/generated.go:6075.144,6081.42 1 0
github.com/MarkWestbroek/Bitemporal_2026/bitemporal_go_API_v05/graph/generated.go:6081.42,6084.4 2 0
github.com/MarkWestbroek/Bitemporal_2026/bitemporal_go_API_v05/graph/generated.go:6092.145,6098.97 1 0
github.com/MarkWestbroek/Bitemporal_2026/bitemporal_go_API_v05/graph/generated.go:6098.97,6099.22 1 0
github.com/MarkWestbroek/Bitemporal_2026/bitemporal_go_API_v05/graph/generated.go:6100.16,6101.52 1 0
github.com/MarkWestbroek/Bitemporal_2026/bitemporal_go_API_v05/graph/generated.go:6102.23,6103.59 1 0
github.com/MarkWestbroek/Bitemporal_2026/bitemporal_go_API_v05/graph/generated.go:6104.16,6105.52 1 0
github.com/MarkWestbroek/Bitemporal_2026/bitemporal_go_API_v05/graph/generated.go:6106.16,6107.52 1 0
github.com/MarkWestbroek/Bitemporal_2026/bitemporal_go_API_v05/graph/generated.go:6108.24,6109.60 1 0
github.com/MarkWestbroek/Bitemporal_2026/bitemporal_go_API_v05/graph/generated.go:6110.29,6111.65 1 0
github.com/MarkWestbroek/Bitemporal_2026/bitemporal_go_API_v05/graph/generated.go:6113.4,6113.88 1 0
github.com/MarkWestbroek/Bitemporal_2026/bitemporal_go_API_v05/graph/generated.go:6116.2,6116.15 1 0
github.com/MarkWestbroek/Bitemporal_2026/bitemporal_go_API_v05/graph/generated.go:6116.15,6117.31 1 0
github.com/MarkWestbroek/Bitemporal_2026/bitemporal_go_API_v05/graph/generated.go:6117.31,6120.4 2 0
github.com/MarkWestbroek/Bitemporal_2026/bitemporal_go_API_v05/graph/generated.go:6122.2,6123.98 2 0
github.com/MarkWestbroek/Bitemporal_2026/bitemporal_go_API_v05/graph/generated.go:6123.98,6126.3 2 0
github.com/MarkWestbroek/Bitemporal_2026/bitemporal_go_API_v05/graph/generated.go:6127.2,6127.16 1 0
github.com/MarkWestbroek/Bitemporal_2026/bitemporal_go_API_v05/graph/generated.go:6130.148,6136.42 1 0
github.com/MarkWestbroek/Bitemporal_2026/bitemporal_go_API_v05/graph/generated.go:6136.42,6138.4 1 0
github.com/MarkWestbroek/Bitemporal_2026/bitemporal_go_API_v05/graph/generated.go:6146.147,6152.97 1 0
github.com/MarkWestbroek/Bitemporal_2026/bitemporal_go_API_v05/graph/generated.go:6152.97,6153.22 1 0
github.com/MarkWestbroek/Bitemporal_2026/bitemporal_go_API_v05/graph/generated.go:6154.16,6155.51 1 0
github.com/MarkWestbroek/Bitemporal_2026/bitemporal_go_API_v05/graph/generated.go:6156.16,6157.51 1 0
github.com/MarkWestbroek/Bitemporal_2026/bitemporal_go_API_v05/graph/generated.go:6158.23,6159.58 1 0
github.com/MarkWestbroek/Bitemporal_2026/bitemporal_go_API_v05/graph/generated.go:6160.26,6161.61 1 0
github.com/MarkWestbroek/Bitemporal_2026/bitemporal_go_API_v05/graph/generated.go:6162.18,6163.53 1 0
github.com/MarkWestbroek/Bitemporal_2026/bitemporal_go_API_v05/graph/generated.go:6164.22,6165.57 1 0
github.com/MarkWestbroek/Bitemporal_2026/bitemporal_go_API_v05/graph/generated.go:6166.25,6167.60 1 0
github.com/MarkWestbroek/Bitemporal_2026/bitemporal_go_API_v05/graph/generated.go:6168.22,6169.57 1 0
github.com/MarkWestbroek/Bitemporal_2026/bitemporal_go_API_v05/graph/generated.go:6170.23,6171.58 1 0
github.com/MarkWestbroek/Bitemporal_2026/bitemporal_go_API_v05/graph/generated.go:6172.18,6173.53 1 0
github.com/MarkWestbroek/Bitemporal_2026/bitemporal_go_API_v05/graph/generated.go:6174.19,6175.54 1 0
github.com/MarkWestbroek/Bitemporal_2026/bitemporal_go_API_v05/graph/generated.go:6177.4,6177.87 1 0
github.com/MarkWestbroek/Bitemporal_2026/bitemporal_go_API_v05/graph/generated.go:6180.2,6180.16 1 0
github.com/MarkWestbroek/Bitemporal_2026/bitemporal_go_API_v05/graph/generated.go:6183.151,6189.42 1 0
github.com/MarkWestbroek/Bitemporal_2026/bitemporal_go_API_v05/graph/generated.go:6189.42,6191.4 1 0
github.com/MarkWestbroek/Bitemporal_2026/bitemporal_go_API_v05/graph/generated.go:6199.150,6205.97 1 0
github.com/MarkWestbroek/Bitemporal_2026/bitemporal_go_API_v05/graph/generated.go:6205.97,6206.22 1 0
github.com/MarkWestbroek/Bitemporal_2026/bitemporal_go_API_v05/graph/generated.go:6207.16,6208.51 1 0
github.com/MarkWestbroek/Bitemporal_2026/bitemporal_go_API_v05/graph/generated.go:6209.16,6210.51 1 0
github.com/MarkWestbroek/Bitemporal_2026/bitemporal_go_API_v05/graph/generated.go:6211.23,6212.58 1 0
github.com/MarkWestbroek/Bitemporal_2026/bitemporal_go_API_v05/graph/generated.go:6213.26,6214.61 1 0
github.com/MarkWestbroek/Bitemporal_2026/bitemporal_go_API_v05/graph/generated.go:6215.18,6216.53 1 0
github.com/MarkWestbroek/Bitemporal_2026/bitemporal_go_API_v05/graph/generated.go:6217.22,6218.57 1 0
github.com/MarkWestbroek/Bitemporal_2026/bitemporal_go_API_v05/graph/generated.go:6219.25,6220.60 1 0
github.com/MarkWestbroek/Bitemporal_2026/bitemporal_go_API_v05/graph/generated.go:6221.22,6222.57 1 0
github.com/MarkWestbroek/Bitemporal_2026/bitemporal_go_API_v05/graph/generated.go:6223.23,6224.58 1 0
github.com/MarkWestbroek/Bitemporal_2026/bitemporal_go_API_v05/graph/generated.go:6225.18,6226.53 1 0
github.com/MarkWestbroek/Bitemporal_2026/bitemporal_go_API_v05/graph/generated.go:6227.19,6228.54 1 0
github.com/MarkWestbroek/Bitemporal_2026/bitemporal_go_API_v05/graph/generated.go:6230.4,6230.87 1 0
github.com/MarkWestbroek/Bitemporal_2026/bitemporal_go_API_v05/graph/generated.go:6233.2,6233.16 1 0
github.com/MarkWestbroek/Bitemporal_2026/bitemporal_go_API_v05/graph/generated.go:6236.148,6242.42 1 0
github.com/MarkWestbroek/Bitemporal_2026/bitemporal_go_API_v05/graph/generated.go:6242.42,6245.4 2 0
github.com/MarkWestbroek/Bitemporal_2026/bitemporal_go_API_v05/graph/generated.go:6253.149,6259.97 1 0
github.com/MarkWestbroek/Bitemporal_2026/bitemporal_go_API_v05/graph/generated.go:6259.97,6260.22 1 0
github.com/MarkWestbroek/Bitemporal_2026/bitemporal_go_API_v05/graph/generated.go:6261.16,6262.56 1 0
github.com/MarkWestbroek/Bitemporal_2026/bitemporal_go_API_v05/graph/generated.go:6263.23,6264.63 1 0
github.com/MarkWestbroek/Bitemporal_2026/bitemporal_go_API_v05/graph/generated.go:6265.24,6266.64 1 0
github.com/MarkWestbroek/Bitemporal_2026/bitemporal_go_API_v05/graph/generated.go:6267.29,6268.69 1 0
github.com/MarkWestbroek/Bitemporal_2026/bitemporal_go_API_v05/graph/generated.go:6270.4,6270.92 1 0
github.com/MarkWestbroek/Bitemporal_2026/bitemporal_go_API_v05/graph/generated.go:6273.2,6273.15 1 0
github.com/MarkWestbroek/Bitemporal_2026/bitemporal_go_API_v05/graph/generated.go:6273.15,6274.31 1 0
github.com/MarkWestbroek/Bitemporal_2026/bitemporal_go_API_v05/graph/generated.go:6274.31,6277.4 2 0
github.com/MarkWestbroek/Bitemporal_2026/bitemporal_go_API_v05/graph/generated.go:6279.2,6280.102 2 0
github.com/MarkWestbroek/Bitemporal_2026/bitemporal_go_API_v05/graph/generated.go:6280.102,6283.3 2 0
github.com/MarkWestbroek/Bitemporal_2026/bitemporal_go_API_v05/graph/generated.go:6284.2,6284.16 1 0
github.com/MarkWestbroek/Bitemporal_2026/bitemporal_go_API_v05/graph/generated.go:6287.149,6293.42 1 0
github.com/MarkWestbroek/Bitemporal_2026/bitemporal_go_API_v05/graph/generated.go:6293.42,6295.4 1 0
github.com/MarkWestbroek/Bitemporal_2026/bitemporal_go_API_v05/graph/generated.go:6303.148,6309.97 1 0
github.com/MarkWestbroek/Bitemporal_2026/bitemporal_go_API_v05/graph/generated.go:6309.97,6310.22 1 0
github.com/MarkWestbroek/Bitemporal_2026/bitemporal_go_API_v05/graph/generated.go:6311.16,6312.57 1 0
github.com/MarkWestbroek/Bitemporal_2026/bitemporal_go_API_v05/graph/generated.go:6313.23,6314.64 1 0
github.com/MarkWestbroek/Bitemporal_2026/bitemporal_go_API_v05/graph/generated.go:6315.16,6316.57 1 0
github.com/MarkWestbroek/Bitemporal_2026/bitemporal_go_API_v05/graph/generated.go:6317.24,6318.65 1 0
github.com/MarkWestbroek/Bitemporal_2026/bitemporal_go_API_v05/graph/generated.go:6319.24,6320.65 1 0
github.com/MarkWestbroek/Bitemporal_2026/bitemporal_go_API_v05/graph/generated.go:6321.29,6322.70 1 0
github.com/MarkWestbroek/Bitemporal_2026/bitemporal_go_API_v05/graph/generated.go:6324.4,6324.93 1 0
github.com/MarkWestbroek/Bitemporal_2026/bitemporal_go_API_v05/graph/generated.go:6327.2,6327.16 1 0
github.com/MarkWestbroek/Bitemporal_2026/bitemporal_go_API_v05/graph/generated.go:6330.144,6336.42 1 0
github.com/MarkWestbroek/Bitemporal_2026/bitemporal_go_API_v05/graph/generated.go:6336.42,6338.4 1 0
github.com/MarkWestbroek/Bitemporal_2026/bitemporal_go_API_v05/graph/generated.go:6346.143,6352.97 1 0
github.com/MarkWestbroek/Bitemporal_2026/bitemporal_go_API_v05/graph/generated.go:6352.97,6353.22 1 0
github.com/MarkWestbroek/Bitemporal_2026/bitemporal_go_API_v05/graph/generated.go:6354.16,6355.51 1 0
github.com/MarkWestbroek/Bitemporal_2026/bitemporal_go_API_v05/graph/generated.go:6356.16,6357.51 1 0
github.com/MarkWestbroek/Bitemporal_2026/bitemporal_go_API_v05/graph/generated.go:6358.23,6359.58 1 0
github.com/MarkWestbroek/Bitemporal_2026/bitemporal_go_API_v05/graph/generated.go:6360.26,6361.61 1 0
github.com/MarkWestbroek/Bitemporal_2026/bitemporal_go_API_v05/graph/generated.go:6362.18,6363.53 1 0
github.com/MarkWestbroek/Bitemporal_2026/bitemporal_go_API_v05/graph/generated.go:6364.22,6365.57 1 0
github.com/MarkWestbroek/Bitemporal_2026/bitemporal_go_API_v05/graph/generated.go:6366.25,6367.60 1 0
github.com/MarkWestbroek/Bitemporal_2026/bitemporal_go_API_v05/graph/generated.go:6368.22,6369.57 1 0
github.com/MarkWestbroek/Bitemporal_2026/bitemporal_go_API_v05/graph/generated.go:6370.23,6371.58 1 0
github.com/MarkWestbroek/Bitemporal_2026/bitemporal_go_API_v05/graph/generated.go:6372.18,6373.53 1 0
github.com/MarkWestbroek/Bitemporal_2026/bitemporal_go_API_v05/graph/generated.go:6374.19,6375.54 1 0
github.com/MarkWestbroek/Bitemporal_2026/bitemporal_go_API_v05/graph/generated.go:6377.4,6377.87 1 0
github.com/MarkWestbroek/Bitemporal_2026/bitemporal_go_API_v05/graph/generated.go:6380.2,6380.16 1 0
github.com/MarkWestbroek/Bitemporal_2026/bitemporal_go_API_v05/graph/generated.go:6383.145,6389.42 1 0
github.com/MarkWestbroek/Bitemporal_2026/bitemporal_go_API_v05/graph/generated.go:6389.42,6391.4 1 0
github.com/MarkWestbroek/Bitemporal_2026/bitemporal_go_API_v05/graph/generated.go:6399.144,6405.97 1 0
github.com/MarkWestbroek/Bitemporal_2026/bitemporal_go_API_v05/graph/generated.go:6405.97,6407.4 1 0
github.com/MarkWestbroek/Bitemporal_2026/bitemporal_go_API_v05/graph/generated.go:6409.2,6409.16 1 0
github.com/MarkWestbroek/Bitemporal_2026/bitemporal_go_API_v05/graph/generated.go:6416.138,6419.41 3 0
github.com/MarkWestbroek/Bitemporal_2026/bitemporal_go_API_v05/graph/generated.go:6419.41,6421.3 1 0
github.com/MarkWestbroek/Bitemporal_2026/bitemporal_go_API_v05/graph/generated.go:6423.2,6424.34 2 0
github.com/MarkWestbroek/Bitemporal_2026/bitemporal_go_API_v05/graph/generated.go:6424.34,6426.10 2 0
github.com/MarkWestbroek/Bitemporal_2026/bitemporal_go_API_v05/graph/generated.go:6426.10,6427.12 1 0
github.com/MarkWestbroek/Bitemporal_2026/bitemporal_go_API_v05/graph/generated.go:6429.3,6429.12 1 0
github.com/MarkWestbroek/Bitemporal_2026/bitemporal_go_API_v05/graph/generated.go:6430.14,6433.18 3 0
github.com/MarkWestbroek/Bitemporal_2026/bitemporal_go_API_v05/graph/generated.go:6433.18,6435.5 1 0
github.com/MarkWestbroek/Bitemporal_2026/bitemporal_go_API_v05/graph/generated.go:6436.4,6436.17 1 0
github.com/MarkWestbroek/Bitemporal_2026/bitemporal_go_API_v05/graph/generated.go:6437.14,6440.18 3 0
github.com/MarkWestbroek/Bitemporal_2026/bitemporal_go_API_v05/graph/generated.go:6440.18,6442.5 1 0
github.com/MarkWestbroek/Bitemporal_2026/bitemporal_go_API_v05/graph/generated.go:6443.4,6443.17 1 0
github.com/MarkWestbroek/Bitemporal_2026/bitemporal_go_API_v05/graph/generated.go:6444.14,6447.18 3 0
github.com/MarkWestbroek/Bitemporal_2026/bitemporal_go_API_v05/graph/generated.go:6447.18,6449.5 1 0
github.com/MarkWestbroek/Bitemporal_2026/bitemporal_go_API_v05/graph/generated.go:6450.4,6450.17 1 0
github.com/MarkWestbroek/Bitemporal_2026/bitemporal_go_API_v05/graph/generated.go:6454.2,6454.16 1 0
github.com/MarkWestbroek/Bitemporal_2026/bitemporal_go_API_v05/graph/generated.go:6457.138,6460.41 3 0
github.com/MarkWestbroek/Bitemporal_2026/bitemporal_go_API_v05/graph/generated.go:6460.41,6462.3 1 0
github.com/MarkWestbroek/Bitemporal_2026/bitemporal_go_API_v05/graph/generated.go:6464.2,6465.34 2 0
github.com/MarkWestbroek/Bitemporal_2026/bitemporal_go_API_v05/graph/generated.go:6465.34,6467.10 2 0
github.com/MarkWestbroek/Bitemporal_2026/bitemporal_go_API_v05/graph/generated.go:6467.10,6468.12 1 0
github.com/MarkWestbroek/Bitemporal_2026/bitemporal_go_API_v05/graph/generated.go:6470.3,6470.12 1 0
github.com/MarkWestbroek/Bitemporal_2026/bitemporal_go_API_v05/graph/generated.go:6471.14,6474.18 3 0
github.com/MarkWestbroek/Bitemporal_2026/bitemporal_go_API_v05/graph/generated.go:6474.18,6476.5 1 0
github.com/MarkWestbroek/Bitemporal_2026/bitemporal_go_API_v05/graph/generated.go:6477.4,6477.17 1 0
github.com/MarkWestbroek/Bitemporal_2026/bitemporal_go_API_v05/graph/generated.go:6478.14,6481.18 3 0
github.com/MarkWestbroek/Bitemporal_2026/bitemporal_go_API_v05/graph/generated.go:6481.18,6483.5 1 0
github.com/MarkWestbroek/Bitemporal_2026/bitemporal_go_API_v05/graph/generated.go:6484.4,6484.17 1 0
github.com/MarkWestbroek/Bitemporal_2026/bitemporal_go_API_v05/graph/generated.go:6488.2,6488.16 1 0
github.com/MarkWestbroek/Bitemporal_2026/bitemporal_go_API_v05/graph/generated.go:6491.138,6494.41 3 0
github.com/MarkWestbroek/Bitemporal_2026/bitemporal_go_API_v05/graph/generated.go:6494.41,6496.3 1 0
github.com/MarkWestbroek/Bitemporal_2026/bitemporal_go_API_v05/graph/generated.go:6498.2,6499.34 2 0
github.com/MarkWestbroek/Bitemporal_2026/bitemporal_go_API_v05/graph/generated.go:6499.34,6501.10 2 0
github.com/MarkWestbroek/Bitemporal_2026/bitemporal_go_API_v05/graph/generated.go:6501.10,6502.12 1 0
github.com/MarkWestbroek/Bitemporal_2026/bitemporal_go_API_v05/graph/generated.go:6504.3,6504.12 1 0
github.com/MarkWestbroek/Bitemporal_2026/bitemporal_go_API_v05/graph/generated.go:6505.14,6508.18 3 0
github.com/MarkWestbroek/Bitemporal_2026/bitemporal_go_API_v05/graph/generated.go:6508.18,6510.5 1 0
github.com/MarkWestbroek/Bitemporal_2026/bitemporal_go_API_v05/graph/generated.go:6511.4,6511.17 1 0
github.com/MarkWestbroek/Bitemporal_2026/bitemporal_go_API_v05/graph/generated.go:6512.14,6515.18 3 0
github.com/MarkWestbroek/Bitemporal_2026/bitemporal_go_API_v05/graph/generated.go:6515.18,6517.5 1 0
github.com/MarkWestbroek/Bitemporal_2026/bitemporal_go_API_v05/graph/generated.go:6518.4,6518.17 1 0
github.com/MarkWestbroek/Bitemporal_2026/bitemporal_go_API_v05/graph/generated.go:6519.14,6522.18 3 0
github.com/MarkWestbroek/Bitemporal_2026/bitemporal_go_API_v05/graph/generated.go:6522.18,6524.5 1 0
github.com/MarkWestbroek/Bitemporal_2026/bitemporal_go_API_v05/graph/generated.go:6525.4,6525.17 1 0
github.com/MarkWestbroek/Bitemporal_2026/bitemporal_go_API_v05/graph/generated.go:6529.2,6529.16 1 0
github.com/MarkWestbroek/Bitemporal_2026/bitemporal_go_API_v05/graph/generated.go:6532.138,6535.41 3 0
github.com/MarkWestbroek/Bitemporal_2026/bitemporal_go_API_v05/graph/generated.go:6535.41,6537.3 1 0
github.com/MarkWestbroek/Bitemporal_2026/bitemporal_go_API_v05/graph/generated.go:6539.2,6540.34 2 0
github.com/MarkWestbroek/Bitemporal_2026/bitemporal_go_API_v05/graph/generated.go:6540.34,6542.10 2 0
github.com/MarkWestbroek/Bitemporal_2026/bitemporal_go_API_v05/graph/generated.go:6542.10,6543.12 1 0
github.com/MarkWestbroek/Bitemporal_2026/bitemporal_go_API_v05/graph/generated.go:6545.3,6545.12 1 0
github.com/MarkWestbroek/Bitemporal_2026/bitemporal_go_API_v05/graph/generated.go:6546.14,6549.18 3 0
github.com/MarkWestbroek/Bitemporal_2026/bitemporal_go_API_v05/graph/generated.go:6549.18,6551.5 1 0
github.com/MarkWestbroek/Bitemporal_2026/bitemporal_go_API_v05/graph/generated.go:6552.4,6552.17 1 0
github.com/MarkWestbroek/Bitemporal_2026/bitemporal_go_API_v05/graph/generated.go:6553.14,6556.18 3 0
github.com/MarkWestbroek/Bitemporal_2026/bitemporal_go_API_v05/graph/generated.go:6556.18,6558.5 1 0
github.com/MarkWestbroek/Bitemporal_2026/bitemporal_go_API_v05/graph/generated.go:6559.4,6559.17 1 0
github.com/MarkWestbroek/Bitemporal_2026/bitemporal_go_API_v05/graph/generated.go:6563.2,6563.16 1 0
github.com/MarkWestbroek/Bitemporal_2026/bitemporal_go_API_v05/graph/generated.go:6566.126,6569.41 3 0
github.com/MarkWestbroek/Bitemporal_2026/bitemporal_go_API_v05/graph/generated.go:6569.41,6571.3 1 0
github.com/MarkWestbroek/Bitemporal_2026/bitemporal_go_API_v05/graph/generated.go:6573.2,6574.34 2 0
github.com/MarkWestbroek/Bitemporal_2026/bitemporal_go_API_v05/graph/generated.go:6574.34,6576.10 2 0
github.com/MarkWestbroek/Bitemporal_2026/bitemporal_go_API_v05/graph/generated.go:6576.10,6577.12 1 0
github.com/MarkWestbroek/Bitemporal_2026/bitemporal_go_API_v05/graph/generated.go:6579.3,6579.12 1 0
github.com/MarkWestbroek/Bitemporal_2026/bitemporal_go_API_v05/graph/generated.go:6580.13,6583.18 3 0
github.com/MarkWestbroek/Bitemporal_2026/bitemporal_go_API_v05/graph/generated.go:6583.18,6585.5 1 0
github.com/MarkWestbroek/Bitemporal_2026/bitemporal_go_API_v05/graph/generated.go:6586.4,6586.16 1 0
github.com/MarkWestbroek/Bitemporal_2026/bitemporal_go_API_v05/graph/generated.go:6590.2,6590.16 1 0
github.com/MarkWestbroek/Bitemporal_2026/bitemporal_go_API_v05/graph/generated.go:6593.126,6596.41 3 0
github.com/MarkWestbroek/Bitemporal_2026/bitemporal_go_API_v05/graph/generated.go:6596.41,6598.3 1 0
github.com/MarkWestbroek/Bitemporal_2026/bitemporal_go_API_v05/graph/generated.go:6600.2,6601.34 2 0
github.com/MarkWestbroek/Bitemporal_2026/bitemporal_go_API_v05/graph/generated.go:6601.34,6603.10 2 0
github.com/MarkWestbroek/Bitemporal_2026/bitemporal_go_API_v05/graph/generated.go:6603.10,6604.12 1 0
github.com/MarkWestbroek/Bitemporal_2026/bitemporal_go_API_v05/graph/generated.go:6606.3,6606.12 1 0
github.com/MarkWestbroek/Bitemporal_2026/bitemporal_go_API_v05/graph/generated.go:6607.13,6610.18 3 0
github.com/MarkWestbroek/Bitemporal_2026/bitemporal_go_API_v05/graph/generated.go:6610.18,6612.5 1 0
github.com/MarkWestbroek/Bitemporal_2026/bitemporal_go_API_v05/graph/generated.go:6613.4,6613.16 1 0
github.com/MarkWestbroek/Bitemporal_2026/bitemporal_go_API_v05/graph/generated.go:6617.2,6617.16 1 0
github.com/MarkWestbroek/Bitemporal_2026/bitemporal_go_API_v05/graph/generated.go:6620.132,6623.41 3 0
github.com/MarkWestbroek/Bitemporal_2026/bitemporal_go_API_v05/graph/generated.go:6623.41,6625.3 1 0
github.com/MarkWestbroek/Bitemporal_2026/bitemporal_go_API_v05/graph/generated.go:6627.2,6628.34 2 0
github.com/MarkWestbroek/Bitemporal_2026/bitemporal_go_API_v05/graph/generated.go:6628.34,6630.10 2 0
github.com/MarkWestbroek/Bitemporal_2026/bitemporal_go_API_v05/graph/generated.go:6630.10,6631.12 1 0
github.com/MarkWestbroek/Bitemporal_2026/bitemporal_go_API_v05/graph/generated.go:6633.3,6633.12 1 0
github.com/MarkWestbroek/Bitemporal_2026/bitemporal_go_API_v05/graph/generated.go:6634.14,6637.18 3 0
github.com/MarkWestbroek/Bitemporal_2026/bitemporal_go_API_v05/graph/generated.go:6637.18,6639.5 1 0
github.com/MarkWestbroek/Bitemporal_2026/bitemporal_go_API_v05/graph/generated.go:6640.4,6640.17 1 0
github.com/MarkWestbroek/Bitemporal_2026/bitemporal_go_API_v05/graph/generated.go:6641.14,6644.18 3 0
github.com/MarkWestbroek/Bitemporal_2026/bitemporal_go_API_v05/graph/generated.go:6644.18,6646.5 1 0
github.com/MarkWestbroek/Bitemporal_2026/bitemporal_go_API_v05/graph/generated.go:6647.4,6647.17 1 0
github.com/MarkWestbroek/Bitemporal_2026/bitemporal_go_API_v05/graph/generated.go:6651.2,6651.16 1 0
github.com/MarkWestbroek/Bitemporal_2026/bitemporal_go_API_v05/graph/generated.go:6654.120,6657.41 3 0
github.com/MarkWestbroek/Bitemporal_2026/bitemporal_go_API_v05/graph/generated.go:6657.41,6659.3 1 0
github.com/MarkWestbroek/Bitemporal_2026/bitemporal_go_API_v05/graph/generated.go:6661.2,6662.34 2 0
github.com/MarkWestbroek/Bitemporal_2026/bitemporal_go_API_v05/graph/generated.go:6662.34,6664.10 2 0
github.com/MarkWestbroek/Bitemporal_2026/bitemporal_go_API_v05/graph/generated.go:6664.10,6665.12 1 0
github.com/MarkWestbroek/Bitemporal_2026/bitemporal_go_API_v05/graph/generated.go:6667.3,6667.12 1 0
github.com/MarkWestbroek/Bitemporal_2026/bitemporal_go_API_v05/graph/generated.go:6668.13,6671.18 3 0
github.com/MarkWestbroek/Bitemporal_2026/bitemporal_go_API_v05/graph/generated.go:6671.18,6673.5 1 0
github.com/MarkWestbroek/Bitemporal_2026/bitemporal_go_API_v05/graph/generated.go:6674.4,6674.16 1 0
github.com/MarkWestbroek/Bitemporal_2026/bitemporal_go_API_v05/graph/generated.go:6675.16,6678.18 3 0
github.com/MarkWestbroek/Bitemporal_2026/bitemporal_go_API_v05/graph/generated.go:6678.18,6680.5 1 0
github.com/MarkWestbroek/Bitemporal_2026/bitemporal_go_API_v05/graph/generated.go:6681.4,6681.19 1 0
github.com/MarkWestbroek/Bitemporal_2026/bitemporal_go_API_v05/graph/generated.go:6682.22,6685.18 3 0
github.com/MarkWestbroek/Bitemporal_2026/bitemporal_go_API_v05/graph/generated.go:6685.18,6687.5 1 0
github.com/MarkWestbroek/Bitemporal_2026/bitemporal_go_API_v05/graph/generated.go:6688.4,6688.25 1 0
github.com/MarkWestbroek/Bitemporal_2026/bitemporal_go_API_v05/graph/generated.go:6689.18,6692.18 3 0
github.com/MarkWestbroek/Bitemporal_2026/bitemporal_go_API_v05/graph/generated.go:6692.18,6694.5 1 0
github.com/MarkWestbroek/Bitemporal_2026/bitemporal_go_API_v05/graph/generated.go:6695.4,6695.21 1 0
github.com/MarkWestbroek/Bitemporal_2026/bitemporal_go_API_v05/graph/generated.go:6696.17,6699.18 3 0
github.com/MarkWestbroek/Bitemporal_2026/bitemporal_go_API_v05/graph/generated.go:6699.18,6701.5 1 0
github.com/MarkWestbroek/Bitemporal_2026/bitemporal_go_API_v05/graph/generated.go:6702.4,6702.20 1 0
github.com/MarkWestbroek/Bitemporal_2026/bitemporal_go_API_v05/graph/generated.go:6706.2,6706.16 1 0
github.com/MarkWestbroek/Bitemporal_2026/bitemporal_go_API_v05/graph/generated.go:6709.138,6712.41 3 0
github.com/MarkWestbroek/Bitemporal_2026/bitemporal_go_API_v05/graph/generated.go:6712.41,6714.3 1 0
github.com/MarkWestbroek/Bitemporal_2026/bitemporal_go_API_v05/graph/generated.go:6716.2,6717.34 2 0
github.com/MarkWestbroek/Bitemporal_2026/bitemporal_go_API_v05/graph/generated.go:6717.34,6719.10 2 0
github.com/MarkWestbroek/Bitemporal_2026/bitemporal_go_API_v05/graph/generated.go:6719.10,6720.12 1 0
github.com/MarkWestbroek/Bitemporal_2026/bitemporal_go_API_v05/graph/generated.go:6722.3,6722.12 1 0
github.com/MarkWestbroek/Bitemporal_2026/bitemporal_go_API_v05/graph/generated.go:6723.14,6726.18 3 0
github.com/MarkWestbroek/Bitemporal_2026/bitemporal_go_API_v05/graph/generated.go:6726.18,6728.5 1 0
github.com/MarkWestbroek/Bitemporal_2026/bitemporal_go_API_v05/graph/generated.go:6729.4,6729.17 1 0
github.com/MarkWestbroek/Bitemporal_2026/bitemporal_go_API_v05/graph/generated.go:6730.14,6733.18 3 0
github.com/MarkWestbroek/Bitemporal_2026/bitemporal_go_API_v05/graph/generated.go:6733.18,6735.5 1 0
github.com/MarkWestbroek/Bitemporal_2026/bitemporal_go_API_v05/graph/generated.go:6736.4,6736.17 1 0
github.com/MarkWestbroek/Bitemporal_2026/bitemporal_go_API_v05/graph/generated.go:6740.2,6740.16 1 0
github.com/MarkWestbroek/Bitemporal_2026/bitemporal_go_API_v05/graph/generated.go:6743.126,6746.41 3 0
github.com/MarkWestbroek/Bitemporal_2026/bitemporal_go_API_v05/graph/generated.go:6746.41,6748.3 1 0
github.com/MarkWestbroek/Bitemporal_2026/bitemporal_go_API_v05/graph/generated.go:6750.2,6751.34 2 0
github.com/MarkWestbroek/Bitemporal_2026/bitemporal_go_API_v05/graph/generated.go:6751.34,6753.10 2 0
github.com/MarkWestbroek/Bitemporal_2026/bitemporal_go_API_v05/graph/generated.go:6753.10,6754.12 1 0
github.com/MarkWestbroek/Bitemporal_2026/bitemporal_go_API_v05/graph/generated.go:6756.3,6756.12 1 0
github.com/MarkWestbroek/Bitemporal_2026/bitemporal_go_API_v05/graph/generated.go:6757.17,6760.18 3 0
github.com/MarkWestbroek/Bitemporal_2026/bitemporal_go_API_v05/graph/generated.go:6760.18,6762.5 1 0
github.com/MarkWestbroek/Bitemporal_2026/bitemporal_go_API_v05/graph/generated.go:6763.4,6763.20 1 0
github.com/MarkWestbroek/Bitemporal_2026/bitemporal_go_API_v05/graph/generated.go:6764.17,6767.18 3 0
github.com/MarkWestbroek/Bitemporal_2026/bitemporal_go_API_v05/graph/generated.go:6767.18,6769.5 1 0
github.com/MarkWestbroek/Bitemporal_2026/bitemporal_go_API_v05/graph/generated.go:6770.4,6770.20 1 0
github.com/MarkWestbroek/Bitemporal_2026/bitemporal_go_API_v05/graph/generated.go:6774.2,6774.16 1 0
github.com/MarkWestbroek/Bitemporal_2026/bitemporal_go_API_v05/graph/generated.go:6777.126,6780.41 3 0
github.com/MarkWestbroek/Bitemporal_2026/bitemporal_go_API_v05/graph/generated.go:6780.41,6782.3 1 0
github.com/MarkWestbroek/Bitemporal_2026/bitemporal_go_API_v05/graph/generated.go:6784.2,6785.34 2 0
github.com/MarkWestbroek/Bitemporal_2026/bitemporal_go_API_v05/graph/generated.go:6785.34,6787.10 2 0
github.com/MarkWestbroek/Bitemporal_2026/bitemporal_go_API_v05/graph/generated.go:6787.10,6788.12 1 0
github.com/MarkWestbroek/Bitemporal_2026/bitemporal_go_API_v05/graph/generated.go:6790.3,6790.12 1 0
github.com/MarkWestbroek/Bitemporal_2026/bitemporal_go_API_v05/graph/generated.go:6791.17,6794.18 3 0
github.com/MarkWestbroek/Bitemporal_2026/bitemporal_go_API_v05/graph/generated.go:6794.18,6796.5 1 0
github.com/MarkWestbroek/Bitemporal_2026/bitemporal_go_API_v05/graph/generated.go:6797.4,6797.20 1 0
github.com/MarkWestbroek/Bitemporal_2026/bitemporal_go_API_v05/graph/generated.go:6798.17,6801.18 3 0
github.com/MarkWestbroek/Bitemporal_2026/bitemporal_go_API_v05/graph/generated.go:6801.18,6803.5 1 0
github.com/MarkWestbroek/Bitemporal_2026/bitemporal_go_API_v05/graph/generated.go:6804.4,6804.20 1 0
github.com/MarkWestbroek/Bitemporal_2026/bitemporal_go_API_v05/graph/generated.go:6808.2,6808.16 1 0
github.com/MarkWestbroek/Bitemporal_2026/bitemporal_go_API_v05/graph/generated.go:6811.120,6814.41 3 0
github.com/MarkWestbroek/Bitemporal_2026/bitemporal_go_API_v05/graph/generated.go:6814.41,6816.3 1 0
github.com/MarkWestbroek/Bitemporal_2026/bitemporal_go_API_v05/graph/generated.go:6818.2,6819.34 2 0
github.com/MarkWestbroek/Bitemporal_2026/bitemporal_go_API_v05/graph/generated.go:6819.34,6821.10 2 0
github.com/MarkWestbroek/Bitemporal_2026/bitemporal_go_API_v05/graph/generated.go:6821.10,6822.12 1 0
github.com/MarkWestbroek/Bitemporal_2026/bitemporal_go_API_v05/graph/generated.go:6824.3,6824.12 1 0
github.com/MarkWestbroek/Bitemporal_2026/bitemporal_go_API_v05/graph/generated.go:6825.16,6828.18 3 0
github.com/MarkWestbroek/Bitemporal_2026/bitemporal_go_API_v05/graph/generated.go:6828.18,6830.5 1 0
github.com/MarkWestbroek/Bitemporal_2026/bitemporal_go_API_v05/graph/generated.go:6831.4,6831.19 1 0
github.com/MarkWestbroek/Bitemporal_2026/bitemporal_go_API_v05/graph/generated.go:6832.22,6835.18 3 0
github.com/MarkWestbroek/Bitemporal_2026/bitemporal_go_API_v05/graph/generated.go:6835.18,6837.5 1 0
github.com/MarkWestbroek/Bitemporal_2026/bitemporal_go_API_v05/graph/generated.go:6838.4,6838.25 1 0
github.com/MarkWestbroek/Bitemporal_2026/bitemporal_go_API_v05/graph/generated.go:6839.18,6842.18 3 0
github.com/MarkWestbroek/Bitemporal_2026/bitemporal_go_API_v05/graph/generated.go:6842.18,6844.5 1 0
github.com/MarkWestbroek/Bitemporal_2026/bitemporal_go_API_v05/graph/generated.go:6845.4,6845.21 1 0
github.com/MarkWestbroek/Bitemporal_2026/bitemporal_go_API_v05/graph/generated.go:6846.17,6849.18 3 0
github.com/MarkWestbroek/Bitemporal_2026/bitemporal_go_API_v05/graph/generated.go:6849.18,6851.5 1 0
github.com/MarkWestbroek/Bitemporal_2026/bitemporal_go_API_v05/graph/generated.go:6852.4,6852.20 1 0
github.com/MarkWestbroek/Bitemporal_2026/bitemporal_go_API_v05/graph/generated.go:6856.2,6856.16 1 0
github.com/MarkWestbroek/Bitemporal_2026/bitemporal_go_API_v05/graph/generated.go:6869.117,6874.31 4 0
github.com/MarkWestbroek/Bitemporal_2026/bitemporal_go_API_v05/graph/generated.go:6874.31,6875.21 1 0
github.com/MarkWestbroek/Bitemporal_2026/bitemporal_go_API_v05/graph/generated.go:6876.21,6877.51 1 0
github.com/MarkWestbroek/Bitemporal_2026/bitemporal_go_API_v05/graph/generated.go:6878.13,6880.37 2 0
github.com/MarkWestbroek/Bitemporal_2026/bitemporal_go_API_v05/graph/generated.go:6880.37,6882.5 1 0
github.com/MarkWestbroek/Bitemporal_2026/bitemporal_go_API_v05/graph/generated.go:6883.21,6885.37 2 0
github.com/MarkWestbroek/Bitemporal_2026/bitemporal_go_API_v05/graph/generated.go:6885.37,6887.5 1 0
github.com/MarkWestbroek/Bitemporal_2026/bitemporal_go_API_v05/graph/generated.go:6888.25,6890.37 2 0
github.com/MarkWestbroek/Bitemporal_2026/bitemporal_go_API_v05/graph/generated.go:6890.37,6892.5 1 0
github.com/MarkWestbroek/Bitemporal_2026/bitemporal_go_API_v05/graph/generated.go:6893.29,6895.37 2 0
github.com/MarkWestbroek/Bitemporal_2026/bitemporal_go_API_v05/graph/generated.go:6895.37,6897.5 1 0
github.com/MarkWestbroek/Bitemporal_2026/bitemporal_go_API_v05/graph/generated.go:6898.27,6900.37 2 0
github.com/MarkWestbroek/Bitemporal_2026/bitemporal_go_API_v05/graph/generated.go:6900.37,6902.5 1 0
github.com/MarkWestbroek/Bitemporal_2026/bitemporal_go_API_v05/graph/generated.go:6903.20,6905.37 2 0
github.com/MarkWestbroek/Bitemporal_2026/bitemporal_go_API_v05/graph/generated.go:6905.37,6907.5 1 0
github.com/MarkWestbroek/Bitemporal_2026/bitemporal_go_API_v05/graph/generated.go:6908.23,6910.37 2 0
github.com/MarkWestbroek/Bitemporal_2026/bitemporal_go_API_v05/graph/generated.go:6910.37,6912.5 1 0
github.com/MarkWestbroek/Bitemporal_2026/bitemporal_go_API_v05/graph/generated.go:6913.11,6914.55 1 0
github.com/MarkWestbroek/Bitemporal_2026/bitemporal_go_API_v05/graph/generated.go:6917.2,6918.22 2 0
github.com/MarkWestbroek/Bitemporal_2026/bitemporal_go_API_v05/graph/generated.go:6918.22,6920.3 1 0
github.com/MarkWestbroek/Bitemporal_2026/bitemporal_go_API_v05/graph/generated.go:6922.2,6924.35 2 0
github.com/MarkWestbroek/Bitemporal_2026/bitemporal_go_API_v05/graph/generated.go:6924.35,6931.3 1 0
github.com/MarkWestbroek/Bitemporal_2026/bitemporal_go_API_v05/graph/generated.go:6933.2,6933.12 1 0
github.com/MarkWestbroek/Bitemporal_2026/bitemporal_go_API_v05/graph/generated.go:6938.131,6943.31 4 0
github.com/MarkWestbroek/Bitemporal_2026/bitemporal_go_API_v05/graph/generated.go:6943.31,6944.21 1 0
github.com/MarkWestbroek/Bitemporal_2026/bitemporal_go_API_v05/graph/generated.go:6945.21,6946.58 1 0
github.com/MarkWestbroek/Bitemporal_2026/bitemporal_go_API_v05/graph/generated.go:6947.16,6949.37 2 0
github.com/MarkWestbroek/Bitemporal_2026/bitemporal_go_API_v05/graph/generated.go:6949.37,6951.5 1 0
github.com/MarkWestbroek/Bitemporal_2026/bitemporal_go_API_v05/graph/generated.go:6952.14,6954.37 2 0
github.com/MarkWestbroek/Bitemporal_2026/bitemporal_go_API_v05/graph/generated.go:6954.37,6956.5 1 0
github.com/MarkWestbroek/Bitemporal_2026/bitemporal_go_API_v05/graph/generated.go:6957.14,6959.37 2 0
github.com/MarkWestbroek/Bitemporal_2026/bitemporal_go_API_v05/graph/generated.go:6959.37,6961.5 1 0
github.com/MarkWestbroek/Bitemporal_2026/bitemporal_go_API_v05/graph/generated.go:6962.14,6964.37 2 0
github.com/MarkWestbroek/Bitemporal_2026/bitemporal_go_API_v05/graph/generated.go:6964.37,6966.5 1 0
github.com/MarkWestbroek/Bitemporal_2026/bitemporal_go_API_v05/graph/generated.go:6967.11,6968.55 1 0
github.com/MarkWestbroek/Bitemporal_2026/bitemporal_go_API_v05/graph/generated.go:6971.2,6972.22 2 0
github.com/MarkWestbroek/Bitemporal_2026/bitemporal_go_API_v05/graph/generated.go:6972.22,6974.3 1 0
github.com/MarkWestbroek/Bitemporal_2026/bitemporal_go_API_v05/graph/generated.go:6976.2,6978.35 2 0
github.com/MarkWestbroek/Bitemporal_2026/bitemporal_go_API_v05/graph/generated.go:6978.35,6985.3 1 0
github.com/MarkWestbroek/Bitemporal_2026/bitemporal_go_API_v05/graph/generated.go:6987.2,6987.12 1 0
github.com/MarkWestbroek/Bitemporal_2026/bitemporal_go_API_v05/graph/generated.go:6992.131,6997.31 4 0
github.com/MarkWestbroek/Bitemporal_2026/bitemporal_go_API_v05/graph/generated.go:6997.31,6998.21 1 0
github.com/MarkWestbroek/Bitemporal_2026/bitemporal_go_API_v05/graph/generated.go:6999.21,7000.58 1 0
github.com/MarkWestbroek/Bitemporal_2026/bitemporal_go_API_v05/graph/generated.go:7001.16,7003.37 2 0
github.com/MarkWestbroek/Bitemporal_2026/bitemporal_go_API_v05/graph/generated.go:7003.37,7005.5 1 0
github.com/MarkWestbroek/Bitemporal_2026/bitemporal_go_API_v05/graph/generated.go:7006.14,7008.37 2 0
github.com/MarkWestbroek/Bitemporal_2026/bitemporal_go_API_v05/graph/generated.go:7008.37,7010.5 1 0
github.com/MarkWestbroek/Bitemporal_2026/bitemporal_go_API_v05/graph/generated.go:7011.14,7013.37 2 0
github.com/MarkWestbroek/Bitemporal_2026/bitemporal_go_API_v05/graph/generated.go:7013.37,7015.5 1 0
github.com/MarkWestbroek/Bitemporal_2026/bitemporal_go_API_v05/graph/generated.go:7016.11,7017.55 1 0
github.com/MarkWestbroek/Bitemporal_2026/bitemporal_go_API_v05/graph/generated.go:7020.2,7021.22 2 0
github.com/MarkWestbroek/Bitemporal_2026/bitemporal_go_API_v05/graph/generated.go:7021.22,7023.3 1 0
github.com/MarkWestbroek/Bitemporal_2026/bitemporal_go_API_v05/graph/generated.go:7025.2,7027.35 2 0
github.com/MarkWestbroek/Bitemporal_2026/bitemporal_go_API_v05/graph/generated.go:7027.35,7034.3 1 0
github.com/MarkWestbroek/Bitemporal_2026/bitemporal_go_API_v05/graph/generated.go:7036.2,7036.12 1 0
github.com/MarkWestbroek/Bitemporal_2026/bitemporal_go_API_v05/graph/generated.go:7041.131,7046.31 4 0
github.com/MarkWestbroek/Bitemporal_2026/bitemporal_go_API_v05/graph/generated.go:7046.31,7047.21 1 0
github.com/MarkWestbroek/Bitemporal_2026/bitemporal_go_API_v05/graph/generated.go:7048.21,7049.58 1 0
github.com/MarkWestbroek/Bitemporal_2026/bitemporal_go_API_v05/graph/generated.go:7050.16,7052.37 2 0
github.com/MarkWestbroek/Bitemporal_2026/bitemporal_go_API_v05/graph/generated.go:7052.37,7054.5 1 0
github.com/MarkWestbroek/Bitemporal_2026/bitemporal_go_API_v05/graph/generated.go:7055.14,7057.37 2 0
github.com/MarkWestbroek/Bitemporal_2026/bitemporal_go_API_v05/graph/generated.go:7057.37,7059.5 1 0
github.com/MarkWestbroek/Bitemporal_2026/bitemporal_go_API_v05/graph/generated.go:7060.14,7062.37 2 0
github.com/MarkWestbroek/Bitemporal_2026/bitemporal_go_API_v05/graph/generated.go:7062.37,7064.5 1 0
github.com/MarkWestbroek/Bitemporal_2026/bitemporal_go_API_v05/graph/generated.go:7065.14,7067.37 2 0
github.com/MarkWestbroek/Bitemporal_2026/bitemporal_go_API_v05/graph/generated.go:7067.37,7069.5 1 0
github.com/MarkWestbroek/Bitemporal_2026/bitemporal_go_API_v05/graph/generated.go:7070.11,7071.55 1 0
github.com/MarkWestbroek/Bitemporal_2026/bitemporal_go_API_v05/graph/generated.go:7074.2,7075.22 2 0
github.com/MarkWestbroek/Bitemporal_2026/bitemporal_go_API_v05/graph/generated.go:7075.22,7077.3 1 0
github.com/MarkWestbroek/Bitemporal_2026/bitemporal_go_API_v05/graph/generated.go:7079.2,7081.35 2 0
github.com/MarkWestbroek/Bitemporal_2026/bitemporal_go_API_v05/graph/generated.go:7081.35,7088.3 1 0
github.com/MarkWestbroek/Bitemporal_2026/bitemporal_go_API_v05/graph/generated.go:7090.2,7090.12 1 0
github.com/MarkWestbroek/Bitemporal_2026/bitemporal_go_API_v05/graph/generated.go:7095.131,7100.31 4 0
github.com/MarkWestbroek/Bitemporal_2026/bitemporal_go_API_v05/graph/generated.go:7100.31,7101.21 1 0
github.com/MarkWestbroek/Bitemporal_2026/bitemporal_go_API_v05/graph/generated.go:7102.21,7103.58 1 0
github.com/MarkWestbroek/Bitemporal_2026/bitemporal_go_API_v05/graph/generated.go:7104.16,7106.37 2 0
github.com/MarkWestbroek/Bitemporal_2026/bitemporal_go_API_v05/graph/generated.go:7106.37,7108.5 1 0
github.com/MarkWestbroek/Bitemporal_2026/bitemporal_go_API_v05/graph/generated.go:7109.14,7111.37 2 0
github.com/MarkWestbroek/Bitemporal_2026/bitemporal_go_API_v05/graph/generated.go:7111.37,7113.5 1 0
github.com/MarkWestbroek/Bitemporal_2026/bitemporal_go_API_v05/graph/generated.go:7114.14,7116.37 2 0
github.com/MarkWestbroek/Bitemporal_2026/bitemporal_go_API_v05/graph/generated.go:7116.37,7118.5 1 0
github.com/MarkWestbroek/Bitemporal_2026/bitemporal_go_API_v05/graph/generated.go:7119.11,7120.55 1 0
github.com/MarkWestbroek/Bitemporal_2026/bitemporal_go_API_v05/graph/generated.go:7123.2,7124.22 2 0
github.com/MarkWestbroek/Bitemporal_2026/bitemporal_go_API_v05/graph/generated.go:7124.22,7126.3 1 0
github.com/MarkWestbroek/Bitemporal_2026/bitemporal_go_API_v05/graph/generated.go:7128.2,7130.35 2 0
github.com/MarkWestbroek/Bitemporal_2026/bitemporal_go_API_v05/graph/generated.go:7130.35,7137.3 1 0
github.com/MarkWestbroek/Bitemporal_2026/bitemporal_go_API_v05/graph/generated.go:7139.2,7139.12 1 0
github.com/MarkWestbroek/Bitemporal_2026/bitemporal_go_API_v05/graph/generated.go:7144.119,7149.31 4 0
github.com/MarkWestbroek/Bitemporal_2026/bitemporal_go_API_v05/graph/generated.go:7149.31,7150.21 1 0
github.com/MarkWestbroek/Bitemporal_2026/bitemporal_go_API_v05/graph/generated.go:7151.21,7152.52 1 0
github.com/MarkWestbroek/Bitemporal_2026/bitemporal_go_API_v05/graph/generated.go:7153.13,7155.37 2 0
github.com/MarkWestbroek/Bitemporal_2026/bitemporal_go_API_v05/graph/generated.go:7155.37,7157.5 1 0
github.com/MarkWestbroek/Bitemporal_2026/bitemporal_go_API_v05/graph/generated.go:7158.17,7159.55 1 0
github.com/MarkWestbroek/Bitemporal_2026/bitemporal_go_API_v05/graph/generated.go:7160.17,7161.55 1 0
github.com/MarkWestbroek/Bitemporal_2026/bitemporal_go_API_v05/graph/generated.go:7162.24,7163.62 1 0
github.com/MarkWestbroek/Bitemporal_2026/bitemporal_go_API_v05/graph/generated.go:7164.25,7166.37 2 0
github.com/MarkWestbroek/Bitemporal_2026/bitemporal_go_API_v05/graph/generated.go:7166.37,7168.5 1 0
github.com/MarkWestbroek/Bitemporal_2026/bitemporal_go_API_v05/graph/generated.go:7169.20,7171.37 2 0
github.com/MarkWestbroek/Bitemporal_2026/bitemporal_go_API_v05/graph/generated.go:7171.37,7173.5 1 0
github.com/MarkWestbroek/Bitemporal_2026/bitemporal_go_API_v05/graph/generated.go:7174.11,7175.55 1 0
github.com/MarkWestbroek/Bitemporal_2026/bitemporal_go_API_v05/graph/generated.go:7178.2,7179.22 2 0
github.com/MarkWestbroek/Bitemporal_2026/bitemporal_go_API_v05/graph/generated.go:7179.22,7181.3 1 0
github.com/MarkWestbroek/Bitemporal_2026/bitemporal_go_API_v05/graph/generated.go:7183.2,7185.35 2 0
github.com/MarkWestbroek/Bitemporal_2026/bitemporal_go_API_v05/graph/generated.go:7185.35,7192.3 1 0
github.com/MarkWestbroek/Bitemporal_2026/bitemporal_go_API_v05/graph/generated.go:7194.2,7194.12 1 0
github.com/MarkWestbroek/Bitemporal_2026/bitemporal_go_API_v05/graph/generated.go:7199.119,7204.31 4 0
github.com/MarkWestbroek/Bitemporal_2026/bitemporal_go_API_v05/graph/generated.go:7204.31,7205.21 1 0
github.com/MarkWestbroek/Bitemporal_2026/bitemporal_go_API_v05/graph/generated.go:7206.21,7207.52 1 0
github.com/MarkWestbroek/Bitemporal_2026/bitemporal_go_API_v05/graph/generated.go:7208.13,7210.37 2 0
github.com/MarkWestbroek/Bitemporal_2026/bitemporal_go_API_v05/graph/generated.go:7210.37,7212.5 1 0
github.com/MarkWestbroek/Bitemporal_2026/bitemporal_go_API_v05/graph/generated.go:7213.17,7214.55 1 0
github.com/MarkWestbroek/Bitemporal_2026/bitemporal_go_API_v05/graph/generated.go:7215.17,7216.55 1 0
github.com/MarkWestbroek/Bitemporal_2026/bitemporal_go_API_v05/graph/generated.go:7217.24,7218.62 1 0
github.com/MarkWestbroek/Bitemporal_2026/bitemporal_go_API_v05/graph/generated.go:7219.24,7220.62 1 0
github.com/MarkWestbroek/Bitemporal_2026/bitemporal_go_API_v05/graph/generated.go:7221.20,7223.37 2 0
github.com/MarkWestbroek/Bitemporal_2026/bitemporal_go_API_v05/graph/generated.go:7223.37,7225.5 1 0
github.com/MarkWestbroek/Bitemporal_2026/bitemporal_go_API_v05/graph/generated.go:7226.11,7227.55 1 0
github.com/MarkWestbroek/Bitemporal_2026/bitemporal_go_API_v05/graph/generated.go:7230.2,7231.22 2 0
github.com/MarkWestbroek/Bitemporal_2026/bitemporal_go_API_v05/graph/generated.go:7231.22,7233.3 1 0
github.com/MarkWestbroek/Bitemporal_2026/bitemporal_go_API_v05/graph/generated.go:7235.2,7237.35 2 0
github.com/MarkWestbroek/Bitemporal_2026/bitemporal_go_API_v05/graph/generated.go:7237.35,7244.3 1 0
github.com/MarkWestbroek/Bitemporal_2026/bitemporal_go_API_v05/graph/generated.go:7246.2,7246.12 1 0
github.com/MarkWestbroek/Bitemporal_2026/bitemporal_go_API_v05/graph/generated.go:7251.100,7259.31 5 0
github.com/MarkWestbroek/Bitemporal_2026/bitemporal_go_API_v05/graph/generated.go:7259.31,7265.21 2 0
github.com/MarkWestbroek/Bitemporal_2026/bitemporal_go_API_v05/graph/generated.go:7266.21,7267.53 1 0
github.com/MarkWestbroek/Bitemporal_2026/bitemporal_go_API_v05/graph/generated.go:7268.24,7269.123 1 0
github.com/MarkWestbroek/Bitemporal_2026/bitemporal_go_API_v05/graph/generated.go:7269.123,7271.5 1 0
github.com/MarkWestbroek/Bitemporal_2026/bitemporal_go_API_v05/graph/generated.go:7272.4,7272.37 1 0
github.com/MarkWestbroek/Bitemporal_2026/bitemporal_go_API_v05/graph/generated.go:7272.37,7274.5 1 0
github.com/MarkWestbroek/Bitemporal_2026/bitemporal_go_API_v05/graph/generated.go:7275.24,7276.123 1 0
github.com/MarkWestbroek/Bitemporal_2026/bitemporal_go_API_v05/graph/generated.go:7276.123,7278.5 1 0
github.com/MarkWestbroek/Bitemporal_2026/bitemporal_go_API_v05/graph/generated.go:7279.4,7279.37 1 0
github.com/MarkWestbroek/Bitemporal_2026/bitemporal_go_API_v05/graph/generated.go:7279.37,7281.5 1 0
github.com/MarkWestbroek/Bitemporal_2026/bitemporal_go_API_v05/graph/generated.go:7282.24,7283.123 1 0
github.com/MarkWestbroek/Bitemporal_2026/bitemporal_go_API_v05/graph/generated.go:7283.123,7285.5 1 0
github.com/MarkWestbroek/Bitemporal_2026/bitemporal_go_API_v05/graph/generated.go:7286.4,7286.37 1 0
github.com/MarkWestbroek/Bitemporal_2026/bitemporal_go_API_v05/graph/generated.go:7286.37,7288.5 1 0
github.com/MarkWestbroek/Bitemporal_2026/bitemporal_go_API_v05/graph/generated.go:7289.24,7290.123 1 0
github.com/MarkWestbroek/Bitemporal_2026/bitemporal_go_API_v05/graph/generated.go:7290.123,7292.5 1 0
github.com/MarkWestbroek/Bitemporal_2026/bitemporal_go_API_v05/graph/generated.go:7293.4,7293.37 1 0
github.com/MarkWestbroek/Bitemporal_2026/bitemporal_go_API_v05/graph/generated.go:7293.37,7295.5 1 0
github.com/MarkWestbroek/Bitemporal_2026/bitemporal_go_API_v05/graph/generated.go:7296.24,7297.123 1 0
github.com/MarkWestbroek/Bitemporal_2026/bitemporal_go_API_v05/graph/generated.go:7297.123,7299.5 1 0
github.com/MarkWestbroek/Bitemporal_2026/bitemporal_go_API_v05/graph/generated.go:7300.4,7300.37 1 0
github.com/MarkWestbroek/Bitemporal_2026/bitemporal_go_API_v05/graph/generated.go:7300.37,7302.5 1 0
github.com/MarkWestbroek/Bitemporal_2026/bitemporal_go_API_v05/graph/generated.go:7303.24,7304.123 1 0
github.com/MarkWestbroek/Bitemporal_2026/bitemporal_go_API_v05/graph/generated.go:7304.123,7306.5 1 0
github.com/MarkWestbroek/Bitemporal_2026/bitemporal_go_API_v05/graph/generated.go:7307.4,7307.37 1 0
github.com/MarkWestbroek/Bitemporal_2026/bitemporal_go_API_v05/graph/generated.go:7307.37,7309.5 1 0
github.com/MarkWestbroek/Bitemporal_2026/bitemporal_go_API_v05/graph/generated.go:7310.27,7311.123 1 0
github.com/MarkWestbroek/Bitemporal_2026/bitemporal_go_API_v05/graph/generated.go:7311.123,7313.5 1 0
github.com/MarkWestbroek/Bitemporal_2026/bitemporal_go_API_v05/graph/generated.go:7314.4,7314.37 1 0
github.com/MarkWestbroek/Bitemporal_2026/bitemporal_go_API_v05/graph/generated.go:7314.37,7316.5 1 0
github.com/MarkWestbroek/Bitemporal_2026/bitemporal_go_API_v05/graph/generated.go:7317.27,7318.123 1 0
github.com/MarkWestbroek/Bitemporal_2026/bitemporal_go_API_v05/graph/generated.go:7318.123,7320.5 1 0
github.com/MarkWestbroek/Bitemporal_2026/bitemporal_go_API_v05/graph/generated.go:7321.4,7321.37 1 0
github.com/MarkWestbroek/Bitemporal_2026/bitemporal_go_API_v05/graph/generated.go:7321.37,7323.5 1 0
github.com/MarkWestbroek/Bitemporal_2026/bitemporal_go_API_v05/graph/generated.go:7324.30,7325.123 1 0
github.com/MarkWestbroek/Bitemporal_2026/bitemporal_go_API_v05/graph/generated.go:7325.123,7327.5 1 0
github.com/MarkWestbroek/Bitemporal_2026/bitemporal_go_API_v05/graph/generated.go:7328.4,7328.37 1 0
github.com/MarkWestbroek/Bitemporal_2026/bitemporal_go_API_v05/graph/generated.go:7328.37,7330.5 1 0
github.com/MarkWestbroek/Bitemporal_2026/bitemporal_go_API_v05/graph/generated.go:7331.30,7332.123 1 0
github.com/MarkWestbroek/Bitemporal_2026/bitemporal_go_API_v05/graph/generated.go:7332.123,7334.5 1 0
github.com/MarkWestbroek/Bitemporal_2026/bitemporal_go_API_v05/graph/generated.go:7335.4,7335.37 1 0
github.com/MarkWestbroek/Bitemporal_2026/bitemporal_go_API_v05/graph/generated.go:7335.37,7337.5 1 0
github.com/MarkWestbroek/Bitemporal_2026/bitemporal_go_API_v05/graph/generated.go:7338.30,7339.123 1 0
github.com/MarkWestbroek/Bitemporal_2026/bitemporal_go_API_v05/graph/generated.go:7339.123,7341.5 1 0
github.com/MarkWestbroek/Bitemporal_2026/bitemporal_go_API_v05/graph/generated.go:7342.4,7342.37 1 0
github.com/MarkWestbroek/Bitemporal_2026/bitemporal_go_API_v05/graph/generated.go:7342.37,7344.5 1 0
github.com/MarkWestbroek/Bitemporal_2026/bitemporal_go_API_v05/graph/generated.go:7345.30,7346.123 1 0
github.com/MarkWestbroek/Bitemporal_2026/bitemporal_go_API_v05/graph/generated.go:7346.123,7348.5 1 0
github.com/MarkWestbroek/Bitemporal_2026/bitemporal_go_API_v05/graph/generated.go:7349.4,7349.37 1 0
github.com/MarkWestbroek/Bitemporal_2026/bitemporal_go_API_v05/graph/generated.go:7349.37,7351.5 1 0
github.com/MarkWestbroek/Bitemporal_2026/bitemporal_go_API_v05/graph/generated.go:7352.30,7353.123 1 0
github.com/MarkWestbroek/Bitemporal_2026/bitemporal_go_API_v05/graph/generated.go:7353.123,7355.5 1 0
github.com/MarkWestbroek/Bitemporal_2026/bitemporal_go_API_v05/graph/generated.go:7356.4,7356.37 1 0
github.com/MarkWestbroek/Bitemporal_2026/bitemporal_go_API_v05/graph/generated.go:7356.37,7358.5 1 0
github.com/MarkWestbroek/Bitemporal_2026/bitemporal_go_API_v05/graph/generated.go:7359.21,7360.123 1 0
github.com/MarkWestbroek/Bitemporal_2026/bitemporal_go_API_v05/graph/generated.go:7360.123,7362.5 1 0
github.com/MarkWestbroek/Bitemporal_2026/bitemporal_go_API_v05/graph/generated.go:7363.4,7363.37 1 0
github.com/MarkWestbroek/Bitemporal_2026/bitemporal_go_API_v05/graph/generated.go:7363.37,7365.5 1 0
github.com/MarkWestbroek/Bitemporal_2026/bitemporal_go_API_v05/graph/generated.go:7366.21,7367.123 1 0
github.com/MarkWestbroek/Bitemporal_2026/bitemporal_go_API_v05/graph/generated.go:7367.123,7369.5 1 0
github.com/MarkWestbroek/Bitemporal_2026/bitemporal_go_API_v05/graph/generated.go:7370.4,7370.37 1 0
github.com/MarkWestbroek/Bitemporal_2026/bitemporal_go_API_v05/graph/generated.go:7370.37,7372.5 1 0
github.com/MarkWestbroek/Bitemporal_2026/bitemporal_go_API_v05/graph/generated.go:7373.21,7374.123 1 0
github.com/MarkWestbroek/Bitemporal_2026/bitemporal_go_API_v05/graph/generated.go:7374.123,7376.5 1 0
github.com/MarkWestbroek/Bitemporal_2026/bitemporal_go_API_v05/graph/generated.go:7377.4,7377.37 1 0
github.com/MarkWestbroek/Bitemporal_2026/bitemporal_go_API_v05/graph/generated.go:7377.37,7379.5 1 0
github.com/MarkWestbroek/Bitemporal_2026/bitemporal_go_API_v05/graph/generated.go:7380.11,7381.55 1 0
github.com/MarkWestbroek/Bitemporal_2026/bitemporal_go_API_v05/graph/generated.go:7384.2,7385.22 2 0
github.com/MarkWestbroek/Bitemporal_2026/bitemporal_go_API_v05/graph/generated.go:7385.22,7387.3 1 0
github.com/MarkWestbroek/Bitemporal_2026/bitemporal_go_API_v05/graph/generated.go:7389.2,7391.35 2 0
github.com/MarkWestbroek/Bitemporal_2026/bitemporal_go_API_v05/graph/generated.go:7391.35,7398.3 1 0
github.com/MarkWestbroek/Bitemporal_2026/bitemporal_go_API_v05/graph/generated.go:7400.2,7400.12 1 0
github.com/MarkWestbroek/Bitemporal_2026/bitemporal_go_API_v05/graph/generated.go:7405.97,7413.31 5 0
github.com/MarkWestbroek/Bitemporal_2026/bitemporal_go_API_v05/graph/generated.go:7413.31,7419.21 2 0
github.com/MarkWestbroek/Bitemporal_2026/bitemporal_go_API_v05/graph/generated.go:7420.21,7421.50 1 0
github.com/MarkWestbroek/Bitemporal_2026/bitemporal_go_API_v05/graph/generated.go:7422.18,7425.88 2 0
github.com/MarkWestbroek/Bitemporal_2026/bitemporal_go_API_v05/graph/generated.go:7425.88,7426.18 1 0
github.com/MarkWestbroek/Bitemporal_2026/bitemporal_go_API_v05/graph/generated.go:7426.18,7427.34 1 0
github.com/MarkWestbroek/Bitemporal_2026/bitemporal_go_API_v05/graph/generated.go:7427.34,7429.7 1 0
github.com/MarkWestbroek/Bitemporal_2026/bitemporal_go_API_v05/graph/generated.go:7431.5,7432.15 2 0
github.com/MarkWestbroek/Bitemporal_2026/bitemporal_go_API_v05/graph/generated.go:7435.4,7435.55 1 0
github.com/MarkWestbroek/Bitemporal_2026/bitemporal_go_API_v05/graph/generated.go:7435.55,7437.50 1 0
github.com/MarkWestbroek/Bitemporal_2026/bitemporal_go_API_v05/graph/generated.go:7437.50,7437.80 1 0
github.com/MarkWestbroek/Bitemporal_2026/bitemporal_go_API_v05/graph/generated.go:7440.4,7440.68 1 0
github.com/MarkWestbroek/Bitemporal_2026/bitemporal_go_API_v05/graph/generated.go:7440.68,7440.92 1 0
github.com/MarkWestbroek/Bitemporal_2026/bitemporal_go_API_v05/graph/generated.go:7441.23,7444.89 2 0
github.com/MarkWestbroek/Bitemporal_2026/bitemporal_go_API_v05/graph/generated.go:7444.89,7445.18 1 0
github.com/MarkWestbroek/Bitemporal_2026/bitemporal_go_API_v05/graph/generated.go:7445.18,7446.34 1 0
github.com/MarkWestbroek/Bitemporal_2026/bitemporal_go_API_v05/graph/generated.go:7446.34,7448.7 1 0
github.com/MarkWestbroek/Bitemporal_2026/bitemporal_go_API_v05/graph/generated.go:7450.5,7451.28 2 0
github.com/MarkWestbroek/Bitemporal_2026/bitemporal_go_API_v05/graph/generated.go:7451.28,7453.6 1 0
github.com/MarkWestbroek/Bitemporal_2026/bitemporal_go_API_v05/graph/generated.go:7454.5,7454.15 1 0
github.com/MarkWestbroek/Bitemporal_2026/bitemporal_go_API_v05/graph/generated.go:7457.4,7457.55 1 0
github.com/MarkWestbroek/Bitemporal_2026/bitemporal_go_API_v05/graph/generated.go:7457.55,7459.50 1 0
github.com/MarkWestbroek/Bitemporal_2026/bitemporal_go_API_v05/graph/generated.go:7459.50,7459.80 1 0
github.com/MarkWestbroek/Bitemporal_2026/bitemporal_go_API_v05/graph/generated.go:7462.4,7462.68 1 0
github.com/MarkWestbroek/Bitemporal_2026/bitemporal_go_API_v05/graph/generated.go:7462.68,7462.92 1 0
github.com/MarkWestbroek/Bitemporal_2026/bitemporal_go_API_v05/graph/generated.go:7463.18,7466.88 2 0
github.com/MarkWestbroek/Bitemporal_2026/bitemporal_go_API_v05/graph/generated.go:7466.88,7467.18 1 0
github.com/MarkWestbroek/Bitemporal_2026/bitemporal_go_API_v05/graph/generated.go:7467.18,7468.34 1 0
github.com/MarkWestbroek/Bitemporal_2026/bitemporal_go_API_v05/graph/generated.go:7468.34,7470.7 1 0
github.com/MarkWestbroek/Bitemporal_2026/bitemporal_go_API_v05/graph/generated.go:7472.5,7473.15 2 0
github.com/MarkWestbroek/Bitemporal_2026/bitemporal_go_API_v05/graph/generated.go:7476.4,7476.55 1 0
github.com/MarkWestbroek/Bitemporal_2026/bitemporal_go_API_v05/graph/generated.go:7476.55,7478.50 1 0
github.com/MarkWestbroek/Bitemporal_2026/bitemporal_go_API_v05/graph/generated.go:7478.50,7478.80 1 0
github.com/MarkWestbroek/Bitemporal_2026/bitemporal_go_API_v05/graph/generated.go:7481.4,7481.68 1 0
github.com/MarkWestbroek/Bitemporal_2026/bitemporal_go_API_v05/graph/generated.go:7481.68,7481.92 1 0
github.com/MarkWestbroek/Bitemporal_2026/bitemporal_go_API_v05/graph/generated.go:7482.23,7485.89 2 0
github.com/MarkWestbroek/Bitemporal_2026/bitemporal_go_API_v05/graph/generated.go:7485.89,7486.18 1 0
github.com/MarkWestbroek/Bitemporal_2026/bitemporal_go_API_v05/graph/generated.go:7486.18,7487.34 1 0
github.com/MarkWestbroek/Bitemporal_2026/bitemporal_go_API_v05/graph/generated.go:7487.34,7489.7 1 0
github.com/MarkWestbroek/Bitemporal_2026/bitemporal_go_API_v05/graph/generated.go:7491.5,7492.28 2 0
github.com/MarkWestbroek/Bitemporal_2026/bitemporal_go_API_v05/graph/generated.go:7492.28,7494.6 1 0
github.com/MarkWestbroek/Bitemporal_2026/bitemporal_go_API_v05/graph/generated.go:7495.5,7495.15 1 0
github.com/MarkWestbroek/Bitemporal_2026/bitemporal_go_API_v05/graph/generated.go:7498.4,7498.55 1 0
github.com/MarkWestbroek/Bitemporal_2026/bitemporal_go_API_v05/graph/generated.go:7498.55,7500.50 1 0
github.com/MarkWestbroek/Bitemporal_2026/bitemporal_go_API_v05/graph/generated.go:7500.50,7500.80 1 0
github.com/MarkWestbroek/Bitemporal_2026/bitemporal_go_API_v05/graph/generated.go:7503.4,7503.68 1 0
github.com/MarkWestbroek/Bitemporal_2026/bitemporal_go_API_v05/graph/generated.go:7503.68,7503.92 1 0
github.com/MarkWestbroek/Bitemporal_2026/bitemporal_go_API_v05/graph/generated.go:7504.21,7507.88 2 0
github.com/MarkWestbroek/Bitemporal_2026/bitemporal_go_API_v05/graph/generated.go:7507.88,7508.18 1 0
github.com/MarkWestbroek/Bitemporal_2026/bitemporal_go_API_v05/graph/generated.go:7508.18,7509.34 1 0
github.com/MarkWestbroek/Bitemporal_2026/bitemporal_go_API_v05/graph/generated.go:7509.34,7511.7 1 0
github.com/MarkWestbroek/Bitemporal_2026/bitemporal_go_API_v05/graph/generated.go:7513.5,7514.15 2 0
github.com/MarkWestbroek/Bitemporal_2026/bitemporal_go_API_v05/graph/generated.go:7517.4,7517.55 1 0
github.com/MarkWestbroek/Bitemporal_2026/bitemporal_go_API_v05/graph/generated.go:7517.55,7519.50 1 0
github.com/MarkWestbroek/Bitemporal_2026/bitemporal_go_API_v05/graph/generated.go:7519.50,7519.80 1 0
github.com/MarkWestbroek/Bitemporal_2026/bitemporal_go_API_v05/graph/generated.go:7522.4,7522.68 1 0
github.com/MarkWestbroek/Bitemporal_2026/bitemporal_go_API_v05/graph/generated.go:7522.68,7522.92 1 0
github.com/MarkWestbroek/Bitemporal_2026/bitemporal_go_API_v05/graph/generated.go:7523.25,7526.89 2 0
github.com/MarkWestbroek/Bitemporal_2026/bitemporal_go_API_v05/graph/generated.go:7526.89,7527.18 1 0
github.com/MarkWestbroek/Bitemporal_2026/bitemporal_go_API_v05/graph/generated.go:7527.18,7528.34 1 0
github.com/MarkWestbroek/Bitemporal_2026/bitemporal_go_API_v05/graph/generated.go:7528.34,7530.7 1 0
github.com/MarkWestbroek/Bitemporal_2026/bitemporal_go_API_v05/graph/generated.go:7532.5,7533.28 2 0
github.com/MarkWestbroek/Bitemporal_2026/bitemporal_go_API_v05/graph/generated.go:7533.28,7535.6 1 0
github.com/MarkWestbroek/Bitemporal_2026/bitemporal_go_API_v05/graph/generated.go:7536.5,7536.15 1 0
github.com/MarkWestbroek/Bitemporal_2026/bitemporal_go_API_v05/graph/generated.go:7539.4,7539.55 1 0
github.com/MarkWestbroek/Bitemporal_2026/bitemporal_go_API_v05/graph/generated.go:7539.55,7541.50 1 0
github.com/MarkWestbroek/Bitemporal_2026/bitemporal_go_API_v05/graph/generated.go:7541.50,7541.80 1 0
github.com/MarkWestbroek/Bitemporal_2026/bitemporal_go_API_v05/graph/generated.go:7544.4,7544.68 1 0
github.com/MarkWestbroek/Bitemporal_2026/bitemporal_go_API_v05/graph/generated.go:7544.68,7544.92 1 0
github.com/MarkWestbroek/Bitemporal_2026/bitemporal_go_API_v05/graph/generated.go:7545.24,7548.88 2 0
github.com/MarkWestbroek/Bitemporal_2026/bitemporal_go_API_v05/graph/generated.go:7548.88,7549.18 1 0
github.com/MarkWestbroek/Bitemporal_2026/bitemporal_go_API_v05/graph/generated.go:7549.18,7550.34 1 0
github.com/MarkWestbroek/Bitemporal_2026/bitemporal_go_API_v05/graph/generated.go:7550.34,7552.7 1 0
github.com/MarkWestbroek/Bitemporal_2026/bitemporal_go_API_v05/graph/generated.go:7554.5,7555.15 2 0
github.com/MarkWestbroek/Bitemporal_2026/bitemporal_go_API_v05/graph/generated.go:7558.4,7558.55 1 0
github.com/MarkWestbroek/Bitemporal_2026/bitemporal_go_API_v05/graph/generated.go:7558.55,7560.50 1 0
github.com/MarkWestbroek/Bitemporal_2026/bitemporal_go_API_v05/graph/generated.go:7560.50,7560.80 1 0
github.com/MarkWestbroek/Bitemporal_2026/bitemporal_go_API_v05/graph/generated.go:7563.4,7563.68 1 0
github.com/MarkWestbroek/Bitemporal_2026/bitemporal_go_API_v05/graph/generated.go:7563.68,7563.92 1 0
github.com/MarkWestbroek/Bitemporal_2026/bitemporal_go_API_v05/graph/generated.go:7564.25,7567.89 2 0
github.com/MarkWestbroek/Bitemporal_2026/bitemporal_go_API_v05/graph/generated.go:7567.89,7568.18 1 0
github.com/MarkWestbroek/Bitemporal_2026/bitemporal_go_API_v05/graph/generated.go:7568.18,7569.34 1 0
github.com/MarkWestbroek/Bitemporal_2026/bitemporal_go_API_v05/graph/generated.go:7569.34,7571.7 1 0
github.com/MarkWestbroek/Bitemporal_2026/bitemporal_go_API_v05/graph/generated.go:7573.5,7574.28 2 0
github.com/MarkWestbroek/Bitemporal_2026/bitemporal_go_API_v05/graph/generated.go:7574.28,7576.6 1 0
github.com/MarkWestbroek/Bitemporal_2026/bitemporal_go_API_v05/graph/generated.go:7577.5,7577.15 1 0
github.com/MarkWestbroek/Bitemporal_2026/bitemporal_go_API_v05/graph/generated.go:7580.4,7580.55 1 0
github.com/MarkWestbroek/Bitemporal_2026/bitemporal_go_API_v05/graph/generated.go:7580.55,7582.50 1 0
github.com/MarkWestbroek/Bitemporal_2026/bitemporal_go_API_v05/graph/generated.go:7582.50,7582.80 1 0
github.com/MarkWestbroek/Bitemporal_2026/bitemporal_go_API_v05/graph/generated.go:7585.4,7585.68 1 0
github.com/MarkWestbroek/Bitemporal_2026/bitemporal_go_API_v05/graph/generated.go:7585.68,7585.92 1 0
github.com/MarkWestbroek/Bitemporal_2026/bitemporal_go_API_v05/graph/generated.go:7586.24,7589.88 2 0
github.com/MarkWestbroek/Bitemporal_2026/bitemporal_go_API_v05/graph/generated.go:7589.88,7590.18 1 0
github.com/MarkWestbroek/Bitemporal_2026/bitemporal_go_API_v05/graph/generated.go:7590.18,7591.34 1 0
github.com/MarkWestbroek/Bitemporal_2026/bitemporal_go_API_v05/graph/generated.go:7591.34,7593.7 1 0
github.com/MarkWestbroek/Bitemporal_2026/bitemporal_go_API_v05/graph/generated.go:7595.5,7596.15 2 0
github.com/MarkWestbroek/Bitemporal_2026/bitemporal_go_API_v05/graph/generated.go:7599.4,7599.55 1 0
github.com/MarkWestbroek/Bitemporal_2026/bitemporal_go_API_v05/graph/generated.go:7599.55,7601.50 1 0
github.com/MarkWestbroek/Bitemporal_2026/bitemporal_go_API_v05/graph/generated.go:7601.50,7601.80 1 0
github.com/MarkWestbroek/Bitemporal_2026/bitemporal_go_API_v05/graph/generated.go:7604.4,7604.68 1 0
github.com/MarkWestbroek/Bitemporal_2026/bitemporal_go_API_v05/graph/generated.go:7604.68,7604.92 1 0
github.com/MarkWestbroek/Bitemporal_2026/bitemporal_go_API_v05/graph/generated.go:7605.25,7608.89 2 0
github.com/MarkWestbroek/Bitemporal_2026/bitemporal_go_API_v05/graph/generated.go:7608.89,7609.18 1 0
github.com/MarkWestbroek/Bitemporal_2026/bitemporal_go_API_v05/graph/generated.go:7609.18,7610.34 1 0
github.com/MarkWestbroek/Bitemporal_2026/bitemporal_go_API_v05/graph/generated.go:7610.34,7612.7 1 0
github.com/MarkWestbroek/Bitemporal_2026/bitemporal_go_API_v05/graph/generated.go:7614.5,7615.28 2 0
github.com/MarkWestbroek/Bitemporal_2026/bitemporal_go_API_v05/graph/generated.go:7615.28,7617.6 1 0
github.com/MarkWestbroek/Bitemporal_2026/bitemporal_go_API_v05/graph/generated.go:7618.5,7618.15 1 0
github.com/MarkWestbroek/Bitemporal_2026/bitemporal_go_API_v05/graph/generated.go:7621.4,7621.55 1 0
github.com/MarkWestbroek/Bitemporal_2026/bitemporal_go_API_v05/graph/generated.go:7621.55,7623.50 1 0
github.com/MarkWestbroek/Bitemporal_2026/bitemporal_go_API_v05/graph/generated.go:7623.50,7623.80 1 0
github.com/MarkWestbroek/Bitemporal_2026/bitemporal_go_API_v05/graph/generated.go:7626.4,7626.68 1 0
github.com/MarkWestbroek/Bitemporal_2026/bitemporal_go_API_v05/graph/generated.go:7626.68,7626.92 1 0
github.com/MarkWestbroek/Bitemporal_2026/bitemporal_go_API_v05/graph/generated.go:7627.24,7630.88 2 0
github.com/MarkWestbroek/Bitemporal_2026/bitemporal_go_API_v05/graph/generated.go:7630.88,7631.18 1 0
github.com/MarkWestbroek/Bitemporal_2026/bitemporal_go_API_v05/graph/generated.go:7631.18,7632.34 1 0
github.com/MarkWestbroek/Bitemporal_2026/bitemporal_go_API_v05/graph/generated.go:7632.34,7634.7 1 0
github.com/MarkWestbroek/Bitemporal_2026/bitemporal_go_API_v05/graph/generated.go:7636.5,7637.15 2 0
github.com/MarkWestbroek/Bitemporal_2026/bitemporal_go_API_v05/graph/generated.go:7640.4,7640.55 1 0
github.com/MarkWestbroek/Bitemporal_2026/bitemporal_go_API_v05/graph/generated.go:7640.55,7642.50 1 0
github.com/MarkWestbroek/Bitemporal_2026/bitemporal_go_API_v05/graph/generated.go:7642.50,7642.80 1 0
github.com/MarkWestbroek/Bitemporal_2026/bitemporal_go_API_v05/graph/generated.go:7645.4,7645.68 1 0
github.com/MarkWestbroek/Bitemporal_2026/bitemporal_go_API_v05/graph/generated.go:7645.68,7645.92 1 0
github.com/MarkWestbroek/Bitemporal_2026/bitemporal_go_API_v05/graph/generated.go:7646.24,7649.88 2 0
github.com/MarkWestbroek/Bitemporal_2026/bitemporal_go_API_v05/graph/generated.go:7649.88,7650.18 1 0
github.com/MarkWestbroek/Bitemporal_2026/bitemporal_go_API_v05/graph/generated.go:7650.18,7651.34 1 0
github.com/MarkWestbroek/Bitemporal_2026/bitemporal_go_API_v05/graph/generated.go:7651.34,7653.7 1 0
github.com/MarkWestbroek/Bitemporal_2026/bitemporal_go_API_v05/graph/generated.go:7655.5,7656.15 2 0
github.com/MarkWestbroek/Bitemporal_2026/bitemporal_go_API_v05/graph/generated.go:7659.4,7659.55 1 0
github.com/MarkWestbroek/Bitemporal_2026/bitemporal_go_API_v05/graph/generated.go:7659.55,7661.50 1 0
github.com/MarkWestbroek/Bitemporal_2026/bitemporal_go_API_v05/graph/generated.go:7661.50,7661.80 1 0
github.com/MarkWestbroek/Bitemporal_2026/bitemporal_go_API_v05/graph/generated.go:7664.4,7664.68 1 0
github.com/MarkWestbroek/Bitemporal_2026/bitemporal_go_API_v05/graph/generated.go:7664.68,7664.92 1 0
github.com/MarkWestbroek/Bitemporal_2026/bitemporal_go_API_v05/graph/generated.go:7665.23,7668.88 2 0
github.com/MarkWestbroek/Bitemporal_2026/bitemporal_go_API_v05/graph/generated.go:7668.88,7669.18 1 0
github.com/MarkWestbroek/Bitemporal_2026/bitemporal_go_API_v05/graph/generated.go:7669.18,7670.34 1 0
github.com/MarkWestbroek/Bitemporal_2026/bitemporal_go_API_v05/graph/generated.go:7670.34,7672.7 1 0
github.com/MarkWestbroek/Bitemporal_2026/bitemporal_go_API_v05/graph/generated.go:7674.5,7675.15 2 0
github.com/MarkWestbroek/Bitemporal_2026/bitemporal_go_API_v05/graph/generated.go:7678.4,7678.55 1 0
github.com/MarkWestbroek/Bitemporal_2026/bitemporal_go_API_v05/graph/generated.go:7678.55,7680.50 1 0
github.com/MarkWestbroek/Bitemporal_2026/bitemporal_go_API_v05/graph/generated.go:7680.50,7680.80 1 0
github.com/MarkWestbroek/Bitemporal_2026/bitemporal_go_API_v05/graph/generated.go:7683.4,7683.68 1 0
github.com/MarkWestbroek/Bitemporal_2026/bitemporal_go_API_v05/graph/generated.go:7683.68,7683.92 1 0
github.com/MarkWestbroek/Bitemporal_2026/bitemporal_go_API_v05/graph/generated.go:7684.27,7687.89 2 0
github.com/MarkWestbroek/Bitemporal_2026/bitemporal_go_API_v05/graph/generated.go:7687.89,7688.18 1 0
github.com/MarkWestbroek/Bitemporal_2026/bitemporal_go_API_v05/graph/generated.go:7688.18,7689.34 1 0
github.com/MarkWestbroek/Bitemporal_2026/bitemporal_go_API_v05/graph/generated.go:7689.34,7691.7 1 0
github.com/MarkWestbroek/Bitemporal_2026/bitemporal_go_API_v05/graph/generated.go:7693.5,7694.28 2 0
github.com/MarkWestbroek/Bitemporal_2026/bitemporal_go_API_v05/graph/generated.go:7694.28,7696.6 1 0
github.com/MarkWestbroek/Bitemporal_2026/bitemporal_go_API_v05/graph/generated.go:7697.5,7697.15 1 0
github.com/MarkWestbroek/Bitemporal_2026/bitemporal_go_API_v05/graph/generated.go:7700.4,7700.55 1 0
github.com/MarkWestbroek/Bitemporal_2026/bitemporal_go_API_v05/graph/generated.go:7700.55,7702.50 1 0
github.com/MarkWestbroek/Bitemporal_2026/bitemporal_go_API_v05/graph/generated.go:7702.50,7702.80 1 0
github.com/MarkWestbroek/Bitemporal_2026/bitemporal_go_API_v05/graph/generated.go:7705.4,7705.68 1 0
github.com/MarkWestbroek/Bitemporal_2026/bitemporal_go_API_v05/graph/generated.go:7705.68,7705.92 1 0
github.com/MarkWestbroek/Bitemporal_2026/bitemporal_go_API_v05/graph/generated.go:7706.17,7709.88 2 0
github.com/MarkWestbroek/Bitemporal_2026/bitemporal_go_API_v05/graph/generated.go:7709.88,7710.18 1 0
github.com/MarkWestbroek/Bitemporal_2026/bitemporal_go_API_v05/graph/generated.go:7710.18,7711.34 1 0
github.com/MarkWestbroek/Bitemporal_2026/bitemporal_go_API_v05/graph/generated.go:7711.34,7713.7 1 0
github.com/MarkWestbroek/Bitemporal_2026/bitemporal_go_API_v05/graph/generated.go:7715.5,7716.15 2 0
github.com/MarkWestbroek/Bitemporal_2026/bitemporal_go_API_v05/graph/generated.go:7719.4,7719.55 1 0
github.com/MarkWestbroek/Bitemporal_2026/bitemporal_go_API_v05/graph/generated.go:7719.55,7721.50 1 0
github.com/MarkWestbroek/Bitemporal_2026/bitemporal_go_API_v05/graph/generated.go:7721.50,7721.80 1 0
github.com/MarkWestbroek/Bitemporal_2026/bitemporal_go_API_v05/graph/generated.go:7724.4,7724.68 1 0
github.com/MarkWestbroek/Bitemporal_2026/bitemporal_go_API_v05/graph/generated.go:7724.68,7724.92 1 0
github.com/MarkWestbroek/Bitemporal_2026/bitemporal_go_API_v05/graph/generated.go:7725.21,7728.89 2 0
github.com/MarkWestbroek/Bitemporal_2026/bitemporal_go_API_v05/graph/generated.go:7728.89,7729.18 1 0
github.com/MarkWestbroek/Bitemporal_2026/bitemporal_go_API_v05/graph/generated.go:7729.18,7730.34 1 0
github.com/MarkWestbroek/Bitemporal_2026/bitemporal_go_API_v05/graph/generated.go:7730.34,7732.7 1 0
github.com/MarkWestbroek/Bitemporal_2026/bitemporal_go_API_v05/graph/generated.go:7734.5,7735.28 2 0
github.com/MarkWestbroek/Bitemporal_2026/bitemporal_go_API_v05/graph/generated.go:7735.28,7737.6 1 0
github.com/MarkWestbroek/Bitemporal_2026/bitemporal_go_API_v05/graph/generated.go:7738.5,7738.15 1 0
github.com/MarkWestbroek/Bitemporal_2026/bitemporal_go_API_v05/graph/generated.go:7741.4,7741.55 1 0
github.com/MarkWestbroek/Bitemporal_2026/bitemporal_go_API_v05/graph/generated.go:7741.55,7743.50 1 0
github.com/MarkWestbroek/Bitemporal_2026/bitemporal_go_API_v05/graph/generated.go:7743.50,7743.80 1 0
github.com/MarkWestbroek/Bitemporal_2026/bitemporal_go_API_v05/graph/generated.go:7746.4,7746.68 1 0
github.com/MarkWestbroek/Bitemporal_2026/bitemporal_go_API_v05/graph/generated.go:7746.68,7746.92 1 0
github.com/MarkWestbroek/Bitemporal_2026/bitemporal_go_API_v05/graph/generated.go:7747.15,7750.88 2 0
github.com/MarkWestbroek/Bitemporal_2026/bitemporal_go_API_v05/graph/generated.go:7750.88,7751.18 1 0
github.com/MarkWestbroek/Bitemporal_2026/bitemporal_go_API_v05/graph/generated.go:7751.18,7752.34 1 0
github.com/MarkWestbroek/Bitemporal_2026/bitemporal_go_API_v05/graph/generated.go:7752.34,7754.7 1 0
github.com/MarkWestbroek/Bitemporal_2026/bitemporal_go_API_v05/graph/generated.go:7756.5,7757.15 2 0
github.com/MarkWestbroek/Bitemporal_2026/bitemporal_go_API_v05/graph/generated.go:7760.4,7760.55 1 0
github.com/MarkWestbroek/Bitemporal_2026/bitemporal_go_API_v05/graph/generated.go:7760.55,7762.50 1 0
github.com/MarkWestbroek/Bitemporal_2026/bitemporal_go_API_v05/graph/generated.go:7762.50,7762.80 1 0
github.com/MarkWestbroek/Bitemporal_2026/bitemporal_go_API_v05/graph/generated.go:7765.4,7765.68 1 0
github.com/MarkWestbroek/Bitemporal_2026/bitemporal_go_API_v05/graph/generated.go:7765.68,7765.92 1 0
github.com/MarkWestbroek/Bitemporal_2026/bitemporal_go_API_v05/graph/generated.go:7766.19,7769.89 2 0
github.com/MarkWestbroek/Bitemporal_2026/bitemporal_go_API_v05/graph/generated.go:7769.89,7770.18 1 0
github.com/MarkWestbroek/Bitemporal_2026/bitemporal_go_API_v05/graph/generated.go:7770.18,7771.34 1 0
github.com/MarkWestbroek/Bitemporal_2026/bitemporal_go_API_v05/graph/generated.go:7771.34,7773.7 1 0
github.com/MarkWestbroek/Bitemporal_2026/bitemporal_go_API_v05/graph/generated.go:7775.5,7776.28 2 0
github.com/MarkWestbroek/Bitemporal_2026/bitemporal_go_API_v05/graph/generated.go:7776.28,7778.6 1 0
github.com/MarkWestbroek/Bitemporal_2026/bitemporal_go_API_v05/graph/generated.go:7779.5,7779.15 1 0
github.com/MarkWestbroek/Bitemporal_2026/bitemporal_go_API_v05/graph/generated.go:7782.4,7782.55 1 0
github.com/MarkWestbroek/Bitemporal_2026/bitemporal_go_API_v05/graph/generated.go:7782.55,7784.50 1 0
github.com/MarkWestbroek/Bitemporal_2026/bitemporal_go_API_v05/graph/generated.go:7784.50,7784.80 1 0
github.com/MarkWestbroek/Bitemporal_2026/bitemporal_go_API_v05/graph/generated.go:7787.4,7787.68 1 0
github.com/MarkWestbroek/Bitemporal_2026/bitemporal_go_API_v05/graph/generated.go:7787.68,7787.92 1 0
github.com/MarkWestbroek/Bitemporal_2026/bitemporal_go_API_v05/graph/generated.go:7788.17,7789.123 1 0
github.com/MarkWestbroek/Bitemporal_2026/bitemporal_go_API_v05/graph/generated.go:7789.123,7791.5 1 0
github.com/MarkWestbroek/Bitemporal_2026/bitemporal_go_API_v05/graph/generated.go:7792.19,7793.123 1 0
github.com/MarkWestbroek/Bitemporal_2026/bitemporal_go_API_v05/graph/generated.go:7793.123,7795.5 1 0
github.com/MarkWestbroek/Bitemporal_2026/bitemporal_go_API_v05/graph/generated.go:7796.11,7797.55 1 0
github.com/MarkWestbroek/Bitemporal_2026/bitemporal_go_API_v05/graph/generated.go:7800.2,7801.22 2 0
github.com/MarkWestbroek/Bitemporal_2026/bitemporal_go_API_v05/graph/generated.go:7801.22,7803.3 1 0
github.com/MarkWestbroek/Bitemporal_2026/bitemporal_go_API_v05/graph/generated.go:7805.2,7807.35 2 0
github.com/MarkWestbroek/Bitemporal_2026/bitemporal_go_API_v05/graph/generated.go:7807.35,7814.3 1 0
github.com/MarkWestbroek/Bitemporal_2026/bitemporal_go_API_v05/graph/generated.go:7816.2,7816.12 1 0
github.com/MarkWestbroek/Bitemporal_2026/bitemporal_go_API_v05/graph/generated.go:7821.129,7826.31 4 0
github.com/MarkWestbroek/Bitemporal_2026/bitemporal_go_API_v05/graph/generated.go:7826.31,7827.21 1 0
github.com/MarkWestbroek/Bitemporal_2026/bitemporal_go_API_v05/graph/generated.go:7828.21,7829.57 1 0
github.com/MarkWestbroek/Bitemporal_2026/bitemporal_go_API_v05/graph/generated.go:7830.13,7832.37 2 0
github.com/MarkWestbroek/Bitemporal_2026/bitemporal_go_API_v05/graph/generated.go:7832.37,7834.5 1 0
github.com/MarkWestbroek/Bitemporal_2026/bitemporal_go_API_v05/graph/generated.go:7835.27,7837.37 2 0
github.com/MarkWestbroek/Bitemporal_2026/bitemporal_go_API_v05/graph/generated.go:7837.37,7839.5 1 0
github.com/MarkWestbroek/Bitemporal_2026/bitemporal_go_API_v05/graph/generated.go:7840.20,7842.37 2 0
github.com/MarkWestbroek/Bitemporal_2026/bitemporal_go_API_v05/graph/generated.go:7842.37,7844.5 1 0
github.com/MarkWestbroek/Bitemporal_2026/bitemporal_go_API_v05/graph/generated.go:7845.17,7846.60 1 0
github.com/MarkWestbroek/Bitemporal_2026/bitemporal_go_API_v05/graph/generated.go:7847.33,7848.76 1 0
github.com/MarkWestbroek/Bitemporal_2026/bitemporal_go_API_v05/graph/generated.go:7849.31,7850.74 1 0
github.com/MarkWestbroek/Bitemporal_2026/bitemporal_go_API_v05/graph/generated.go:7851.18,7853.37 2 0
github.com/MarkWestbroek/Bitemporal_2026/bitemporal_go_API_v05/graph/generated.go:7853.37,7855.5 1 0
github.com/MarkWestbroek/Bitemporal_2026/bitemporal_go_API_v05/graph/generated.go:7856.11,7857.55 1 0
github.com/MarkWestbroek/Bitemporal_2026/bitemporal_go_API_v05/graph/generated.go:7860.2,7861.22 2 0
github.com/MarkWestbroek/Bitemporal_2026/bitemporal_go_API_v05/graph/generated.go:7861.22,7863.3 1 0
github.com/MarkWestbroek/Bitemporal_2026/bitemporal_go_API_v05/graph/generated.go:7865.2,7867.35 2 0
github.com/MarkWestbroek/Bitemporal_2026/bitemporal_go_API_v05/graph/generated.go:7867.35,7874.3 1 0
github.com/MarkWestbroek/Bitemporal_2026/bitemporal_go_API_v05/graph/generated.go:7876.2,7876.12 1 0
github.com/MarkWestbroek/Bitemporal_2026/bitemporal_go_API_v05/graph/generated.go:7881.125,7886.31 4 0
github.com/MarkWestbroek/Bitemporal_2026/bitemporal_go_API_v05/graph/generated.go:7886.31,7887.21 1 0
github.com/MarkWestbroek/Bitemporal_2026/bitemporal_go_API_v05/graph/generated.go:7888.21,7889.55 1 0
github.com/MarkWestbroek/Bitemporal_2026/bitemporal_go_API_v05/graph/generated.go:7890.13,7892.37 2 0
github.com/MarkWestbroek/Bitemporal_2026/bitemporal_go_API_v05/graph/generated.go:7892.37,7894.5 1 0
github.com/MarkWestbroek/Bitemporal_2026/bitemporal_go_API_v05/graph/generated.go:7895.14,7897.37 2 0
github.com/MarkWestbroek/Bitemporal_2026/bitemporal_go_API_v05/graph/generated.go:7897.37,7899.5 1 0
github.com/MarkWestbroek/Bitemporal_2026/bitemporal_go_API_v05/graph/generated.go:7900.14,7902.37 2 0
github.com/MarkWestbroek/Bitemporal_2026/bitemporal_go_API_v05/graph/generated.go:7902.37,7904.5 1 0
github.com/MarkWestbroek/Bitemporal_2026/bitemporal_go_API_v05/graph/generated.go:7905.18,7907.37 2 0
github.com/MarkWestbroek/Bitemporal_2026/bitemporal_go_API_v05/graph/generated.go:7907.37,7909.5 1 0
github.com/MarkWestbroek/Bitemporal_2026/bitemporal_go_API_v05/graph/generated.go:7910.18,7912.37 2 0
github.com/MarkWestbroek/Bitemporal_2026/bitemporal_go_API_v05/graph/generated.go:7912.37,7914.5 1 0
github.com/MarkWestbroek/Bitemporal_2026/bitemporal_go_API_v05/graph/generated.go:7915.11,7916.55 1 0
github.com/MarkWestbroek/Bitemporal_2026/bitemporal_go_API_v05/graph/generated.go:7919.2,7920.22 2 0
github.com/MarkWestbroek/Bitemporal_2026/bitemporal_go_API_v05/graph/generated.go:7920.22,7922.3 1 0
github.com/MarkWestbroek/Bitemporal_2026/bitemporal_go_API_v05/graph/generated.go:7924.2,7926.35 2 0
github.com/MarkWestbroek/Bitemporal_2026/bitemporal_go_API_v05/graph/generated.go:7926.35,7933.3 1 0
github.com/MarkWestbroek/Bitemporal_2026/bitemporal_go_API_v05/graph/generated.go:7935.2,7935.12 1 0
github.com/MarkWestbroek/Bitemporal_2026/bitemporal_go_API_v05/graph/generated.go:7940.113,7945.31 4 0
github.com/MarkWestbroek/Bitemporal_2026/bitemporal_go_API_v05/graph/generated.go:7945.31,7946.21 1 0
github.com/MarkWestbroek/Bitemporal_2026/bitemporal_go_API_v05/graph/generated.go:7947.21,7948.49 1 0
github.com/MarkWestbroek/Bitemporal_2026/bitemporal_go_API_v05/graph/generated.go:7949.13,7951.37 2 0
github.com/MarkWestbroek/Bitemporal_2026/bitemporal_go_API_v05/graph/generated.go:7951.37,7953.5 1 0
github.com/MarkWestbroek/Bitemporal_2026/bitemporal_go_API_v05/graph/generated.go:7954.16,7956.37 2 0
github.com/MarkWestbroek/Bitemporal_2026/bitemporal_go_API_v05/graph/generated.go:7956.37,7958.5 1 0
github.com/MarkWestbroek/Bitemporal_2026/bitemporal_go_API_v05/graph/generated.go:7959.22,7961.37 2 0
github.com/MarkWestbroek/Bitemporal_2026/bitemporal_go_API_v05/graph/generated.go:7961.37,7963.5 1 0
github.com/MarkWestbroek/Bitemporal_2026/bitemporal_go_API_v05/graph/generated.go:7964.18,7966.37 2 0
github.com/MarkWestbroek/Bitemporal_2026/bitemporal_go_API_v05/graph/generated.go:7966.37,7968.5 1 0
github.com/MarkWestbroek/Bitemporal_2026/bitemporal_go_API_v05/graph/generated.go:7969.17,7971.37 2 0
github.com/MarkWestbroek/Bitemporal_2026/bitemporal_go_API_v05/graph/generated.go:7971.37,7973.5 1 0
github.com/MarkWestbroek/Bitemporal_2026/bitemporal_go_API_v05/graph/generated.go:7974.11,7975.55 1 0
github.com/MarkWestbroek/Bitemporal_2026/bitemporal_go_API_v05/graph/generated.go:7978.2,7979.22 2 0
github.com/MarkWestbroek/Bitemporal_2026/bitemporal_go_API_v05/graph/generated.go:7979.22,7981.3 1 0
github.com/MarkWestbroek/Bitemporal_2026/bitemporal_go_API_v05/graph/generated.go:7983.2,7985.35 2 0
github.com/MarkWestbroek/Bitemporal_2026/bitemporal_go_API_v05/graph/generated.go:7985.35,7992.3 1 0
github.com/MarkWestbroek/Bitemporal_2026/bitemporal_go_API_v05/graph/generated.go:7994.2,7994.12 1 0
github.com/MarkWestbroek/Bitemporal_2026/bitemporal_go_API_v05/graph/generated.go:7999.133,8004.31 4 0
github.com/MarkWestbroek/Bitemporal_2026/bitemporal_go_API_v05/graph/generated.go:8004.31,8005.21 1 0
github.com/MarkWestbroek/Bitemporal_2026/bitemporal_go_API_v05/graph/generated.go:8006.21,8007.56 1 0
github.com/MarkWestbroek/Bitemporal_2026/bitemporal_go_API_v05/graph/generated.go:8008.15,8010.37 2 0
github.com/MarkWestbroek/Bitemporal_2026/bitemporal_go_API_v05/graph/generated.go:8010.37,8012.5 1 0
github.com/MarkWestbroek/Bitemporal_2026/bitemporal_go_API_v05/graph/generated.go:8013.22,8014.64 1 0
github.com/MarkWestbroek/Bitemporal_2026/bitemporal_go_API_v05/graph/generated.go:8015.23,8017.37 2 0
github.com/MarkWestbroek/Bitemporal_2026/bitemporal_go_API_v05/graph/generated.go:8017.37,8019.5 1 0
github.com/MarkWestbroek/Bitemporal_2026/bitemporal_go_API_v05/graph/generated.go:8020.20,8022.37 2 0
github.com/MarkWestbroek/Bitemporal_2026/bitemporal_go_API_v05/graph/generated.go:8022.37,8024.5 1 0
github.com/MarkWestbroek/Bitemporal_2026/bitemporal_go_API_v05/graph/generated.go:8025.15,8027.37 2 0
github.com/MarkWestbroek/Bitemporal_2026/bitemporal_go_API_v05/graph/generated.go:8027.37,8029.5 1 0
github.com/MarkWestbroek/Bitemporal_2026/bitemporal_go_API_v05/graph/generated.go:8030.11,8031.55 1 0
github.com/MarkWestbroek/Bitemporal_2026/bitemporal_go_API_v05/graph/generated.go:8034.2,8035.22 2 0
github.com/MarkWestbroek/Bitemporal_2026/bitemporal_go_API_v05/graph/generated.go:8035.22,8037.3 1 0
github.com/MarkWestbroek/Bitemporal_2026/bitemporal_go_API_v05/graph/generated.go:8039.2,8041.35 2 0
github.com/MarkWestbroek/Bitemporal_2026/bitemporal_go_API_v05/graph/generated.go:8041.35,8048.3 1 0
github.com/MarkWestbroek/Bitemporal_2026/bitemporal_go_API_v05/graph/generated.go:8050.2,8050.12 1 0
github.com/MarkWestbroek/Bitemporal_2026/bitemporal_go_API_v05/graph/generated.go:8055.133,8060.31 4 0
github.com/MarkWestbroek/Bitemporal_2026/bitemporal_go_API_v05/graph/generated.go:8060.31,8061.21 1 0
github.com/MarkWestbroek/Bitemporal_2026/bitemporal_go_API_v05/graph/generated.go:8062.21,8063.56 1 0
github.com/MarkWestbroek/Bitemporal_2026/bitemporal_go_API_v05/graph/generated.go:8064.15,8066.37 2 0
github.com/MarkWestbroek/Bitemporal_2026/bitemporal_go_API_v05/graph/generated.go:8066.37,8068.5 1 0
github.com/MarkWestbroek/Bitemporal_2026/bitemporal_go_API_v05/graph/generated.go:8069.22,8070.64 1 0
github.com/MarkWestbroek/Bitemporal_2026/bitemporal_go_API_v05/graph/generated.go:8071.23,8073.37 2 0
github.com/MarkWestbroek/Bitemporal_2026/bitemporal_go_API_v05/graph/generated.go:8073.37,8075.5 1 0
github.com/MarkWestbroek/Bitemporal_2026/bitemporal_go_API_v05/graph/generated.go:8076.28,8077.70 1 0
github.com/MarkWestbroek/Bitemporal_2026/bitemporal_go_API_v05/graph/generated.go:8078.11,8079.55 1 0
github.com/MarkWestbroek/Bitemporal_2026/bitemporal_go_API_v05/graph/generated.go:8082.2,8083.22 2 0
github.com/MarkWestbroek/Bitemporal_2026/bitemporal_go_API_v05/graph/generated.go:8083.22,8085.3 1 0
github.com/MarkWestbroek/Bitemporal_2026/bitemporal_go_API_v05/graph/generated.go:8087.2,8089.35 2 0
github.com/MarkWestbroek/Bitemporal_2026/bitemporal_go_API_v05/graph/generated.go:8089.35,8096.3 1 0
github.com/MarkWestbroek/Bitemporal_2026/bitemporal_go_API_v05/graph/generated.go:8098.2,8098.12 1 0
github.com/MarkWestbroek/Bitemporal_2026/bitemporal_go_API_v05/graph/generated.go:8103.125,8108.31 4 0
github.com/MarkWestbroek/Bitemporal_2026/bitemporal_go_API_v05/graph/generated.go:8108.31,8109.21 1 0
github.com/MarkWestbroek/Bitemporal_2026/bitemporal_go_API_v05/graph/generated.go:8110.21,8111.52 1 0
github.com/MarkWestbroek/Bitemporal_2026/bitemporal_go_API_v05/graph/generated.go:8112.15,8114.37 2 0
github.com/MarkWestbroek/Bitemporal_2026/bitemporal_go_API_v05/graph/generated.go:8114.37,8116.5 1 0
github.com/MarkWestbroek/Bitemporal_2026/bitemporal_go_API_v05/graph/generated.go:8117.22,8118.60 1 0
github.com/MarkWestbroek/Bitemporal_2026/bitemporal_go_API_v05/graph/generated.go:8119.15,8121.37 2 0
github.com/MarkWestbroek/Bitemporal_2026/bitemporal_go_API_v05/graph/generated.go:8121.37,8123.5 1 0
github.com/MarkWestbroek/Bitemporal_2026/bitemporal_go_API_v05/graph/generated.go:8124.15,8126.37 2 0
github.com/MarkWestbroek/Bitemporal_2026/bitemporal_go_API_v05/graph/generated.go:8126.37,8128.5 1 0
github.com/MarkWestbroek/Bitemporal_2026/bitemporal_go_API_v05/graph/generated.go:8129.23,8131.37 2 0
github.com/MarkWestbroek/Bitemporal_2026/bitemporal_go_API_v05/graph/generated.go:8131.37,8133.5 1 0
github.com/MarkWestbroek/Bitemporal_2026/bitemporal_go_API_v05/graph/generated.go:8134.28,8135.66 1 0
github.com/MarkWestbroek/Bitemporal_2026/bitemporal_go_API_v05/graph/generated.go:8136.11,8137.55 1 0
github.com/MarkWestbroek/Bitemporal_2026/bitemporal_go_API_v05/graph/generated.go:8140.2,8141.22 2 0
github.com/MarkWestbroek/Bitemporal_2026/bitemporal_go_API_v05/graph/generated.go:8141.22,8143.3 1 0
github.com/MarkWestbroek/Bitemporal_2026/bitemporal_go_API_v05/graph/generated.go:8145.2,8147.35 2 0
github.com/MarkWestbroek/Bitemporal_2026/bitemporal_go_API_v05/graph/generated.go:8147.35,8154.3 1 0
github.com/MarkWestbroek/Bitemporal_2026/bitemporal_go_API_v05/graph/generated.go:8156.2,8156.12 1 0
github.com/MarkWestbroek/Bitemporal_2026/bitemporal_go_API_v05/graph/generated.go:8161.135,8166.31 4 0
github.com/MarkWestbroek/Bitemporal_2026/bitemporal_go_API_v05/graph/generated.go:8166.31,8167.21 1 0
github.com/MarkWestbroek/Bitemporal_2026/bitemporal_go_API_v05/graph/generated.go:8168.21,8169.57 1 0
github.com/MarkWestbroek/Bitemporal_2026/bitemporal_go_API_v05/graph/generated.go:8170.15,8172.37 2 0
github.com/MarkWestbroek/Bitemporal_2026/bitemporal_go_API_v05/graph/generated.go:8172.37,8174.5 1 0
github.com/MarkWestbroek/Bitemporal_2026/bitemporal_go_API_v05/graph/generated.go:8175.22,8176.65 1 0
github.com/MarkWestbroek/Bitemporal_2026/bitemporal_go_API_v05/graph/generated.go:8177.15,8179.37 2 0
github.com/MarkWestbroek/Bitemporal_2026/bitemporal_go_API_v05/graph/generated.go:8179.37,8181.5 1 0
github.com/MarkWestbroek/Bitemporal_2026/bitemporal_go_API_v05/graph/generated.go:8182.23,8183.66 1 0
github.com/MarkWestbroek/Bitemporal_2026/bitemporal_go_API_v05/graph/generated.go:8184.23,8186.37 2 0
github.com/MarkWestbroek/Bitemporal_2026/bitemporal_go_API_v05/graph/generated.go:8186.37,8188.5 1 0
github.com/MarkWestbroek/Bitemporal_2026/bitemporal_go_API_v05/graph/generated.go:8189.28,8190.71 1 0
github.com/MarkWestbroek/Bitemporal_2026/bitemporal_go_API_v05/graph/generated.go:8191.11,8192.55 1 0
github.com/MarkWestbroek/Bitemporal_2026/bitemporal_go_API_v05/graph/generated.go:8195.2,8196.22 2 0
github.com/MarkWestbroek/Bitemporal_2026/bitemporal_go_API_v05/graph/generated.go:8196.22,8198.3 1 0
github.com/MarkWestbroek/Bitemporal_2026/bitemporal_go_API_v05/graph/generated.go:8200.2,8202.35 2 0
github.com/MarkWestbroek/Bitemporal_2026/bitemporal_go_API_v05/graph/generated.go:8202.35,8209.3 1 0
github.com/MarkWestbroek/Bitemporal_2026/bitemporal_go_API_v05/graph/generated.go:8211.2,8211.12 1 0
github.com/MarkWestbroek/Bitemporal_2026/bitemporal_go_API_v05/graph/generated.go:8216.127,8221.31 4 0
github.com/MarkWestbroek/Bitemporal_2026/bitemporal_go_API_v05/graph/generated.go:8221.31,8222.21 1 0
github.com/MarkWestbroek/Bitemporal_2026/bitemporal_go_API_v05/graph/generated.go:8223.21,8224.53 1 0
github.com/MarkWestbroek/Bitemporal_2026/bitemporal_go_API_v05/graph/generated.go:8225.22,8226.61 1 0
github.com/MarkWestbroek/Bitemporal_2026/bitemporal_go_API_v05/graph/generated.go:8227.16,8229.37 2 0
github.com/MarkWestbroek/Bitemporal_2026/bitemporal_go_API_v05/graph/generated.go:8229.37,8231.5 1 0
github.com/MarkWestbroek/Bitemporal_2026/bitemporal_go_API_v05/graph/generated.go:8232.20,8234.37 2 0
github.com/MarkWestbroek/Bitemporal_2026/bitemporal_go_API_v05/graph/generated.go:8234.37,8236.5 1 0
github.com/MarkWestbroek/Bitemporal_2026/bitemporal_go_API_v05/graph/generated.go:8237.23,8238.62 1 0
github.com/MarkWestbroek/Bitemporal_2026/bitemporal_go_API_v05/graph/generated.go:8239.27,8240.66 1 0
github.com/MarkWestbroek/Bitemporal_2026/bitemporal_go_API_v05/graph/generated.go:8241.21,8243.37 2 0
github.com/MarkWestbroek/Bitemporal_2026/bitemporal_go_API_v05/graph/generated.go:8243.37,8245.5 1 0
github.com/MarkWestbroek/Bitemporal_2026/bitemporal_go_API_v05/graph/generated.go:8246.11,8247.55 1 0
github.com/MarkWestbroek/Bitemporal_2026/bitemporal_go_API_v05/graph/generated.go:8250.2,8251.22 2 0
github.com/MarkWestbroek/Bitemporal_2026/bitemporal_go_API_v05/graph/generated.go:8251.22,8253.3 1 0
github.com/MarkWestbroek/Bitemporal_2026/bitemporal_go_API_v05/graph/generated.go:8255.2,8257.35 2 0
github.com/MarkWestbroek/Bitemporal_2026/bitemporal_go_API_v05/graph/generated.go:8257.35,8264.3 1 0
github.com/MarkWestbroek/Bitemporal_2026/bitemporal_go_API_v05/graph/generated.go:8266.2,8266.12 1 0
github.com/MarkWestbroek/Bitemporal_2026/bitemporal_go_API_v05/graph/generated.go:8271.123,8276.31 4 0
github.com/MarkWestbroek/Bitemporal_2026/bitemporal_go_API_v05/graph/generated.go:8276.31,8277.21 1 0
github.com/MarkWestbroek/Bitemporal_2026/bitemporal_go_API_v05/graph/generated.go:8278.21,8279.51 1 0
github.com/MarkWestbroek/Bitemporal_2026/bitemporal_go_API_v05/graph/generated.go:8280.15,8282.37 2 0
github.com/MarkWestbroek/Bitemporal_2026/bitemporal_go_API_v05/graph/generated.go:8282.37,8284.5 1 0
github.com/MarkWestbroek/Bitemporal_2026/bitemporal_go_API_v05/graph/generated.go:8285.15,8286.52 1 0
github.com/MarkWestbroek/Bitemporal_2026/bitemporal_go_API_v05/graph/generated.go:8287.22,8288.59 1 0
github.com/MarkWestbroek/Bitemporal_2026/bitemporal_go_API_v05/graph/generated.go:8289.25,8290.62 1 0
github.com/MarkWestbroek/Bitemporal_2026/bitemporal_go_API_v05/graph/generated.go:8291.17,8292.54 1 0
github.com/MarkWestbroek/Bitemporal_2026/bitemporal_go_API_v05/graph/generated.go:8293.21,8294.58 1 0
github.com/MarkWestbroek/Bitemporal_2026/bitemporal_go_API_v05/graph/generated.go:8295.24,8296.61 1 0
github.com/MarkWestbroek/Bitemporal_2026/bitemporal_go_API_v05/graph/generated.go:8297.21,8298.58 1 0
github.com/MarkWestbroek/Bitemporal_2026/bitemporal_go_API_v05/graph/generated.go:8299.22,8300.59 1 0
github.com/MarkWestbroek/Bitemporal_2026/bitemporal_go_API_v05/graph/generated.go:8301.17,8302.54 1 0
github.com/MarkWestbroek/Bitemporal_2026/bitemporal_go_API_v05/graph/generated.go:8303.18,8304.55 1 0
github.com/MarkWestbroek/Bitemporal_2026/bitemporal_go_API_v05/graph/generated.go:8305.11,8306.55 1 0
github.com/MarkWestbroek/Bitemporal_2026/bitemporal_go_API_v05/graph/generated.go:8309.2,8310.22 2 0
github.com/MarkWestbroek/Bitemporal_2026/bitemporal_go_API_v05/graph/generated.go:8310.22,8312.3 1 0
github.com/MarkWestbroek/Bitemporal_2026/bitemporal_go_API_v05/graph/generated.go:8314.2,8316.35 2 0
github.com/MarkWestbroek/Bitemporal_2026/bitemporal_go_API_v05/graph/generated.go:8316.35,8323.3 1 0
github.com/MarkWestbroek/Bitemporal_2026/bitemporal_go_API_v05/graph/generated.go:8325.2,8325.12 1 0
github.com/MarkWestbroek/Bitemporal_2026/bitemporal_go_API_v05/graph/generated.go:8332.94,8335.2 2 0
github.com/MarkWestbroek/Bitemporal_2026/bitemporal_go_API_v05/graph/generated.go:8337.119,8340.25 3 0
github.com/MarkWestbroek/Bitemporal_2026/bitemporal_go_API_v05/graph/generated.go:8340.25,8341.64 1 0
github.com/MarkWestbroek/Bitemporal_2026/bitemporal_go_API_v05/graph/generated.go:8341.64,8343.4 1 0
github.com/MarkWestbroek/Bitemporal_2026/bitemporal_go_API_v05/graph/generated.go:8345.2,8345.12 1 0
github.com/MarkWestbroek/Bitemporal_2026/bitemporal_go_API_v05/graph/generated.go:8348.229,8352.13 4 0
github.com/MarkWestbroek/Bitemporal_2026/bitemporal_go_API_v05/graph/generated.go:8352.13,8354.3 1 0
github.com/MarkWestbroek/Bitemporal_2026/bitemporal_go_API_v05/graph/generated.go:8355.2,8355.19 1 0
github.com/MarkWestbroek/Bitemporal_2026/bitemporal_go_API_v05/graph/generated.go:8355.19,8362.20 4 0
github.com/MarkWestbroek/Bitemporal_2026/bitemporal_go_API_v05/graph/generated.go:8362.20,8363.17 1 0
github.com/MarkWestbroek/Bitemporal_2026/bitemporal_go_API_v05/graph/generated.go:8363.17,8364.33 1 0
github.com/MarkWestbroek/Bitemporal_2026/bitemporal_go_API_v05/graph/generated.go:8364.33,8367.6 2 0
github.com/MarkWestbroek/Bitemporal_2026/bitemporal_go_API_v05/graph/generated.go:8369.4,8369.15 1 0
github.com/MarkWestbroek/Bitemporal_2026/bitemporal_go_API_v05/graph/generated.go:8369.15,8371.5 1 0
github.com/MarkWestbroek/Bitemporal_2026/bitemporal_go_API_v05/graph/generated.go:8372.4,8372.145 1 0
github.com/MarkWestbroek/Bitemporal_2026/bitemporal_go_API_v05/graph/generated.go:8374.3,8374.13 1 0
github.com/MarkWestbroek/Bitemporal_2026/bitemporal_go_API_v05/graph/generated.go:8374.13,8376.4 1 0
github.com/MarkWestbroek/Bitemporal_2026/bitemporal_go_API_v05/graph/generated.go:8376.9,8378.4 1 0
github.com/MarkWestbroek/Bitemporal_2026/bitemporal_go_API_v05/graph/generated.go:8381.2,8383.24 2 0
github.com/MarkWestbroek/Bitemporal_2026/bitemporal_go_API_v05/graph/generated.go:8383.24,8384.24 1 0
github.com/MarkWestbroek/Bitemporal_2026/bitemporal_go_API_v05/graph/generated.go:8384.24,8386.4 1 0
github.com/MarkWestbroek/Bitemporal_2026/bitemporal_go_API_v05/graph/generated.go:8389.2,8389.12 1 0
github.com/MarkWestbroek/Bitemporal_2026/bitemporal_go_API_v05/graph/generated.go:8392.221,8393.14 1 0
github.com/MarkWestbroek/Bitemporal_2026/bitemporal_go_API_v05/graph/generated.go:8393.14,8394.64 1 0
github.com/MarkWestbroek/Bitemporal_2026/bitemporal_go_API_v05/graph/generated.go:8394.64,8396.4 1 0
github.com/MarkWestbroek/Bitemporal_2026/bitemporal_go_API_v05/graph/generated.go:8397.3,8397.22 1 0
github.com/MarkWestbroek/Bitemporal_2026/bitemporal_go_API_v05/graph/generated.go:8399.2,8399.32 1 0
github.com/MarkWestbroek/Bitemporal_2026/bitemporal_go_API_v05/graph/generated.go:8402.246,8405.2 2 0
github.com/MarkWestbroek/Bitemporal_2026/bitemporal_go_API_v05/graph/generated.go:8407.246,8410.2 2 0
github.com/MarkWestbroek/Bitemporal_2026/bitemporal_go_API_v05/graph/generated.go:8412.246,8415.2 2 0
github.com/MarkWestbroek/Bitemporal_2026/bitemporal_go_API_v05/graph/generated.go:8417.246,8420.2 2 0
github.com/MarkWestbroek/Bitemporal_2026/bitemporal_go_API_v05/graph/generated.go:8422.228,8425.2 2 0
github.com/MarkWestbroek/Bitemporal_2026/bitemporal_go_API_v05/graph/generated.go:8427.228,8430.2 2 0
github.com/MarkWestbroek/Bitemporal_2026/bitemporal_go_API_v05/graph/generated.go:8432.237,8435.2 2 0
github.com/MarkWestbroek/Bitemporal_2026/bitemporal_go_API_v05/graph/generated.go:8437.219,8440.2 2 0
github.com/MarkWestbroek/Bitemporal_2026/bitemporal_go_API_v05/graph/generated.go:8442.238,8444.2 1 0
github.com/MarkWestbroek/Bitemporal_2026/bitemporal_go_API_v05/graph/generated.go:8446.250,8450.13 4 0
github.com/MarkWestbroek/Bitemporal_2026/bitemporal_go_API_v05/graph/generated.go:8450.13,8452.3 1 0
github.com/MarkWestbroek/Bitemporal_2026/bitemporal_go_API_v05/graph/generated.go:8453.2,8453.19 1 0
github.com/MarkWestbroek/Bitemporal_2026/bitemporal_go_API_v05/graph/generated.go:8453.19,8460.20 4 0
github.com/MarkWestbroek/Bitemporal_2026/bitemporal_go_API_v05/graph/generated.go:8460.20,8461.17 1 0
github.com/MarkWestbroek/Bitemporal_2026/bitemporal_go_API_v05/graph/generated.go:8461.17,8462.33 1 0
github.com/MarkWestbroek/Bitemporal_2026/bitemporal_go_API_v05/graph/generated.go:8462.33,8465.6 2 0
github.com/MarkWestbroek/Bitemporal_2026/bitemporal_go_API_v05/graph/generated.go:8467.4,8467.15 1 0
github.com/MarkWestbroek/Bitemporal_2026/bitemporal_go_API_v05/graph/generated.go:8467.15,8469.5 1 0
github.com/MarkWestbroek/Bitemporal_2026/bitemporal_go_API_v05/graph/generated.go:8470.4,8470.159 1 0
github.com/MarkWestbroek/Bitemporal_2026/bitemporal_go_API_v05/graph/generated.go:8472.3,8472.13 1 0
github.com/MarkWestbroek/Bitemporal_2026/bitemporal_go_API_v05/graph/generated.go:8472.13,8474.4 1 0
github.com/MarkWestbroek/Bitemporal_2026/bitemporal_go_API_v05/graph/generated.go:8474.9,8476.4 1 0
github.com/MarkWestbroek/Bitemporal_2026/bitemporal_go_API_v05/graph/generated.go:8479.2,8481.24 2 0
github.com/MarkWestbroek/Bitemporal_2026/bitemporal_go_API_v05/graph/generated.go:8481.24,8482.24 1 0
github.com/MarkWestbroek/Bitemporal_2026/bitemporal_go_API_v05/graph/generated.go:8482.24,8484.4 1 0
github.com/MarkWestbroek/Bitemporal_2026/bitemporal_go_API_v05/graph/generated.go:8487.2,8487.12 1 0
github.com/MarkWestbroek/Bitemporal_2026/bitemporal_go_API_v05/graph/generated.go:8490.242,8491.14 1 0
github.com/MarkWestbroek/Bitemporal_2026/bitemporal_go_API_v05/graph/generated.go:8491.14,8492.64 1 0
github.com/MarkWestbroek/Bitemporal_2026/bitemporal_go_API_v05/graph/generated.go:8492.64,8494.4 1 0
github.com/MarkWestbroek/Bitemporal_2026/bitemporal_go_API_v05/graph/generated.go:8495.3,8495.22 1 0
github.com/MarkWestbroek/Bitemporal_2026/bitemporal_go_API_v05/graph/generated.go:8497.2,8497.39 1 0
github.com/MarkWestbroek/Bitemporal_2026/bitemporal_go_API_v05/graph/generated.go:8500.238,8502.2 1 0
github.com/MarkWestbroek/Bitemporal_2026/bitemporal_go_API_v05/graph/generated.go:8504.250,8508.13 4 0
github.com/MarkWestbroek/Bitemporal_2026/bitemporal_go_API_v05/graph/generated.go:8508.13,8510.3 1 0
github.com/MarkWestbroek/Bitemporal_2026/bitemporal_go_API_v05/graph/generated.go:8511.2,8511.19 1 0
github.com/MarkWestbroek/Bitemporal_2026/bitemporal_go_API_v05/graph/generated.go:8511.19,8518.20 4 0
github.com/MarkWestbroek/Bitemporal_2026/bitemporal_go_API_v05/graph/generated.go:8518.20,8519.17 1 0
github.com/MarkWestbroek/Bitemporal_2026/bitemporal_go_API_v05/graph/generated.go:8519.17,8520.33 1 0
github.com/MarkWestbroek/Bitemporal_2026/bitemporal_go_API_v05/graph/generated.go:8520.33,8523.6 2 0
github.com/MarkWestbroek/Bitemporal_2026/bitemporal_go_API_v05/graph/generated.go:8525.4,8525.15 1 0
github.com/MarkWestbroek/Bitemporal_2026/bitemporal_go_API_v05/graph/generated.go:8525.15,8527.5 1 0
github.com/MarkWestbroek/Bitemporal_2026/bitemporal_go_API_v05/graph/generated.go:8528.4,8528.159 1 0
github.com/MarkWestbroek/Bitemporal_2026/bitemporal_go_API_v05/graph/generated.go:8530.3,8530.13 1 0
github.com/MarkWestbroek/Bitemporal_2026/bitemporal_go_API_v05/graph/generated.go:8530.13,8532.4 1 0
github.com/MarkWestbroek/Bitemporal_2026/bitemporal_go_API_v05/graph/generated.go:8532.9,8534.4 1 0
github.com/MarkWestbroek/Bitemporal_2026/bitemporal_go_API_v05/graph/generated.go:8537.2,8539.24 2 0
github.com/MarkWestbroek/Bitemporal_2026/bitemporal_go_API_v05/graph/generated.go:8539.24,8540.24 1 0
github.com/MarkWestbroek/Bitemporal_2026/bitemporal_go_API_v05/graph/generated.go:8540.24,8542.4 1 0
github.com/MarkWestbroek/Bitemporal_2026/bitemporal_go_API_v05/graph/generated.go:8545.2,8545.12 1 0
github.com/MarkWestbroek/Bitemporal_2026/bitemporal_go_API_v05/graph/generated.go:8548.242,8549.14 1 0
github.com/MarkWestbroek/Bitemporal_2026/bitemporal_go_API_v05/graph/generated.go:8549.14,8550.64 1 0
github.com/MarkWestbroek/Bitemporal_2026/bitemporal_go_API_v05/graph/generated.go:8550.64,8552.4 1 0
github.com/MarkWestbroek/Bitemporal_2026/bitemporal_go_API_v05/graph/generated.go:8553.3,8553.22 1 0
github.com/MarkWestbroek/Bitemporal_2026/bitemporal_go_API_v05/graph/generated.go:8555.2,8555.39 1 0
github.com/MarkWestbroek/Bitemporal_2026/bitemporal_go_API_v05/graph/generated.go:8558.238,8560.2 1 0
github.com/MarkWestbroek/Bitemporal_2026/bitemporal_go_API_v05/graph/generated.go:8562.242,8563.14 1 0
github.com/MarkWestbroek/Bitemporal_2026/bitemporal_go_API_v05/graph/generated.go:8563.14,8564.64 1 0
github.com/MarkWestbroek/Bitemporal_2026/bitemporal_go_API_v05/graph/generated.go:8564.64,8566.4 1 0
github.com/MarkWestbroek/Bitemporal_2026/bitemporal_go_API_v05/graph/generated.go:8567.3,8567.22 1 0
github.com/MarkWestbroek/Bitemporal_2026/bitemporal_go_API_v05/graph/generated.go:8569.2,8569.39 1 0
github.com/MarkWestbroek/Bitemporal_2026/bitemporal_go_API_v05/graph/generated.go:8572.238,8574.2 1 0
github.com/MarkWestbroek/Bitemporal_2026/bitemporal_go_API_v05/graph/generated.go:8576.242,8577.14 1 0
github.com/MarkWestbroek/Bitemporal_2026/bitemporal_go_API_v05/graph/generated.go:8577.14,8578.64 1 0
github.com/MarkWestbroek/Bitemporal_2026/bitemporal_go_API_v05/graph/generated.go:8578.64,8580.4 1 0
github.com/MarkWestbroek/Bitemporal_2026/bitemporal_go_API_v05/graph/generated.go:8581.3,8581.22 1 0
github.com/MarkWestbroek/Bitemporal_2026/bitemporal_go_API_v05/graph/generated.go:8583.2,8583.39 1 0
github.com/MarkWestbroek/Bitemporal_2026/bitemporal_go_API_v05/graph/generated.go:8586.99,8589.2 2 0
github.com/MarkWestbroek/Bitemporal_2026/bitemporal_go_API_v05/graph/generated.go:8591.124,8594.25 3 0
github.com/MarkWestbroek/Bitemporal_2026/bitemporal_go_API_v05/graph/generated.go:8594.25,8595.64 1 0
github.com/MarkWestbroek/Bitemporal_2026/bitemporal_go_API_v05/graph/generated.go:8595.64,8597.4 1 0
github.com/MarkWestbroek/Bitemporal_2026/bitemporal_go_API_v05/graph/generated.go:8599.2,8599.12 1 0
github.com/MarkWestbroek/Bitemporal_2026/bitemporal_go_API_v05/graph/generated.go:8602.220,8604.2 1 0
github.com/MarkWestbroek/Bitemporal_2026/bitemporal_go_API_v05/graph/generated.go:8606.232,8610.13 4 0
github.com/MarkWestbroek/Bitemporal_2026/bitemporal_go_API_v05/graph/generated.go:8610.13,8612.3 1 0
github.com/MarkWestbroek/Bitemporal_2026/bitemporal_go_API_v05/graph/generated.go:8613.2,8613.19 1 0
github.com/MarkWestbroek/Bitemporal_2026/bitemporal_go_API_v05/graph/generated.go:8613.19,8620.20 4 0
github.com/MarkWestbroek/Bitemporal_2026/bitemporal_go_API_v05/graph/generated.go:8620.20,8621.17 1 0
github.com/MarkWestbroek/Bitemporal_2026/bitemporal_go_API_v05/graph/generated.go:8621.17,8622.33 1 0
github.com/MarkWestbroek/Bitemporal_2026/bitemporal_go_API_v05/graph/generated.go:8622.33,8625.6 2 0
github.com/MarkWestbroek/Bitemporal_2026/bitemporal_go_API_v05/graph/generated.go:8627.4,8627.15 1 0
github.com/MarkWestbroek/Bitemporal_2026/bitemporal_go_API_v05/graph/generated.go:8627.15,8629.5 1 0
github.com/MarkWestbroek/Bitemporal_2026/bitemporal_go_API_v05/graph/generated.go:8630.4,8630.147 1 0
github.com/MarkWestbroek/Bitemporal_2026/bitemporal_go_API_v05/graph/generated.go:8632.3,8632.13 1 0
github.com/MarkWestbroek/Bitemporal_2026/bitemporal_go_API_v05/graph/generated.go:8632.13,8634.4 1 0
github.com/MarkWestbroek/Bitemporal_2026/bitemporal_go_API_v05/graph/generated.go:8634.9,8636.4 1 0
github.com/MarkWestbroek/Bitemporal_2026/bitemporal_go_API_v05/graph/generated.go:8639.2,8641.24 2 0
github.com/MarkWestbroek/Bitemporal_2026/bitemporal_go_API_v05/graph/generated.go:8641.24,8642.24 1 0
github.com/MarkWestbroek/Bitemporal_2026/bitemporal_go_API_v05/graph/generated.go:8642.24,8644.4 1 0
github.com/MarkWestbroek/Bitemporal_2026/bitemporal_go_API_v05/graph/generated.go:8647.2,8647.12 1 0
github.com/MarkWestbroek/Bitemporal_2026/bitemporal_go_API_v05/graph/generated.go:8650.224,8651.14 1 0
github.com/MarkWestbroek/Bitemporal_2026/bitemporal_go_API_v05/graph/generated.go:8651.14,8652.64 1 0
github.com/MarkWestbroek/Bitemporal_2026/bitemporal_go_API_v05/graph/generated.go:8652.64,8654.4 1 0
github.com/MarkWestbroek/Bitemporal_2026/bitemporal_go_API_v05/graph/generated.go:8655.3,8655.22 1 0
github.com/MarkWestbroek/Bitemporal_2026/bitemporal_go_API_v05/graph/generated.go:8657.2,8657.33 1 0
github.com/MarkWestbroek/Bitemporal_2026/bitemporal_go_API_v05/graph/generated.go:8660.220,8662.2 1 0
github.com/MarkWestbroek/Bitemporal_2026/bitemporal_go_API_v05/graph/generated.go:8664.232,8668.13 4 0
github.com/MarkWestbroek/Bitemporal_2026/bitemporal_go_API_v05/graph/generated.go:8668.13,8670.3 1 0
github.com/MarkWestbroek/Bitemporal_2026/bitemporal_go_API_v05/graph/generated.go:8671.2,8671.19 1 0
github.com/MarkWestbroek/Bitemporal_2026/bitemporal_go_API_v05/graph/generated.go:8671.19,8678.20 4 0
github.com/MarkWestbroek/Bitemporal_2026/bitemporal_go_API_v05/graph/generated.go:8678.20,8679.17 1 0
github.com/MarkWestbroek/Bitemporal_2026/bitemporal_go_API_v05/graph/generated.go:8679.17,8680.33 1 0
github.com/MarkWestbroek/Bitemporal_2026/bitemporal_go_API_v05/graph/generated.go:8680.33,8683.6 2 0
github.com/MarkWestbroek/Bitemporal_2026/bitemporal_go_API_v05/graph/generated.go:8685.4,8685.15 1 0
github.com/MarkWestbroek/Bitemporal_2026/bitemporal_go_API_v05/graph/generated.go:8685.15,8687.5 1 0
github.com/MarkWestbroek/Bitemporal_2026/bitemporal_go_API_v05/graph/generated.go:8688.4,8688.147 1 0
github.com/MarkWestbroek/Bitemporal_2026/bitemporal_go_API_v05/graph/generated.go:8690.3,8690.13 1 0
github.com/MarkWestbroek/Bitemporal_2026/bitemporal_go_API_v05/graph/generated.go:8690.13,8692.4 1 0
github.com/MarkWestbroek/Bitemporal_2026/bitemporal_go_API_v05/graph/generated.go:8692.9,8694.4 1 0
github.com/MarkWestbroek/Bitemporal_2026/bitemporal_go_API_v05/graph/generated.go:8697.2,8699.24 2 0
github.com/MarkWestbroek/Bitemporal_2026/bitemporal_go_API_v05/graph/generated.go:8699.24,8700.24 1 0
github.com/MarkWestbroek/Bitemporal_2026/bitemporal_go_API_v05/graph/generated.go:8700.24,8702.4 1 0
github.com/MarkWestbroek/Bitemporal_2026/bitemporal_go_API_v05/graph/generated.go:8705.2,8705.12 1 0
github.com/MarkWestbroek/Bitemporal_2026/bitemporal_go_API_v05/graph/generated.go:8708.224,8709.14 1 0
github.com/MarkWestbroek/Bitemporal_2026/bitemporal_go_API_v05/graph/generated.go:8709.14,8710.64 1 0
github.com/MarkWestbroek/Bitemporal_2026/bitemporal_go_API_v05/graph/generated.go:8710.64,8712.4 1 0
github.com/MarkWestbroek/Bitemporal_2026/bitemporal_go_API_v05/graph/generated.go:8713.3,8713.22 1 0
github.com/MarkWestbroek/Bitemporal_2026/bitemporal_go_API_v05/graph/generated.go:8715.2,8715.33 1 0
github.com/MarkWestbroek/Bitemporal_2026/bitemporal_go_API_v05/graph/generated.go:8718.93,8721.2 2 0
github.com/MarkWestbroek/Bitemporal_2026/bitemporal_go_API_v05/graph/generated.go:8723.118,8726.25 3 0
github.com/MarkWestbroek/Bitemporal_2026/bitemporal_go_API_v05/graph/generated.go:8726.25,8727.64 1 0
github.com/MarkWestbroek/Bitemporal_2026/bitemporal_go_API_v05/graph/generated.go:8727.64,8729.4 1 0
github.com/MarkWestbroek/Bitemporal_2026/bitemporal_go_API_v05/graph/generated.go:8731.2,8731.12 1 0
github.com/MarkWestbroek/Bitemporal_2026/bitemporal_go_API_v05/graph/generated.go:8734.247,8738.13 4 0
github.com/MarkWestbroek/Bitemporal_2026/bitemporal_go_API_v05/graph/generated.go:8738.13,8740.3 1 0
github.com/MarkWestbroek/Bitemporal_2026/bitemporal_go_API_v05/graph/generated.go:8741.2,8741.19 1 0
github.com/MarkWestbroek/Bitemporal_2026/bitemporal_go_API_v05/graph/generated.go:8741.19,8748.20 4 0
github.com/MarkWestbroek/Bitemporal_2026/bitemporal_go_API_v05/graph/generated.go:8748.20,8749.17 1 0
github.com/MarkWestbroek/Bitemporal_2026/bitemporal_go_API_v05/graph/generated.go:8749.17,8750.33 1 0
github.com/MarkWestbroek/Bitemporal_2026/bitemporal_go_API_v05/graph/generated.go:8750.33,8753.6 2 0
github.com/MarkWestbroek/Bitemporal_2026/bitemporal_go_API_v05/graph/generated.go:8755.4,8755.15 1 0
github.com/MarkWestbroek/Bitemporal_2026/bitemporal_go_API_v05/graph/generated.go:8755.15,8757.5 1 0
github.com/MarkWestbroek/Bitemporal_2026/bitemporal_go_API_v05/graph/generated.go:8758.4,8758.157 1 0
github.com/MarkWestbroek/Bitemporal_2026/bitemporal_go_API_v05/graph/generated.go:8760.3,8760.13 1 0
github.com/MarkWestbroek/Bitemporal_2026/bitemporal_go_API_v05/graph/generated.go:8760.13,8762.4 1 0
github.com/MarkWestbroek/Bitemporal_2026/bitemporal_go_API_v05/graph/generated.go:8762.9,8764.4 1 0
github.com/MarkWestbroek/Bitemporal_2026/bitemporal_go_API_v05/graph/generated.go:8767.2,8769.24 2 0
github.com/MarkWestbroek/Bitemporal_2026/bitemporal_go_API_v05/graph/generated.go:8769.24,8770.24 1 0
github.com/MarkWestbroek/Bitemporal_2026/bitemporal_go_API_v05/graph/generated.go:8770.24,8772.4 1 0
github.com/MarkWestbroek/Bitemporal_2026/bitemporal_go_API_v05/graph/generated.go:8775.2,8775.12 1 0
github.com/MarkWestbroek/Bitemporal_2026/bitemporal_go_API_v05/graph/generated.go:8778.239,8779.14 1 0
github.com/MarkWestbroek/Bitemporal_2026/bitemporal_go_API_v05/graph/generated.go:8779.14,8780.64 1 0
github.com/MarkWestbroek/Bitemporal_2026/bitemporal_go_API_v05/graph/generated.go:8780.64,8782.4 1 0
github.com/MarkWestbroek/Bitemporal_2026/bitemporal_go_API_v05/graph/generated.go:8783.3,8783.22 1 0
github.com/MarkWestbroek/Bitemporal_2026/bitemporal_go_API_v05/graph/generated.go:8785.2,8785.38 1 0
github.com/MarkWestbroek/Bitemporal_2026/bitemporal_go_API_v05/graph/generated.go:8788.229,8790.2 1 0
github.com/MarkWestbroek/Bitemporal_2026/bitemporal_go_API_v05/graph/generated.go:8792.241,8796.13 4 0
github.com/MarkWestbroek/Bitemporal_2026/bitemporal_go_API_v05/graph/generated.go:8796.13,8798.3 1 0
github.com/MarkWestbroek/Bitemporal_2026/bitemporal_go_API_v05/graph/generated.go:8799.2,8799.19 1 0
github.com/MarkWestbroek/Bitemporal_2026/bitemporal_go_API_v05/graph/generated.go:8799.19,8806.20 4 0
github.com/MarkWestbroek/Bitemporal_2026/bitemporal_go_API_v05/graph/generated.go:8806.20,8807.17 1 0
github.com/MarkWestbroek/Bitemporal_2026/bitemporal_go_API_v05/graph/generated.go:8807.17,8808.33 1 0
github.com/MarkWestbroek/Bitemporal_2026/bitemporal_go_API_v05/graph/generated.go:8808.33,8811.6 2 0
github.com/MarkWestbroek/Bitemporal_2026/bitemporal_go_API_v05/graph/generated.go:8813.4,8813.15 1 0
github.com/MarkWestbroek/Bitemporal_2026/bitemporal_go_API_v05/graph/generated.go:8813.15,8815.5 1 0
github.com/MarkWestbroek/Bitemporal_2026/bitemporal_go_API_v05/graph/generated.go:8816.4,8816.153 1 0
github.com/MarkWestbroek/Bitemporal_2026/bitemporal_go_API_v05/graph/generated.go:8818.3,8818.13 1 0
github.com/MarkWestbroek/Bitemporal_2026/bitemporal_go_API_v05/graph/generated.go:8818.13,8820.4 1 0
github.com/MarkWestbroek/Bitemporal_2026/bitemporal_go_API_v05/graph/generated.go:8820.9,8822.4 1 0
github.com/MarkWestbroek/Bitemporal_2026/bitemporal_go_API_v05/graph/generated.go:8825.2,8827.24 2 0
github.com/MarkWestbroek/Bitemporal_2026/bitemporal_go_API_v05/graph/generated.go:8827.24,8828.24 1 0
github.com/MarkWestbroek/Bitemporal_2026/bitemporal_go_API_v05/graph/generated.go:8828.24,8830.4 1 0
github.com/MarkWestbroek/Bitemporal_2026/bitemporal_go_API_v05/graph/generated.go:8833.2,8833.12 1 0
github.com/MarkWestbroek/Bitemporal_2026/bitemporal_go_API_v05/graph/generated.go:8836.233,8837.14 1 0
github.com/MarkWestbroek/Bitemporal_2026/bitemporal_go_API_v05/graph/generated.go:8837.14,8838.64 1 0
github.com/MarkWestbroek/Bitemporal_2026/bitemporal_go_API_v05/graph/generated.go:8838.64,8840.4 1 0
github.com/MarkWestbroek/Bitemporal_2026/bitemporal_go_API_v05/graph/generated.go:8841.3,8841.22 1 0
github.com/MarkWestbroek/Bitemporal_2026/bitemporal_go_API_v05/graph/generated.go:8843.2,8843.36 1 0
github.com/MarkWestbroek/Bitemporal_2026/bitemporal_go_API_v05/graph/generated.go:8846.97,8849.2 2 0
github.com/MarkWestbroek/Bitemporal_2026/bitemporal_go_API_v05/graph/generated.go:8851.122,8854.25 3 0
github.com/MarkWestbroek/Bitemporal_2026/bitemporal_go_API_v05/graph/generated.go:8854.25,8855.64 1 0
github.com/MarkWestbroek/Bitemporal_2026/bitemporal_go_API_v05/graph/generated.go:8855.64,8857.4 1 0
github.com/MarkWestbroek/Bitemporal_2026/bitemporal_go_API_v05/graph/generated.go:8859.2,8859.12 1 0
github.com/MarkWestbroek/Bitemporal_2026/bitemporal_go_API_v05/graph/generated.go:8862.211,8864.2 1 0
github.com/MarkWestbroek/Bitemporal_2026/bitemporal_go_API_v05/graph/generated.go:8866.223,8870.13 4 0
github.com/MarkWestbroek/Bitemporal_2026/bitemporal_go_API_v05/graph/generated.go:8870.13,8872.3 1 0
github.com/MarkWestbroek/Bitemporal_2026/bitemporal_go_API_v05/graph/generated.go:8873.2,8873.19 1 0
github.com/MarkWestbroek/Bitemporal_2026/bitemporal_go_API_v05/graph/generated.go:8873.19,8880.20 4 0
github.com/MarkWestbroek/Bitemporal_2026/bitemporal_go_API_v05/graph/generated.go:8880.20,8881.17 1 0
github.com/MarkWestbroek/Bitemporal_2026/bitemporal_go_API_v05/graph/generated.go:8881.17,8882.33 1 0
github.com/MarkWestbroek/Bitemporal_2026/bitemporal_go_API_v05/graph/generated.go:8882.33,8885.6 2 0
github.com/MarkWestbroek/Bitemporal_2026/bitemporal_go_API_v05/graph/generated.go:8887.4,8887.15 1 0
github.com/MarkWestbroek/Bitemporal_2026/bitemporal_go_API_v05/graph/generated.go:8887.15,8889.5 1 0
github.com/MarkWestbroek/Bitemporal_2026/bitemporal_go_API_v05/graph/generated.go:8890.4,8890.141 1 0
github.com/MarkWestbroek/Bitemporal_2026/bitemporal_go_API_v05/graph/generated.go:8892.3,8892.13 1 0
github.com/MarkWestbroek/Bitemporal_2026/bitemporal_go_API_v05/graph/generated.go:8892.13,8894.4 1 0
github.com/MarkWestbroek/Bitemporal_2026/bitemporal_go_API_v05/graph/generated.go:8894.9,8896.4 1 0
github.com/MarkWestbroek/Bitemporal_2026/bitemporal_go_API_v05/graph/generated.go:8899.2,8901.24 2 0
github.com/MarkWestbroek/Bitemporal_2026/bitemporal_go_API_v05/graph/generated.go:8901.24,8902.24 1 0
github.com/MarkWestbroek/Bitemporal_2026/bitemporal_go_API_v05/graph/generated.go:8902.24,8904.4 1 0
github.com/MarkWestbroek/Bitemporal_2026/bitemporal_go_API_v05/graph/generated.go:8907.2,8907.12 1 0
github.com/MarkWestbroek/Bitemporal_2026/bitemporal_go_API_v05/graph/generated.go:8910.215,8911.14 1 0
github.com/MarkWestbroek/Bitemporal_2026/bitemporal_go_API_v05/graph/generated.go:8911.14,8912.64 1 0
github.com/MarkWestbroek/Bitemporal_2026/bitemporal_go_API_v05/graph/generated.go:8912.64,8914.4 1 0
github.com/MarkWestbroek/Bitemporal_2026/bitemporal_go_API_v05/graph/generated.go:8915.3,8915.22 1 0
github.com/MarkWestbroek/Bitemporal_2026/bitemporal_go_API_v05/graph/generated.go:8917.2,8917.30 1 0
github.com/MarkWestbroek/Bitemporal_2026/bitemporal_go_API_v05/graph/generated.go:8920.246,8923.2 2 0
github.com/MarkWestbroek/Bitemporal_2026/bitemporal_go_API_v05/graph/generated.go:8925.228,8928.2 2 0
github.com/MarkWestbroek/Bitemporal_2026/bitemporal_go_API_v05/graph/generated.go:8930.228,8933.2 2 0
github.com/MarkWestbroek/Bitemporal_2026/bitemporal_go_API_v05/graph/generated.go:8935.219,8938.2 2 0
github.com/MarkWestbroek/Bitemporal_2026/bitemporal_go_API_v05/graph/generated.go:8940.209,8942.2 1 0
github.com/MarkWestbroek/Bitemporal_2026/bitemporal_go_API_v05/graph/generated.go:8944.217,8948.13 4 0
github.com/MarkWestbroek/Bitemporal_2026/bitemporal_go_API_v05/graph/generated.go:8948.13,8950.3 1 0
github.com/MarkWestbroek/Bitemporal_2026/bitemporal_go_API_v05/graph/generated.go:8951.2,8951.19 1 0
github.com/MarkWestbroek/Bitemporal_2026/bitemporal_go_API_v05/graph/generated.go:8951.19,8958.20 4 0
github.com/MarkWestbroek/Bitemporal_2026/bitemporal_go_API_v05/graph/generated.go:8958.20,8959.17 1 0
github.com/MarkWestbroek/Bitemporal_2026/bitemporal_go_API_v05/graph/generated.go:8959.17,8960.33 1 0
github.com/MarkWestbroek/Bitemporal_2026/bitemporal_go_API_v05/graph/generated.go:8960.33,8963.6 2 0
github.com/MarkWestbroek/Bitemporal_2026/bitemporal_go_API_v05/graph/generated.go:8965.4,8965.15 1 0
github.com/MarkWestbroek/Bitemporal_2026/bitemporal_go_API_v05/graph/generated.go:8965.15,8967.5 1 0
github.com/MarkWestbroek/Bitemporal_2026/bitemporal_go_API_v05/graph/generated.go:8968.4,8968.123 1 0
github.com/MarkWestbroek/Bitemporal_2026/bitemporal_go_API_v05/graph/generated.go:8970.3,8970.13 1 0
github.com/MarkWestbroek/Bitemporal_2026/bitemporal_go_API_v05/graph/generated.go:8970.13,8972.4 1 0
github.com/MarkWestbroek/Bitemporal_2026/bitemporal_go_API_v05/graph/generated.go:8972.9,8974.4 1 0
github.com/MarkWestbroek/Bitemporal_2026/bitemporal_go_API_v05/graph/generated.go:8977.2,8979.24 2 0
github.com/MarkWestbroek/Bitemporal_2026/bitemporal_go_API_v05/graph/generated.go:8979.24,8980.24 1 0
github.com/MarkWestbroek/Bitemporal_2026/bitemporal_go_API_v05/graph/generated.go:8980.24,8982.4 1 0
github.com/MarkWestbroek/Bitemporal_2026/bitemporal_go_API_v05/graph/generated.go:8985.2,8985.12 1 0
github.com/MarkWestbroek/Bitemporal_2026/bitemporal_go_API_v05/graph/generated.go:8988.110,8991.2 2 0
github.com/MarkWestbroek/Bitemporal_2026/bitemporal_go_API_v05/graph/generated.go:8993.135,8996.25 3 0
github.com/MarkWestbroek/Bitemporal_2026/bitemporal_go_API_v05/graph/generated.go:8996.25,8997.64 1 0
github.com/MarkWestbroek/Bitemporal_2026/bitemporal_go_API_v05/graph/generated.go:8997.64,8999.4 1 0
github.com/MarkWestbroek/Bitemporal_2026/bitemporal_go_API_v05/graph/generated.go:9001.2,9001.12 1 0
github.com/MarkWestbroek/Bitemporal_2026/bitemporal_go_API_v05/graph/generated.go:9004.118,9009.24 5 0
github.com/MarkWestbroek/Bitemporal_2026/bitemporal_go_API_v05/graph/generated.go:9009.24,9012.17 3 0
github.com/MarkWestbroek/Bitemporal_2026/bitemporal_go_API_v05/graph/generated.go:9012.17,9014.4 1 0
github.com/MarkWestbroek/Bitemporal_2026/bitemporal_go_API_v05/graph/generated.go:9016.2,9016.17 1 0
github.com/MarkWestbroek/Bitemporal_2026/bitemporal_go_API_v05/graph/generated.go:9019.143,9023.13 4 0
github.com/MarkWestbroek/Bitemporal_2026/bitemporal_go_API_v05/graph/generated.go:9023.13,9025.3 1 0
github.com/MarkWestbroek/Bitemporal_2026/bitemporal_go_API_v05/graph/generated.go:9026.2,9026.19 1 0
github.com/MarkWestbroek/Bitemporal_2026/bitemporal_go_API_v05/graph/generated.go:9026.19,9033.20 4 0
github.com/MarkWestbroek/Bitemporal_2026/bitemporal_go_API_v05/graph/generated.go:9033.20,9034.17 1 0
github.com/MarkWestbroek/Bitemporal_2026/bitemporal_go_API_v05/graph/generated.go:9034.17,9035.33 1 0
github.com/MarkWestbroek/Bitemporal_2026/bitemporal_go_API_v05/graph/generated.go:9035.33,9038.6 2 0
github.com/MarkWestbroek/Bitemporal_2026/bitemporal_go_API_v05/graph/generated.go:9040.4,9040.15 1 0
github.com/MarkWestbroek/Bitemporal_2026/bitemporal_go_API_v05/graph/generated.go:9040.15,9042.5 1 0
github.com/MarkWestbroek/Bitemporal_2026/bitemporal_go_API_v05/graph/generated.go:9043.4,9043.66 1 0
github.com/MarkWestbroek/Bitemporal_2026/bitemporal_go_API_v05/graph/generated.go:9045.3,9045.13 1 0
github.com/MarkWestbroek/Bitemporal_2026/bitemporal_go_API_v05/graph/generated.go:9045.13,9047.4 1 0
github.com/MarkWestbroek/Bitemporal_2026/bitemporal_go_API_v05/graph/generated.go:9047.9,9049.4 1 0
github.com/MarkWestbroek/Bitemporal_2026/bitemporal_go_API_v05/graph/generated.go:9052.2,9054.24 2 0
github.com/MarkWestbroek/Bitemporal_2026/bitemporal_go_API_v05/graph/generated.go:9054.24,9055.24 1 0
github.com/MarkWestbroek/Bitemporal_2026/bitemporal_go_API_v05/graph/generated.go:9055.24,9057.4 1 0
github.com/MarkWestbroek/Bitemporal_2026/bitemporal_go_API_v05/graph/generated.go:9060.2,9060.12 1 0
github.com/MarkWestbroek/Bitemporal_2026/bitemporal_go_API_v05/graph/generated.go:9063.209,9065.2 1 0
github.com/MarkWestbroek/Bitemporal_2026/bitemporal_go_API_v05/graph/generated.go:9067.197,9069.2 1 0
github.com/MarkWestbroek/Bitemporal_2026/bitemporal_go_API_v05/graph/generated.go:9071.212,9073.2 1 0
github.com/MarkWestbroek/Bitemporal_2026/bitemporal_go_API_v05/graph/generated.go:9075.220,9079.13 4 0
github.com/MarkWestbroek/Bitemporal_2026/bitemporal_go_API_v05/graph/generated.go:9079.13,9081.3 1 0
github.com/MarkWestbroek/Bitemporal_2026/bitemporal_go_API_v05/graph/generated.go:9082.2,9082.19 1 0
github.com/MarkWestbroek/Bitemporal_2026/bitemporal_go_API_v05/graph/generated.go:9082.19,9089.20 4 0
github.com/MarkWestbroek/Bitemporal_2026/bitemporal_go_API_v05/graph/generated.go:9089.20,9090.17 1 0
github.com/MarkWestbroek/Bitemporal_2026/bitemporal_go_API_v05/graph/generated.go:9090.17,9091.33 1 0
github.com/MarkWestbroek/Bitemporal_2026/bitemporal_go_API_v05/graph/generated.go:9091.33,9094.6 2 0
github.com/MarkWestbroek/Bitemporal_2026/bitemporal_go_API_v05/graph/generated.go:9096.4,9096.15 1 0
github.com/MarkWestbroek/Bitemporal_2026/bitemporal_go_API_v05/graph/generated.go:9096.15,9098.5 1 0
github.com/MarkWestbroek/Bitemporal_2026/bitemporal_go_API_v05/graph/generated.go:9099.4,9099.125 1 0
github.com/MarkWestbroek/Bitemporal_2026/bitemporal_go_API_v05/graph/generated.go:9101.3,9101.13 1 0
github.com/MarkWestbroek/Bitemporal_2026/bitemporal_go_API_v05/graph/generated.go:9101.13,9103.4 1 0
github.com/MarkWestbroek/Bitemporal_2026/bitemporal_go_API_v05/graph/generated.go:9103.9,9105.4 1 0
github.com/MarkWestbroek/Bitemporal_2026/bitemporal_go_API_v05/graph/generated.go:9108.2,9110.24 2 0
github.com/MarkWestbroek/Bitemporal_2026/bitemporal_go_API_v05/graph/generated.go:9110.24,9111.24 1 0
github.com/MarkWestbroek/Bitemporal_2026/bitemporal_go_API_v05/graph/generated.go:9111.24,9113.4 1 0
github.com/MarkWestbroek/Bitemporal_2026/bitemporal_go_API_v05/graph/generated.go:9116.2,9116.12 1 0
github.com/MarkWestbroek/Bitemporal_2026/bitemporal_go_API_v05/graph/generated.go:9119.194,9121.2 1 0
github.com/MarkWestbroek/Bitemporal_2026/bitemporal_go_API_v05/graph/generated.go:9123.202,9127.13 4 0
github.com/MarkWestbroek/Bitemporal_2026/bitemporal_go_API_v05/graph/generated.go:9127.13,9129.3 1 0
github.com/MarkWestbroek/Bitemporal_2026/bitemporal_go_API_v05/graph/generated.go:9130.2,9130.19 1 0
github.com/MarkWestbroek/Bitemporal_2026/bitemporal_go_API_v05/graph/generated.go:9130.19,9137.20 4 0
github.com/MarkWestbroek/Bitemporal_2026/bitemporal_go_API_v05/graph/generated.go:9137.20,9138.17 1 0
github.com/MarkWestbroek/Bitemporal_2026/bitemporal_go_API_v05/graph/generated.go:9138.17,9139.33 1 0
github.com/MarkWestbroek/Bitemporal_2026/bitemporal_go_API_v05/graph/generated.go:9139.33,9142.6 2 0
github.com/MarkWestbroek/Bitemporal_2026/bitemporal_go_API_v05/graph/generated.go:9144.4,9144.15 1 0
github.com/MarkWestbroek/Bitemporal_2026/bitemporal_go_API_v05/graph/generated.go:9144.15,9146.5 1 0
github.com/MarkWestbroek/Bitemporal_2026/bitemporal_go_API_v05/graph/generated.go:9147.4,9147.113 1 0
github.com/MarkWestbroek/Bitemporal_2026/bitemporal_go_API_v05/graph/generated.go:9149.3,9149.13 1 0
github.com/MarkWestbroek/Bitemporal_2026/bitemporal_go_API_v05/graph/generated.go:9149.13,9151.4 1 0
github.com/MarkWestbroek/Bitemporal_2026/bitemporal_go_API_v05/graph/generated.go:9151.9,9153.4 1 0
github.com/MarkWestbroek/Bitemporal_2026/bitemporal_go_API_v05/graph/generated.go:9156.2,9158.24 2 0
github.com/MarkWestbroek/Bitemporal_2026/bitemporal_go_API_v05/graph/generated.go:9158.24,9159.24 1 0
github.com/MarkWestbroek/Bitemporal_2026/bitemporal_go_API_v05/graph/generated.go:9159.24,9161.4 1 0
github.com/MarkWestbroek/Bitemporal_2026/bitemporal_go_API_v05/graph/generated.go:9164.2,9164.12 1 0
github.com/MarkWestbroek/Bitemporal_2026/bitemporal_go_API_v05/graph/generated.go:9167.198,9168.14 1 0
github.com/MarkWestbroek/Bitemporal_2026/bitemporal_go_API_v05/graph/generated.go:9168.14,9169.64 1 0
github.com/MarkWestbroek/Bitemporal_2026/bitemporal_go_API_v05/graph/generated.go:9169.64,9171.4 1 0
github.com/MarkWestbroek/Bitemporal_2026/bitemporal_go_API_v05/graph/generated.go:9172.3,9172.22 1 0
github.com/MarkWestbroek/Bitemporal_2026/bitemporal_go_API_v05/graph/generated.go:9174.2,9174.32 1 0
github.com/MarkWestbroek/Bitemporal_2026/bitemporal_go_API_v05/graph/generated.go:9177.101,9180.2 2 0
github.com/MarkWestbroek/Bitemporal_2026/bitemporal_go_API_v05/graph/generated.go:9182.126,9185.25 3 0
github.com/MarkWestbroek/Bitemporal_2026/bitemporal_go_API_v05/graph/generated.go:9185.25,9186.64 1 0
github.com/MarkWestbroek/Bitemporal_2026/bitemporal_go_API_v05/graph/generated.go:9186.64,9188.4 1 0
github.com/MarkWestbroek/Bitemporal_2026/bitemporal_go_API_v05/graph/generated.go:9190.2,9190.12 1 0
github.com/MarkWestbroek/Bitemporal_2026/bitemporal_go_API_v05/graph/generated.go:9193.94,9196.2 2 0
github.com/MarkWestbroek/Bitemporal_2026/bitemporal_go_API_v05/graph/generated.go:9198.119,9203.2 4 0
github.com/MarkWestbroek/Bitemporal_2026/bitemporal_go_API_v05/graph/generated.go:9205.98,9206.14 1 0
github.com/MarkWestbroek/Bitemporal_2026/bitemporal_go_API_v05/graph/generated.go:9206.14,9208.3 1 0
github.com/MarkWestbroek/Bitemporal_2026/bitemporal_go_API_v05/graph/generated.go:9209.2,9210.44 2 0
github.com/MarkWestbroek/Bitemporal_2026/bitemporal_go_API_v05/graph/generated.go:9213.123,9214.14 1 0
github.com/MarkWestbroek/Bitemporal_2026/bitemporal_go_API_v05/graph/generated.go:9214.14,9216.3 1 0
github.com/MarkWestbroek/Bitemporal_2026/bitemporal_go_API_v05/graph/generated.go:9217.2,9220.12 4 0
github.com/MarkWestbroek/Bitemporal_2026/bitemporal_go_API_v05/graph/generated.go:9223.221,9224.14 1 0
github.com/MarkWestbroek/Bitemporal_2026/bitemporal_go_API_v05/graph/generated.go:9224.14,9226.3 1 0
github.com/MarkWestbroek/Bitemporal_2026/bitemporal_go_API_v05/graph/generated.go:9227.2,9227.32 1 0
github.com/MarkWestbroek/Bitemporal_2026/bitemporal_go_API_v05/graph/generated.go:9230.242,9231.14 1 0
github.com/MarkWestbroek/Bitemporal_2026/bitemporal_go_API_v05/graph/generated.go:9231.14,9233.3 1 0
github.com/MarkWestbroek/Bitemporal_2026/bitemporal_go_API_v05/graph/generated.go:9234.2,9234.39 1 0
github.com/MarkWestbroek/Bitemporal_2026/bitemporal_go_API_v05/graph/generated.go:9237.242,9238.14 1 0
github.com/MarkWestbroek/Bitemporal_2026/bitemporal_go_API_v05/graph/generated.go:9238.14,9240.3 1 0
github.com/MarkWestbroek/Bitemporal_2026/bitemporal_go_API_v05/graph/generated.go:9241.2,9241.39 1 0
github.com/MarkWestbroek/Bitemporal_2026/bitemporal_go_API_v05/graph/generated.go:9244.242,9245.14 1 0
github.com/MarkWestbroek/Bitemporal_2026/bitemporal_go_API_v05/graph/generated.go:9245.14,9247.3 1 0
github.com/MarkWestbroek/Bitemporal_2026/bitemporal_go_API_v05/graph/generated.go:9248.2,9248.39 1 0
github.com/MarkWestbroek/Bitemporal_2026/bitemporal_go_API_v05/graph/generated.go:9251.242,9252.14 1 0
github.com/MarkWestbroek/Bitemporal_2026/bitemporal_go_API_v05/graph/generated.go:9252.14,9254.3 1 0
github.com/MarkWestbroek/Bitemporal_2026/bitemporal_go_API_v05/graph/generated.go:9255.2,9255.39 1 0
github.com/MarkWestbroek/Bitemporal_2026/bitemporal_go_API_v05/graph/generated.go:9258.103,9259.14 1 0
github.com/MarkWestbroek/Bitemporal_2026/bitemporal_go_API_v05/graph/generated.go:9259.14,9261.3 1 0
github.com/MarkWestbroek/Bitemporal_2026/bitemporal_go_API_v05/graph/generated.go:9262.2,9263.44 2 0
github.com/MarkWestbroek/Bitemporal_2026/bitemporal_go_API_v05/graph/generated.go:9266.128,9267.14 1 0
github.com/MarkWestbroek/Bitemporal_2026/bitemporal_go_API_v05/graph/generated.go:9267.14,9269.3 1 0
github.com/MarkWestbroek/Bitemporal_2026/bitemporal_go_API_v05/graph/generated.go:9270.2,9273.12 4 0
github.com/MarkWestbroek/Bitemporal_2026/bitemporal_go_API_v05/graph/generated.go:9276.224,9277.14 1 0
github.com/MarkWestbroek/Bitemporal_2026/bitemporal_go_API_v05/graph/generated.go:9277.14,9279.3 1 0
github.com/MarkWestbroek/Bitemporal_2026/bitemporal_go_API_v05/graph/generated.go:9280.2,9280.33 1 0
github.com/MarkWestbroek/Bitemporal_2026/bitemporal_go_API_v05/graph/generated.go:9283.224,9284.14 1 0
github.com/MarkWestbroek/Bitemporal_2026/bitemporal_go_API_v05/graph/generated.go:9284.14,9286.3 1 0
github.com/MarkWestbroek/Bitemporal_2026/bitemporal_go_API_v05/graph/generated.go:9287.2,9287.33 1 0
github.com/MarkWestbroek/Bitemporal_2026/bitemporal_go_API_v05/graph/generated.go:9290.97,9291.14 1 0
github.com/MarkWestbroek/Bitemporal_2026/bitemporal_go_API_v05/graph/generated.go:9291.14,9293.3 1 0
github.com/MarkWestbroek/Bitemporal_2026/bitemporal_go_API_v05/graph/generated.go:9294.2,9295.44 2 0
github.com/MarkWestbroek/Bitemporal_2026/bitemporal_go_API_v05/graph/generated.go:9298.122,9299.14 1 0
github.com/MarkWestbroek/Bitemporal_2026/bitemporal_go_API_v05/graph/generated.go:9299.14,9301.3 1 0
github.com/MarkWestbroek/Bitemporal_2026/bitemporal_go_API_v05/graph/generated.go:9302.2,9305.12 4 0
github.com/MarkWestbroek/Bitemporal_2026/bitemporal_go_API_v05/graph/generated.go:9308.96,9309.14 1 0
github.com/MarkWestbroek/Bitemporal_2026/bitemporal_go_API_v05/graph/generated.go:9309.14,9311.3 1 0
github.com/MarkWestbroek/Bitemporal_2026/bitemporal_go_API_v05/graph/generated.go:9312.2,9313.44 2 0
github.com/MarkWestbroek/Bitemporal_2026/bitemporal_go_API_v05/graph/generated.go:9316.121,9317.14 1 0
github.com/MarkWestbroek/Bitemporal_2026/bitemporal_go_API_v05/graph/generated.go:9317.14,9319.3 1 0
github.com/MarkWestbroek/Bitemporal_2026/bitemporal_go_API_v05/graph/generated.go:9320.2,9323.12 4 0
github.com/MarkWestbroek/Bitemporal_2026/bitemporal_go_API_v05/graph/generated.go:9326.239,9327.14 1 0
github.com/MarkWestbroek/Bitemporal_2026/bitemporal_go_API_v05/graph/generated.go:9327.14,9329.3 1 0
github.com/MarkWestbroek/Bitemporal_2026/bitemporal_go_API_v05/graph/generated.go:9330.2,9330.38 1 0
github.com/MarkWestbroek/Bitemporal_2026/bitemporal_go_API_v05/graph/generated.go:9333.233,9334.14 1 0
github.com/MarkWestbroek/Bitemporal_2026/bitemporal_go_API_v05/graph/generated.go:9334.14,9336.3 1 0
github.com/MarkWestbroek/Bitemporal_2026/bitemporal_go_API_v05/graph/generated.go:9337.2,9337.36 1 0
github.com/MarkWestbroek/Bitemporal_2026/bitemporal_go_API_v05/graph/generated.go:9340.101,9341.14 1 0
github.com/MarkWestbroek/Bitemporal_2026/bitemporal_go_API_v05/graph/generated.go:9341.14,9343.3 1 0
github.com/MarkWestbroek/Bitemporal_2026/bitemporal_go_API_v05/graph/generated.go:9344.2,9345.44 2 0
github.com/MarkWestbroek/Bitemporal_2026/bitemporal_go_API_v05/graph/generated.go:9348.126,9349.14 1 0
github.com/MarkWestbroek/Bitemporal_2026/bitemporal_go_API_v05/graph/generated.go:9349.14,9351.3 1 0
github.com/MarkWestbroek/Bitemporal_2026/bitemporal_go_API_v05/graph/generated.go:9352.2,9355.12 4 0
github.com/MarkWestbroek/Bitemporal_2026/bitemporal_go_API_v05/graph/generated.go:9358.215,9359.14 1 0
github.com/MarkWestbroek/Bitemporal_2026/bitemporal_go_API_v05/graph/generated.go:9359.14,9361.3 1 0
github.com/MarkWestbroek/Bitemporal_2026/bitemporal_go_API_v05/graph/generated.go:9362.2,9362.30 1 0
github.com/MarkWestbroek/Bitemporal_2026/bitemporal_go_API_v05/graph/generated.go:9365.217,9366.14 1 0
github.com/MarkWestbroek/Bitemporal_2026/bitemporal_go_API_v05/graph/generated.go:9366.14,9368.3 1 0
github.com/MarkWestbroek/Bitemporal_2026/bitemporal_go_API_v05/graph/generated.go:9369.2,9372.13 4 0
github.com/MarkWestbroek/Bitemporal_2026/bitemporal_go_API_v05/graph/generated.go:9372.13,9374.3 1 0
github.com/MarkWestbroek/Bitemporal_2026/bitemporal_go_API_v05/graph/generated.go:9375.2,9375.19 1 0
github.com/MarkWestbroek/Bitemporal_2026/bitemporal_go_API_v05/graph/generated.go:9375.19,9382.20 4 0
github.com/MarkWestbroek/Bitemporal_2026/bitemporal_go_API_v05/graph/generated.go:9382.20,9383.17 1 0
github.com/MarkWestbroek/Bitemporal_2026/bitemporal_go_API_v05/graph/generated.go:9383.17,9384.33 1 0
github.com/MarkWestbroek/Bitemporal_2026/bitemporal_go_API_v05/graph/generated.go:9384.33,9387.6 2 0
github.com/MarkWestbroek/Bitemporal_2026/bitemporal_go_API_v05/graph/generated.go:9389.4,9389.15 1 0
github.com/MarkWestbroek/Bitemporal_2026/bitemporal_go_API_v05/graph/generated.go:9389.15,9391.5 1 0
github.com/MarkWestbroek/Bitemporal_2026/bitemporal_go_API_v05/graph/generated.go:9392.4,9392.123 1 0
github.com/MarkWestbroek/Bitemporal_2026/bitemporal_go_API_v05/graph/generated.go:9394.3,9394.13 1 0
github.com/MarkWestbroek/Bitemporal_2026/bitemporal_go_API_v05/graph/generated.go:9394.13,9396.4 1 0
github.com/MarkWestbroek/Bitemporal_2026/bitemporal_go_API_v05/graph/generated.go:9396.9,9398.4 1 0
github.com/MarkWestbroek/Bitemporal_2026/bitemporal_go_API_v05/graph/generated.go:9401.2,9403.24 2 0
github.com/MarkWestbroek/Bitemporal_2026/bitemporal_go_API_v05/graph/generated.go:9403.24,9404.24 1 0
github.com/MarkWestbroek/Bitemporal_2026/bitemporal_go_API_v05/graph/generated.go:9404.24,9406.4 1 0
github.com/MarkWestbroek/Bitemporal_2026/bitemporal_go_API_v05/graph/generated.go:9409.2,9409.12 1 0
github.com/MarkWestbroek/Bitemporal_2026/bitemporal_go_API_v05/graph/generated.go:9412.205,9413.14 1 0
github.com/MarkWestbroek/Bitemporal_2026/bitemporal_go_API_v05/graph/generated.go:9413.14,9415.3 1 0
github.com/MarkWestbroek/Bitemporal_2026/bitemporal_go_API_v05/graph/generated.go:9416.2,9419.13 4 0
github.com/MarkWestbroek/Bitemporal_2026/bitemporal_go_API_v05/graph/generated.go:9419.13,9421.3 1 0
github.com/MarkWestbroek/Bitemporal_2026/bitemporal_go_API_v05/graph/generated.go:9422.2,9422.19 1 0
github.com/MarkWestbroek/Bitemporal_2026/bitemporal_go_API_v05/graph/generated.go:9422.19,9429.20 4 0
github.com/MarkWestbroek/Bitemporal_2026/bitemporal_go_API_v05/graph/generated.go:9429.20,9430.17 1 0
github.com/MarkWestbroek/Bitemporal_2026/bitemporal_go_API_v05/graph/generated.go:9430.17,9431.33 1 0
github.com/MarkWestbroek/Bitemporal_2026/bitemporal_go_API_v05/graph/generated.go:9431.33,9434.6 2 0
github.com/MarkWestbroek/Bitemporal_2026/bitemporal_go_API_v05/graph/generated.go:9436.4,9436.15 1 0
github.com/MarkWestbroek/Bitemporal_2026/bitemporal_go_API_v05/graph/generated.go:9436.15,9438.5 1 0
github.com/MarkWestbroek/Bitemporal_2026/bitemporal_go_API_v05/graph/generated.go:9439.4,9439.115 1 0
github.com/MarkWestbroek/Bitemporal_2026/bitemporal_go_API_v05/graph/generated.go:9441.3,9441.13 1 0
github.com/MarkWestbroek/Bitemporal_2026/bitemporal_go_API_v05/graph/generated.go:9441.13,9443.4 1 0
github.com/MarkWestbroek/Bitemporal_2026/bitemporal_go_API_v05/graph/generated.go:9443.9,9445.4 1 0
github.com/MarkWestbroek/Bitemporal_2026/bitemporal_go_API_v05/graph/generated.go:9448.2,9450.24 2 0
github.com/MarkWestbroek/Bitemporal_2026/bitemporal_go_API_v05/graph/generated.go:9450.24,9451.24 1 0
github.com/MarkWestbroek/Bitemporal_2026/bitemporal_go_API_v05/graph/generated.go:9451.24,9453.4 1 0
github.com/MarkWestbroek/Bitemporal_2026/bitemporal_go_API_v05/graph/generated.go:9456.2,9456.12 1 0
github.com/MarkWestbroek/Bitemporal_2026/bitemporal_go_API_v05/graph/generated.go:9459.220,9460.14 1 0
github.com/MarkWestbroek/Bitemporal_2026/bitemporal_go_API_v05/graph/generated.go:9460.14,9462.3 1 0
github.com/MarkWestbroek/Bitemporal_2026/bitemporal_go_API_v05/graph/generated.go:9463.2,9466.13 4 0
github.com/MarkWestbroek/Bitemporal_2026/bitemporal_go_API_v05/graph/generated.go:9466.13,9468.3 1 0
github.com/MarkWestbroek/Bitemporal_2026/bitemporal_go_API_v05/graph/generated.go:9469.2,9469.19 1 0
github.com/MarkWestbroek/Bitemporal_2026/bitemporal_go_API_v05/graph/generated.go:9469.19,9476.20 4 0
github.com/MarkWestbroek/Bitemporal_2026/bitemporal_go_API_v05/graph/generated.go:9476.20,9477.17 1 0
github.com/MarkWestbroek/Bitemporal_2026/bitemporal_go_API_v05/graph/generated.go:9477.17,9478.33 1 0
github.com/MarkWestbroek/Bitemporal_2026/bitemporal_go_API_v05/graph/generated.go:9478.33,9481.6 2 0
github.com/MarkWestbroek/Bitemporal_2026/bitemporal_go_API_v05/graph/generated.go:9483.4,9483.15 1 0
github.com/MarkWestbroek/Bitemporal_2026/bitemporal_go_API_v05/graph/generated.go:9483.15,9485.5 1 0
github.com/MarkWestbroek/Bitemporal_2026/bitemporal_go_API_v05/graph/generated.go:9486.4,9486.125 1 0
github.com/MarkWestbroek/Bitemporal_2026/bitemporal_go_API_v05/graph/generated.go:9488.3,9488.13 1 0
github.com/MarkWestbroek/Bitemporal_2026/bitemporal_go_API_v05/graph/generated.go:9488.13,9490.4 1 0
github.com/MarkWestbroek/Bitemporal_2026/bitemporal_go_API_v05/graph/generated.go:9490.9,9492.4 1 0
github.com/MarkWestbroek/Bitemporal_2026/bitemporal_go_API_v05/graph/generated.go:9495.2,9497.24 2 0
github.com/MarkWestbroek/Bitemporal_2026/bitemporal_go_API_v05/graph/generated.go:9497.24,9498.24 1 0
github.com/MarkWestbroek/Bitemporal_2026/bitemporal_go_API_v05/graph/generated.go:9498.24,9500.4 1 0
github.com/MarkWestbroek/Bitemporal_2026/bitemporal_go_API_v05/graph/generated.go:9503.2,9503.12 1 0
github.com/MarkWestbroek/Bitemporal_2026/bitemporal_go_API_v05/graph/generated.go:9506.204,9507.14 1 0
github.com/MarkWestbroek/Bitemporal_2026/bitemporal_go_API_v05/graph/generated.go:9507.14,9509.3 1 0
github.com/MarkWestbroek/Bitemporal_2026/bitemporal_go_API_v05/graph/generated.go:9510.2,9510.34 1 0
github.com/MarkWestbroek/Bitemporal_2026/bitemporal_go_API_v05/graph/generated.go:9513.202,9514.14 1 0
github.com/MarkWestbroek/Bitemporal_2026/bitemporal_go_API_v05/graph/generated.go:9514.14,9516.3 1 0
github.com/MarkWestbroek/Bitemporal_2026/bitemporal_go_API_v05/graph/generated.go:9517.2,9520.13 4 0
github.com/MarkWestbroek/Bitemporal_2026/bitemporal_go_API_v05/graph/generated.go:9520.13,9522.3 1 0
github.com/MarkWestbroek/Bitemporal_2026/bitemporal_go_API_v05/graph/generated.go:9523.2,9523.19 1 0
github.com/MarkWestbroek/Bitemporal_2026/bitemporal_go_API_v05/graph/generated.go:9523.19,9530.20 4 0
github.com/MarkWestbroek/Bitemporal_2026/bitemporal_go_API_v05/graph/generated.go:9530.20,9531.17 1 0
github.com/MarkWestbroek/Bitemporal_2026/bitemporal_go_API_v05/graph/generated.go:9531.17,9532.33 1 0
github.com/MarkWestbroek/Bitemporal_2026/bitemporal_go_API_v05/graph/generated.go:9532.33,9535.6 2 0
github.com/MarkWestbroek/Bitemporal_2026/bitemporal_go_API_v05/graph/generated.go:9537.4,9537.15 1 0
github.com/MarkWestbroek/Bitemporal_2026/bitemporal_go_API_v05/graph/generated.go:9537.15,9539.5 1 0
github.com/MarkWestbroek/Bitemporal_2026/bitemporal_go_API_v05/graph/generated.go:9540.4,9540.113 1 0
github.com/MarkWestbroek/Bitemporal_2026/bitemporal_go_API_v05/graph/generated.go:9542.3,9542.13 1 0
github.com/MarkWestbroek/Bitemporal_2026/bitemporal_go_API_v05/graph/generated.go:9542.13,9544.4 1 0
github.com/MarkWestbroek/Bitemporal_2026/bitemporal_go_API_v05/graph/generated.go:9544.9,9546.4 1 0
github.com/MarkWestbroek/Bitemporal_2026/bitemporal_go_API_v05/graph/generated.go:9549.2,9551.24 2 0
github.com/MarkWestbroek/Bitemporal_2026/bitemporal_go_API_v05/graph/generated.go:9551.24,9552.24 1 0
github.com/MarkWestbroek/Bitemporal_2026/bitemporal_go_API_v05/graph/generated.go:9552.24,9554.4 1 0
github.com/MarkWestbroek/Bitemporal_2026/bitemporal_go_API_v05/graph/generated.go:9557.2,9557.12 1 0
github.com/MarkWestbroek/Bitemporal_2026/bitemporal_go_API_v05/graph/generated.go:9560.198,9561.14 1 0
github.com/MarkWestbroek/Bitemporal_2026/bitemporal_go_API_v05/graph/generated.go:9561.14,9563.3 1 0
github.com/MarkWestbroek/Bitemporal_2026/bitemporal_go_API_v05/graph/generated.go:9564.2,9564.32 1 0
github.com/MarkWestbroek/Bitemporal_2026/bitemporal_go_API_v05/graph/schema.resolvers.go:19.119,22.16 3 0
github.com/MarkWestbroek/Bitemporal_2026/bitemporal_go_API_v05/graph/schema.resolvers.go:22.16,24.3 1 0
github.com/MarkWestbroek/Bitemporal_2026/bitemporal_go_API_v05/graph/schema.resolvers.go:25.2,31.16 3 0
github.com/MarkWestbroek/Bitemporal_2026/bitemporal_go_API_v05/graph/schema.resolvers.go:31.16,33.3 1 0
github.com/MarkWestbroek/Bitemporal_2026/bitemporal_go_API_v05/graph/schema.resolvers.go:35.2,36.28 2 0
github.com/MarkWestbroek/Bitemporal_2026/bitemporal_go_API_v05/graph/schema.resolvers.go:36.28,39.3 2 0
github.com/MarkWestbroek/Bitemporal_2026/bitemporal_go_API_v05/graph/schema.resolvers.go:40.2,40.28 1 0
github.com/MarkWestbroek/Bitemporal_2026/bitemporal_go_API_v05/graph/schema.resolvers.go:40.28,43.3 2 0
github.com/MarkWestbroek/Bitemporal_2026/bitemporal_go_API_v05/graph/schema.resolvers.go:45.2,49.8 1 0
github.com/MarkWestbroek/Bitemporal_2026/bitemporal_go_API_v05/graph/schema.resolvers.go:53.130,54.69 1 0
github.com/MarkWestbroek/Bitemporal_2026/bitemporal_go_API_v05/graph/schema.resolvers.go:58.88,59.69 1 0
github.com/MarkWestbroek/Bitemporal_2026/bitemporal_go_API_v05/graph/schema.resolvers.go:63.119,64.69 1 0
github.com/MarkWestbroek/Bitemporal_2026/bitemporal_go_API_v05/graph/schema.resolvers.go:68.130,69.69 1 0
github.com/MarkWestbroek/Bitemporal_2026/bitemporal_go_API_v05/graph/schema.resolvers.go:73.88,74.69 1 0
github.com/MarkWestbroek/Bitemporal_2026/bitemporal_go_API_v05/graph/schema.resolvers.go:78.128,79.75 1 0
github.com/MarkWestbroek/Bitemporal_2026/bitemporal_go_API_v05/graph/schema.resolvers.go:83.91,84.75 1 0
github.com/MarkWestbroek/Bitemporal_2026/bitemporal_go_API_v05/graph/schema.resolvers.go:88.137,89.81 1 0
github.com/MarkWestbroek/Bitemporal_2026/bitemporal_go_API_v05/graph/schema.resolvers.go:93.151,94.81 1 0
github.com/MarkWestbroek/Bitemporal_2026/bitemporal_go_API_v05/graph/schema.resolvers.go:98.137,99.81 1 0
github.com/MarkWestbroek/Bitemporal_2026/bitemporal_go_API_v05/graph/schema.resolvers.go:103.137,104.81 1 0
github.com/MarkWestbroek/Bitemporal_2026/bitemporal_go_API_v05/graph/schema.resolvers.go:108.137,109.81 1 0
github.com/MarkWestbroek/Bitemporal_2026/bitemporal_go_API_v05/graph/schema.resolvers.go:113.110,116.16 2 0
github.com/MarkWestbroek/Bitemporal_2026/bitemporal_go_API_v05/graph/schema.resolvers.go:116.16,118.3 1 0
github.com/MarkWestbroek/Bitemporal_2026/bitemporal_go_API_v05/graph/schema.resolvers.go:120.2,129.16 3 0
github.com/MarkWestbroek/Bitemporal_2026/bitemporal_go_API_v05/graph/schema.resolvers.go:129.16,131.3 1 0
github.com/MarkWestbroek/Bitemporal_2026/bitemporal_go_API_v05/graph/schema.resolvers.go:133.2,139.8 1 0
github.com/MarkWestbroek/Bitemporal_2026/bitemporal_go_API_v05/graph/schema.resolvers.go:143.121,147.16 3 0
github.com/MarkWestbroek/Bitemporal_2026/bitemporal_go_API_v05/graph/schema.resolvers.go:147.16,149.3 1 0
github.com/MarkWestbroek/Bitemporal_2026/bitemporal_go_API_v05/graph/schema.resolvers.go:152.2,152.24 1 0
github.com/MarkWestbroek/Bitemporal_2026/bitemporal_go_API_v05/graph/schema.resolvers.go:152.24,154.3 1 0
github.com/MarkWestbroek/Bitemporal_2026/bitemporal_go_API_v05/graph/schema.resolvers.go:155.2,155.30 1 0
github.com/MarkWestbroek/Bitemporal_2026/bitemporal_go_API_v05/graph/schema.resolvers.go:155.30,157.3 1 0
github.com/MarkWestbroek/Bitemporal_2026/bitemporal_go_API_v05/graph/schema.resolvers.go:158.2,158.26 1 0
github.com/MarkWestbroek/Bitemporal_2026/bitemporal_go_API_v05/graph/schema.resolvers.go:158.26,160.3 1 0
github.com/MarkWestbroek/Bitemporal_2026/bitemporal_go_API_v05/graph/schema.resolvers.go:161.2,161.25 1 0
github.com/MarkWestbroek/Bitemporal_2026/bitemporal_go_API_v05/graph/schema.resolvers.go:161.25,163.3 1 0
github.com/MarkWestbroek/Bitemporal_2026/bitemporal_go_API_v05/graph/schema.resolvers.go:165.2,166.16 2 0
github.com/MarkWestbroek/Bitemporal_2026/bitemporal_go_API_v05/graph/schema.resolvers.go:166.16,168.3 1 0
github.com/MarkWestbroek/Bitemporal_2026/bitemporal_go_API_v05/graph/schema.resolvers.go:170.2,176.8 1 0
github.com/MarkWestbroek/Bitemporal_2026/bitemporal_go_API_v05/graph/schema.resolvers.go:180.85,182.16 2 0
github.com/MarkWestbroek/Bitemporal_2026/bitemporal_go_API_v05/graph/schema.resolvers.go:182.16,184.3 1 0
github.com/MarkWestbroek/Bitemporal_2026/bitemporal_go_API_v05/graph/schema.resolvers.go:186.2,187.16 2 0
github.com/MarkWestbroek/Bitemporal_2026/bitemporal_go_API_v05/graph/schema.resolvers.go:187.16,189.3 1 0
github.com/MarkWestbroek/Bitemporal_2026/bitemporal_go_API_v05/graph/schema.resolvers.go:191.2,191.30 1 0
github.com/MarkWestbroek/Bitemporal_2026/bitemporal_go_API_v05/graph/schema.resolvers.go:195.89,198.16 3 0
github.com/MarkWestbroek/Bitemporal_2026/bitemporal_go_API_v05/graph/schema.resolvers.go:198.16,200.3 1 0
github.com/MarkWestbroek/Bitemporal_2026/bitemporal_go_API_v05/graph/schema.resolvers.go:203.2,204.28 2 0
github.com/MarkWestbroek/Bitemporal_2026/bitemporal_go_API_v05/graph/schema.resolvers.go:204.28,207.3 2 0
github.com/MarkWestbroek/Bitemporal_2026/bitemporal_go_API_v05/graph/schema.resolvers.go:208.2,208.28 1 0
github.com/MarkWestbroek/Bitemporal_2026/bitemporal_go_API_v05/graph/schema.resolvers.go:208.28,211.3 2 0
github.com/MarkWestbroek/Bitemporal_2026/bitemporal_go_API_v05/graph/schema.resolvers.go:212.2,216.8 1 0
github.com/MarkWestbroek/Bitemporal_2026/bitemporal_go_API_v05/graph/schema.resolvers.go:220.114,221.67 1 0
github.com/MarkWestbroek/Bitemporal_2026/bitemporal_go_API_v05/graph/schema.resolvers.go:225.89,226.57 1 0
github.com/MarkWestbroek/Bitemporal_2026/bitemporal_go_API_v05/graph/schema.resolvers.go:230.114,231.67 1 0
github.com/MarkWestbroek/Bitemporal_2026/bitemporal_go_API_v05/graph/schema.resolvers.go:235.95,236.63 1 0
github.com/MarkWestbroek/Bitemporal_2026/bitemporal_go_API_v05/graph/schema.resolvers.go:240.119,241.71 1 0
github.com/MarkWestbroek/Bitemporal_2026/bitemporal_go_API_v05/graph/schema.resolvers.go:245.104,246.69 1 0
github.com/MarkWestbroek/Bitemporal_2026/bitemporal_go_API_v05/graph/schema.resolvers.go:250.105,251.71 1 0
github.com/MarkWestbroek/Bitemporal_2026/bitemporal_go_API_v05/graph/schema.resolvers.go:255.104,256.69 1 0
github.com/MarkWestbroek/Bitemporal_2026/bitemporal_go_API_v05/graph/schema.resolvers.go:260.105,261.71 1 0
github.com/MarkWestbroek/Bitemporal_2026/bitemporal_go_API_v05/graph/schema.resolvers.go:265.104,266.69 1 0
github.com/MarkWestbroek/Bitemporal_2026/bitemporal_go_API_v05/graph/schema.resolvers.go:270.104,271.69 1 0
github.com/MarkWestbroek/Bitemporal_2026/bitemporal_go_API_v05/graph/schema.resolvers.go:275.99,276.67 1 0
github.com/MarkWestbroek/Bitemporal_2026/bitemporal_go_API_v05/graph/schema.resolvers.go:280.123,281.75 1 0
github.com/MarkWestbroek/Bitemporal_2026/bitemporal_go_API_v05/graph/schema.resolvers.go:285.87,286.55 1 0
github.com/MarkWestbroek/Bitemporal_2026/bitemporal_go_API_v05/graph/schema.resolvers.go:290.111,291.63 1 0
github.com/MarkWestbroek/Bitemporal_2026/bitemporal_go_API_v05/graph/schema.resolvers.go:295.83,298.16 3 0
github.com/MarkWestbroek/Bitemporal_2026/bitemporal_go_API_v05/graph/schema.resolvers.go:298.16,300.3 1 0
github.com/MarkWestbroek/Bitemporal_2026/bitemporal_go_API_v05/graph/schema.resolvers.go:302.2,308.8 1 0
github.com/MarkWestbroek/Bitemporal_2026/bitemporal_go_API_v05/graph/schema.resolvers.go:312.107,316.34 3 0
github.com/MarkWestbroek/Bitemporal_2026/bitemporal_go_API_v05/graph/schema.resolvers.go:316.34,318.3 1 0
github.com/MarkWestbroek/Bitemporal_2026/bitemporal_go_API_v05/graph/schema.resolvers.go:320.2,320.32 1 0
github.com/MarkWestbroek/Bitemporal_2026/bitemporal_go_API_v05/graph/schema.resolvers.go:320.32,322.3 1 0
github.com/MarkWestbroek/Bitemporal_2026/bitemporal_go_API_v05/graph/schema.resolvers.go:324.2,325.16 2 0
github.com/MarkWestbroek/Bitemporal_2026/bitemporal_go_API_v05/graph/schema.resolvers.go:325.16,327.3 1 0
github.com/MarkWestbroek/Bitemporal_2026/bitemporal_go_API_v05/graph/schema.resolvers.go:329.2,330.28 2 0
github.com/MarkWestbroek/Bitemporal_2026/bitemporal_go_API_v05/graph/schema.resolvers.go:330.28,338.3 1 0
github.com/MarkWestbroek/Bitemporal_2026/bitemporal_go_API_v05/graph/schema.resolvers.go:340.2,340.19 1 0
github.com/MarkWestbroek/Bitemporal_2026/bitemporal_go_API_v05/graph/schema.resolvers.go:344.48,344.79 1 0
github.com/MarkWestbroek/Bitemporal_2026/bitemporal_go_API_v05/graph/schema.resolvers.go:347.42,347.70 1 0
